tree
version=v4
num_class=1
num_tree_per_iteration=1
label_index=0
max_feature_idx=7
objective=regression
feature_names=lag_1 lag_2 lag_3 lag_24 lag_48 hour_of_day day_of_week is_weekend
feature_infos=[18:562] [18:562] [18:562] [18:562] [18:562] [0:23] [0:6] [0:1]
tree_sizes=2574 2599 2606 2603 2603 2606 2614 2608 2623 2610 2612 2617 2616 2614 2619 2629 2635 2644 2648 2647 2647 2649 2647 2654 2652 2667 2666 2674 2671 2680 2673 2670 2679 2682 2686 2674 2688 2697 2694 2702 2704 2691 2693 2709 2714 2690 2719 2724 2715 2688 2701 2722 2699 2721 2712 2726 2708 2717 2742 2723 2736 2735 2722 2742 2713 2718 2734 2741 2711 2727 2718 2727 2730 2733 2726 2752 2710 2751 2743 2723 2716 2739 2723 2715 2736 2733 2717 2747 2772 2727 2752 2741 2743 2754 2721 2726 2733 2753 2741 2755 2731 2739 2732 2764 2757 2738 2727 2756 2738 2753 2740 2742 2743 2730 2760 2741 2733 2763 2744 2737 2742 2752 2768 2732 2738 2744 2743 2768 2733 2725 2731 2743 2756 2741 2749 2751 2728 2746 2756 2768 2738 2749 2753 2740 2738 2736 2733 2746 2754 2769 2750 2770 2743 2756 2750 2734 2737 2750 2742 2762 2745 2746 2762 2744 2739 2729 2749 2737 2739 2740 2754 2754 2758 2765 2750 2751 2753 2743 2771 2742 2727 2748 2754 2762 2748 2739 2772 2746 2757 2751 2750 2756 2762 2741 2765 2769 2750 2761 2754 2750

Tree=0
num_leaves=31
num_cat=0
split_feature=0 0 0 2 0 0 0 1 0 2 2 5 0 0 5 0 0 0 0 0 1 0 5 5 4 6 0 0 0 0
split_gain=5.91852e+06 1.14326e+06 1.09113e+06 257720 172876 156606 142779 124673 116496 46090.1 41364.1 39828.7 29820.1 21836.5 21272.9 20189.9 20068.9 17358.9 17100.2 14214.1 12478.7 6778.86 6414.51 4370.69 3763.26 3743.49 3698.21 2764.76 2379.26 2159.94
threshold=187.41666666666669 309.04687500000006 101.63333333333335 103.59375000000001 248.14062500000003 68.968750000000014 391.21875000000006 70.418750000000017 141.12500000000003 152.20312500000003 231.75000000000003 8.5000000000000018 35.645833333333336 87.225000000000009 17.500000000000004 49.033333333333339 159.56250000000003 213.75000000000003 163.35000000000002 117.09583333333335 39.484375000000007 49.033333333333339 12.500000000000002 9.5000000000000018 156.50000000000003 2.5000000000000004 77.015625000000014 55.358333333333341 126.18750000000001 40.265625000000007
decision_type=2 2 2 2 2 2 2 2 2 2 2 2 2 2 2 2 2 2 2 2 2 2 2 2 2 2 2 2 2 2
left_child=2 4 5 16 9 11 14 -7 19 22 -6 15 -13 26 -3 29 25 -11 -10 -5 -14 -22 -2 -23 -20 -4 -9 -17 -21 -1
right_child=1 6 3 8 10 7 -8 13 18 17 -12 12 20 -15 -16 27 -18 -19 24 28 21 23 -24 -25 -26 -27 -28 -29 -30 -31
leaf_value=116.67646973096183 138.18350768558128 149.95990876307292 130.60580652011024 124.10312277143738 144.61207965910944 128.19312468826948 157.20577626452632 120.60708606564793 127.47554350834595 131.61809195213328 138.78450265509176 117.98329954004842 123.90153603011132 122.7558929861116 145.5577442011714 118.56185468721547 134.79263460310244 134.50631320401604 129.1017606345012 125.14649841662444 119.61435323866151 122.74888447594586 135.7661852669261 120.77343554227636 130.68060724409364 132.20096780927918 121.50828813263639 119.55889259421201 126.10016940769538 117.77572216233783
leaf_weight=33 21 23 31 125 21 34 26 81 69 46 29 26 22 144 21 37 24 38 36 47 20 24 23 21 26 28 104 112 59 39
leaf_count=33 21 23 31 125 21 34 26 81 69 46 29 26 22 144 21 37 24 38 36 47 20 24 23 21 26 28 104 112 59 39
internal_value=126.501 140.504 123.46 127.329 136.246 120.99 151.331 122.428 126.176 134.298 141.232 119.428 120.955 121.832 147.859 118.647 132.355 132.925 128.559 124.825 121.843 121.146 136.92 121.827 129.764 131.363 121.114 119.311 125.677 117.272
internal_weight=1390 248 1142 445 178 697 70 363 362 128 50 334 113 329 44 221 83 84 131 231 87 65 44 45 62 59 185 149 106 72
internal_count=1390 248 1142 445 178 697 70 363 362 128 50 334 113 329 44 221 83 84 131 231 87 65 44 45 62 59 185 149 106 72
is_linear=0
shrinkage=1


Tree=1
num_leaves=31
num_cat=0
split_feature=0 0 0 2 0 0 0 0 1 2 2 5 0 0 4 0 0 0 0 0 1 2 0 0 2 5 0 0 0 0
split_gain=4.794e+06 926039 886287 238708 140388 118413 115651 91906.7 78446.6 42764.3 36083.2 30610 23557.8 19512.5 18564.7 17078.2 15573.6 15470 12160.2 10622.7 10535.5 6279.03 5120.56 5071.45 3240.44 2485.87 2394.57 2078.56 2051.61 1792.54
threshold=187.41666666666669 309.04687500000006 95.920833333333363 97.855468750000014 242.41666666666666 138.46875000000003 391.21875000000006 67.77500000000002 68.416666666666686 203.18020833333335 152.20312500000003 8.5000000000000018 35.645833333333336 159.56250000000003 127.18958333333335 116.09375000000001 49.033333333333339 157.75000000000003 213.75000000000003 80.812500000000014 39.484375000000007 106.04687500000001 134.5588235294118 49.033333333333339 175.21875000000003 16.500000000000004 106.04687500000001 55.358333333333341 126.18750000000001 38.000000000000007
decision_type=2 2 2 2 2 2 2 2 2 2 2 2 2 2 2 2 2 2 2 2 2 2 2 2 2 2 2 2 2 2
left_child=2 4 7 13 10 15 14 11 -9 -6 21 16 -13 22 -3 26 29 -7 -12 -10 -14 -2 -4 -22 -19 -26 -5 -18 -17 -1
right_child=1 6 3 5 9 17 -8 8 19 -11 18 12 20 -15 -16 28 27 24 -20 -21 23 -23 -24 -25 25 -27 -28 -29 -30 -31
leaf_value=-8.9317427498953688 10.438855119185014 17.346906057993571 3.4211285823583601 -2.7734665728629904 16.695101890563965 0.58469848750469589 27.634229689378003 1.0427016125193664 -5.1661153429337139 10.867592441334445 4.605314959650455 -7.6659981947678792 -2.3395854256369852 7.4624034245808915 21.472155609130862 -1.2615914923804148 -7.1452984165500952 3.8253197312355045 7.0787439618791854 -3.9392547358095258 -6.1980500602722168 8.0213944026402064 5.2034435766714591 -4.2477703619003293 1.8065193421700423 3.1707319953224875 -2.0213202687052938 -6.2736722019740512 -0.39771209287422676 -7.9082243919372566
leaf_weight=28 22 24 40 94 20 60 26 28 131 34 46 26 22 24 20 56 37 20 35 153 20 21 27 40 34 22 77 105 54 44
leaf_count=28 22 24 40 94 20 60 26 28 131 34 46 26 22 24 20 56 37 20 35 153 20 21 27 40 34 22 77 105 54 44
internal_value=1.74176e-08 12.6023 -2.73675 0.37545 8.77025 -0.637187 22.3466 -5.23043 -4.00728 13.0259 6.91697 -6.41559 -5.04314 5.01578 19.222 -1.80951 -7.10824 1.78504 5.67408 -4.50517 -4.2115 9.25823 4.13937 -4.89786 2.73269 2.34246 -2.43478 -6.50079 -0.837505 -8.30626
internal_weight=1390 248 1142 508 178 417 70 634 312 54 124 322 108 91 44 281 214 136 81 284 82 43 67 60 76 56 171 142 110 72
internal_count=1390 248 1142 508 178 417 70 634 312 54 124 322 108 91 44 281 214 136 81 284 82 43 67 60 76 56 171 142 110 72
is_linear=0
shrinkage=0.1


Tree=2
num_leaves=31
num_cat=0
split_feature=0 0 0 2 0 0 0 1 0 2 2 2 5 0 0 0 0 0 0 1 0 0 5 1 0 2 5 3 0 5
split_gain=3.88919e+06 894145 587926 168487 149249 94052.1 74444.4 63541.7 60152.1 37245.3 34639.1 25257.2 24794.1 22643.6 19081.8 12614.6 9246.99 9209.52 8680.21 8533.76 7946.47 7551.16 4631.2 3361.63 2289.43 1999.84 1867.25 1848.63 1732.11 1686.81
threshold=175.21875000000003 309.04687500000006 95.920833333333363 97.855468750000014 242.41666666666666 396.83333333333343 67.77500000000002 68.416666666666686 129.80000000000004 114.18750000000001 203.18020833333335 353.25000000000006 8.5000000000000018 216.08333333333334 35.645833333333336 49.033333333333339 155.23333333333338 134.5588235294118 78.718750000000014 39.484375000000007 190.33333333333334 108.95208333333336 9.5000000000000018 99.848345588235304 87.225000000000009 81.260416666666671 16.500000000000004 153.75000000000003 56.937500000000007 16.500000000000004
decision_type=2 2 2 2 2 2 2 2 2 2 2 2 2 2 2 2 2 2 2 2 2 2 2 2 2 2 2 2 2 2
left_child=2 4 6 17 9 11 12 -8 21 25 -6 -3 15 20 -14 -1 26 -4 -9 -16 -11 -5 -21 -19 -20 -2 -10 -22 -17 -23
right_child=1 5 3 8 10 -7 7 18 16 13 -12 -13 14 -15 19 28 -18 23 24 22 27 29 -24 -25 -26 -27 -28 -29 -30 -31
leaf_value=-7.4756337112850622 9.0505466842651376 20.231357610793342 3.0790157473087314 -2.3974313862067609 15.02559181213379 25.526226806640626 0.9384314424225263 -4.7551549299047631 -0.30227397297819458 2.8705776380526054 9.7808331096873573 15.607313283284507 -6.8993983048659109 6.9334678314827585 -2.1056268683888697 -6.3552534186321763 1.8403265146648182 6.141623916625977 -3.9862859615059785 -3.6655592346191406 4.0101407623291019 -1.9123898088932039 -5.4476023254394539 4.3081493949890142 -3.262785420792826 7.6363909816741939 0.61924031085746245 5.2217621466692759 -5.6089461684226993 -1.069491283012473
leaf_weight=72 20 21 40 121 20 22 28 109 45 37 34 27 26 37 22 46 51 20 86 35 20 32 25 20 89 20 43 34 96 92
leaf_count=72 20 21 40 121 20 22 28 109 45 37 34 27 26 37 22 46 51 20 86 35 20 32 25 20 89 20 43 34 96 92
internal_value=-2.13724e-08 10.2573 -2.7278 -0.0229334 7.14996 20.1119 -4.70739 -3.60655 -0.892701 5.67995 11.7233 17.6303 -5.77403 4.8476 -4.53882 -6.39741 0.768933 4.15195 -4.05465 -3.79035 3.9995 -1.83542 -4.40808 5.22489 -3.61833 8.34347 0.148011 4.77301 -5.85071 -1.28701
internal_weight=1390 292 1098 464 222 70 634 312 384 168 54 48 322 128 108 214 139 80 284 82 91 245 60 40 175 40 88 54 142 124
internal_count=1390 292 1098 464 222 70 634 312 384 168 54 48 322 128 108 214 139 80 284 82 91 245 60 40 175 40 88 54 142 124
is_linear=0
shrinkage=0.1


Tree=3
num_leaves=31
num_cat=0
split_feature=0 0 0 2 0 0 0 2 0 2 2 0 2 5 6 0 0 0 0 0 0 0 1 3 5 0 2 0 3 0
split_gain=3.15024e+06 726338 476220 136474 133577 67209.9 60693.6 59503.4 49020.1 31727.4 26466.3 19972.6 16997.5 16800.2 15575.8 10952.8 9184.49 7470.73 7459.71 5927 5708.58 4454.65 2722.92 2416.35 2052.49 1866.23 1502.72 1383.81 1354.71 1233.84
threshold=175.21875000000003 314.00000000000006 95.920833333333363 97.855468750000014 248.14062500000003 396.83333333333343 62.966666666666669 65.077450980392172 126.18750000000001 114.18750000000001 216.08333333333334 213.75000000000003 363.46875000000006 8.5000000000000018 5.5000000000000009 78.718750000000014 150.17187500000003 48.031250000000007 134.5588235294118 41.203125000000007 190.33333333333334 108.95208333333336 99.848345588235304 190.33333333333334 16.500000000000004 87.640625000000014 196.25000000000003 195.09791666666669 150.70000000000002 73.958333333333357
decision_type=2 2 2 2 2 2 2 2 2 2 2 2 2 2 2 2 2 2 2 2 2 2 2 2 2 2 2 2 2 2
left_child=2 4 6 18 9 12 13 -8 21 27 -6 20 -3 17 19 29 24 -1 -4 -15 -11 -5 -20 -18 -10 -17 -22 -2 -13 -9
right_child=1 5 3 8 10 -7 7 15 16 11 -12 28 -14 14 -16 25 23 -19 22 -21 26 -23 -24 -25 -26 -27 -28 -29 -30 -31
leaf_value=-6.7952415755300812 7.0065080833435065 18.357257919311525 2.7711142385005951 -2.157688285102529 13.761735916137695 22.973604167591443 0.64881921862110947 -4.5835717446037698 -0.75062409507877692 2.5835198789029512 9.1772657506606148 5.5602461771531537 14.409976069132487 -4.5636318874359132 -5.8611188218400292 -3.5666773257048234 0.98928675870506133 -5.4494757669622249 5.5274614524841317 -2.3941309697487774 4.8959287452697753 -1.2697673588428859 3.8773344588279728 2.2317514458428263 0.25243155973799086 -2.9126905464264286 3.7691888743433459 8.168775740123932 6.6578721087911861 -3.9730941285478312
leaf_weight=66 20 20 40 121 20 22 33 112 34 37 34 22 24 20 37 92 49 110 20 34 20 106 20 23 51 83 29 21 23 47
leaf_count=66 20 20 40 121 20 22 33 112 34 37 34 22 24 20 37 92 49 110 20 34 20 106 20 23 51 83 29 21 23 47
internal_value=1.0017e-08 9.23155 -2.45502 -0.0206401 6.53632 18.4607 -4.23665 -3.4021 -0.803431 5.17411 10.8752 4.41429 16.2042 -5.38376 -4.2806 -3.80234 0.555147 -5.95414 3.73676 -3.19765 3.52111 -1.74306 4.7024 1.38619 -0.148791 -3.2565 4.22908 7.60182 6.12125 -4.40312
internal_weight=1390 292 1098 464 226 66 634 367 384 172 54 131 44 267 91 334 157 176 80 54 86 227 40 72 85 175 49 41 45 159
internal_count=1390 292 1098 464 226 66 634 367 384 172 54 131 44 267 91 334 157 176 80 54 86 227 40 72 85 175 49 41 45 159
is_linear=0
shrinkage=0.1


Tree=4
num_leaves=31
num_cat=0
split_feature=0 0 0 2 0 0 0 0 1 2 2 5 0 0 0 0 2 4 0 0 0 6 1 5 0 5 4 0 0 2
split_gain=2.5535e+06 494763 472760 110359 82602.8 68588.1 55341.5 51102.8 50337.3 22949.7 21437.7 19036.6 15070.9 10834.7 9292.08 9060.93 8516.88 8114.82 7437.85 6579.35 4821 3159.8 2956.36 2474.91 2175.27 2052.73 2015.4 1840.12 1695.1 1669.44
threshold=187.41666666666669 314.00000000000006 101.63333333333335 103.59375000000001 248.14062500000003 72.218750000000014 391.21875000000006 150.17187500000003 73.164062500000014 152.20312500000003 216.08333333333334 8.5000000000000018 40.265625000000007 53.291666666666679 117.90625000000001 159.56250000000003 45.300000000000004 122.60937500000001 222.65000000000003 87.225000000000009 167.68750000000003 2.5000000000000004 167.68750000000003 10.500000000000002 41.203125000000007 16.500000000000004 156.50000000000003 201.30000000000004 132.62500000000003 194.12500000000003
decision_type=2 2 2 2 2 2 2 2 2 2 2 2 2 2 2 2 2 2 2 2 2 2 2 2 2 2 2 2 2 2
left_child=2 4 5 15 9 11 17 14 -7 22 -6 13 -13 24 -5 21 -14 -3 27 -10 29 -4 -2 -18 -1 -16 -22 -11 -27 -9
right_child=1 6 3 7 10 8 -8 20 19 18 -12 12 16 -15 25 -17 23 -19 -20 -21 26 -23 -24 -25 -26 28 -28 -29 -30 -31
leaf_value=-6.4560525845258674 7.7573448347008753 12.855685005187988 2.4759453738889388 -1.5587918685032773 12.385562229156495 1.4241390454358069 20.206270335270808 1.4217405047486811 -3.4123282793405894 2.7064271885156632 8.2595394583309396 -5.2104764474065686 -1.1243778645992279 -4.5253057941112642 -0.87188430602351819 5.4760437766710917 -2.8611388136289624 15.704337539672853 5.4507709780643729 -2.4628813929027982 1.7813046944992885 3.9414803658212936 6.1162581125895183 -4.0878037978862896 -5.4868313571863006 -0.40518279797872725 3.0446511724720833 3.9088435132162918 0.54926487435897198 0.27033645927906041
leaf_weight=39 23 20 31 130 20 29 26 34 148 20 34 38 22 153 48 24 38 20 29 144 28 28 21 29 57 49 23 35 30 20
leaf_count=39 23 20 31 130 20 29 26 34 148 20 34 38 22 153 48 24 38 20 29 144 28 28 21 29 57 49 23 35 30 20
internal_value=-2.67111e-08 9.19746 -1.99735 0.549036 6.50773 -3.62309 16.6146 -0.205028 -2.54947 5.12399 9.7877 -4.53966 -3.54334 -5.04782 -0.964472 3.83784 -2.83153 14.28 4.15489 -2.94411 1.6538 3.17145 6.9741 -3.39208 -5.88058 -0.356114 2.35105 3.4716 -0.0427343 0.995295
internal_weight=1390 248 1142 445 182 697 66 362 321 128 54 376 127 249 257 83 89 40 84 292 105 59 44 67 96 127 51 55 79 54
internal_count=1390 248 1142 445 182 697 66 362 321 128 54 376 127 249 257 83 89 40 84 292 105 59 44 67 96 127 51 55 79 54
is_linear=0
shrinkage=0.1


Tree=5
num_leaves=31
num_cat=0
split_feature=0 0 0 2 0 0 0 1 0 2 2 5 2 0 0 0 0 5 0 0 2 0 0 6 2 4 0 0 0 5
split_gain=2.06834e+06 400758 382935 89390.4 66908.2 55732.3 45237.5 44024.5 41844.4 18589.3 17364.6 13681.8 12395.6 11736.6 7651.87 7350.25 6992.68 6957.06 6453.82 6088.98 6007.25 5039.28 2764.59 2737.35 2469.83 1817.41 1814.16 1805.86 1303.96 1248.72
threshold=187.41666666666669 314.00000000000006 101.63333333333335 103.59375000000001 248.14062500000003 68.968750000000014 396.83333333333343 70.418750000000017 141.12500000000003 152.20312500000003 216.08333333333334 8.5000000000000018 363.46875000000006 35.645833333333336 85.109375000000014 157.75000000000003 53.291666666666679 11.500000000000002 163.35000000000002 225.12500000000003 45.300000000000004 116.09375000000001 52.984375000000007 2.5000000000000004 99.848345588235304 156.50000000000003 201.30000000000004 40.265625000000007 92.458333333333357 16.500000000000004
decision_type=2 2 2 2 2 2 2 2 2 2 2 2 2 2 2 2 2 2 2 2 2 2 2 2 2 2 2 2 2 2
left_child=2 4 5 15 9 11 12 -7 21 24 -6 16 -3 -13 -9 23 27 20 -10 26 -15 -5 -22 -4 -2 -20 -11 -1 -16 -23
right_child=1 6 3 8 10 7 -8 14 18 19 -12 13 -14 17 28 -17 -18 -19 25 -21 22 29 -24 -25 -26 -27 -28 -29 -30 -31
leaf_value=-5.8917858701763741 7.060771042960031 14.9405424118042 2.1725314551591874 -1.4592172556910024 11.147006301879884 1.0226877575849787 18.655616205388849 -3.2291716359910509 0.57782781970673713 2.4357845184206965 7.4335852959576769 -5.1621831013606148 11.56969698270162 -0.88716047893870964 -2.588905042920794 4.8874191226959232 -4.157699032592773 -4.3261089960734047 1.5235133813487161 5.1259418529012928 -3.7405330385480613 -1.003519356653497 -2.1535664288893992 3.5473322970526562 5.5607880550882101 2.6207099171785213 3.5974885591646522 -4.9786183917333213 -2.0148213900052587 -0.2981234479838839
leaf_weight=33 21 20 30 116 20 34 22 168 69 20 34 26 24 22 70 25 125 21 36 23 21 37 23 28 23 26 41 63 91 78
leaf_count=33 21 20 30 116 20 34 22 168 69 20 34 26 24 22 70 25 125 21 36 23 21 37 23 28 23 26 41 63 91 78
internal_value=-1.86482e-08 8.27771 -1.79761 0.494132 5.85695 -3.26078 14.9531 -2.40303 -0.184525 4.61159 8.80893 -4.19299 13.1019 -3.29793 -2.75706 3.45406 -4.65065 -2.74079 1.24317 3.7394 -2.23638 -0.994169 -2.91098 2.83623 6.27669 1.98363 3.2166 -5.29252 -2.26442 -0.525077
internal_weight=1390 248 1142 445 182 697 66 363 362 128 54 334 44 113 329 83 221 87 131 84 66 231 44 58 44 62 61 96 161 115
internal_count=1390 248 1142 445 182 697 66 363 362 128 54 334 44 113 329 83 221 87 131 84 66 231 44 58 44 62 61 96 161 115
is_linear=0
shrinkage=0.1


Tree=6
num_leaves=31
num_cat=0
split_feature=0 0 0 2 0 0 0 1 0 2 2 5 3 0 2 0 0 0 6 5 0 0 0 6 1 2 3 4 5 5
split_gain=1.6771e+06 391755 253811 72501.2 54987.6 46364.1 33954.4 33091.9 26444.4 22288.8 16670.6 9957.87 8615.15 6067.33 5674.07 5598.13 5005.69 4282.95 4177.64 6044.45 4158.68 3746.99 3563.69 1963.62 1505.86 1480.91 1230.22 1147.38 1091.88 1091.41
threshold=175.21875000000003 290.98437500000006 95.920833333333363 97.855468750000014 382.67187500000006 227.00000000000003 62.966666666666669 64.234375000000014 131.06250000000003 188.75000000000003 124.35625000000002 15.500000000000002 79.13333333333334 78.718750000000014 50.039062500000007 201.30000000000004 141.12500000000003 257.26562500000006 5.5000000000000009 8.5000000000000018 44.593750000000007 155.23333333333338 116.09375000000001 5.5000000000000009 68.416666666666686 81.885416666666671 142.50000000000003 190.33333333333334 6.5000000000000009 16.500000000000004
decision_type=2 2 2 2 2 2 2 2 2 2 2 2 2 2 2 2 2 2 2 2 2 2 2 2 2 2 2 2 2 2
left_child=2 5 6 16 11 10 12 -8 22 -7 25 -3 18 -9 -14 26 24 -11 19 20 -1 29 28 -16 -4 -2 -12 -17 -5 -10
right_child=1 4 3 8 -6 9 7 13 21 17 15 -13 14 -15 23 27 -18 -19 -20 -21 -22 -23 -24 -25 -26 -27 -28 -29 -30 -31
leaf_value=-5.1823667229546446 5.7806916570663454 12.380825271606447 2.5939358619543222 -1.8629589080810547 16.00662742614746 9.4745489978790296 0.50399241175721676 -3.2203958475137058 -0.21062960901925731 4.503122375322425 1.4686813300848007 9.5363979816436775 -1.5577894151210785 -2.3655784345354354 -2.9624844396710399 3.1709746656879303 3.6933723881840708 6.5040296745300301 -5.5787290226329453 -2.8237234210968021 -4.0300188212718782 1.2284438612414341 -0.63779083250090485 -4.2578603267669681 1.4698082566261292 4.5917461319403214 2.4570835976039662 4.1424745035171515 -1.2931196178436279 0.51989477379963955
leaf_weight=45 20 20 26 46 30 20 34 158 43 23 20 32 20 175 25 31 32 20 22 30 103 51 80 22 22 22 34 20 125 39
leaf_count=45 20 20 26 46 30 20 34 158 43 23 20 32 20 175 25 31 32 20 22 30 103 51 80 22 22 22 34 20 125 39
internal_value=-1.09239e-09 6.73568 -1.79127 -0.01406 12.5973 4.44686 -3.09195 -2.46775 -0.584609 6.71656 3.47413 10.6304 -3.94994 -2.77117 -2.96852 2.80061 2.72458 5.43378 -4.27871 -4.11803 -4.38039 0.555409 -1.18868 -3.56883 2.07871 5.15791 2.09101 3.55195 -1.44641 0.136815
internal_weight=1390 292 1098 464 82 210 634 367 384 63 147 52 267 333 67 105 80 43 200 178 148 133 251 47 48 42 54 51 171 82
internal_count=1390 292 1098 464 82 210 634 367 384 63 147 52 267 333 67 105 80 43 200 178 148 133 251 47 48 42 54 51 171 82
is_linear=0
shrinkage=0.1


Tree=7
num_leaves=31
num_cat=0
split_feature=0 0 0 2 0 0 0 0 1 2 2 5 0 2 0 2 0 6 0 0 2 0 5 1 5 5 0 5 5 0
split_gain=1.35991e+06 266344 252050 60134.3 43329.7 37649.2 30403.8 28845.8 27413.2 13690 12296.8 11369.5 10288.2 8516.54 7322.75 6767.92 6709.32 5866.29 4974.22 3654.71 3063.44 2567.74 2357.92 2330.71 1978.55 1862.29 1440.41 1300.8 1116.2 740.945
threshold=187.41666666666669 314.00000000000006 101.63333333333335 84.763764880952394 242.41666666666666 75.503968253968267 396.83333333333343 150.17187500000003 76.130208333333343 203.18020833333335 152.20312500000003 8.5000000000000018 48.031250000000007 363.46875000000006 157.75000000000003 64.234375000000014 55.358333333333341 5.5000000000000009 122.88970588235296 213.75000000000003 138.46875000000003 92.458333333333357 16.500000000000004 167.68750000000003 14.500000000000002 11.500000000000002 38.000000000000007 16.500000000000004 16.500000000000004 111.65625000000001
decision_type=2 2 2 2 2 2 2 2 2 2 2 2 2 2 2 2 2 2 2 2 2 2 2 2 2 2 2 2 2 2
left_child=2 4 5 14 10 11 13 18 -7 -6 23 16 17 -3 25 -14 26 -13 28 -12 -9 -10 24 -2 -22 -4 -1 -20 -5 -30
right_child=1 6 3 7 9 8 -8 20 21 -11 19 12 15 -15 -16 -17 -18 -19 27 -21 22 -23 -24 -25 -26 -27 -28 -29 29 -31
leaf_value=-4.8584605489458355 5.7366017631862478 12.160427036285402 2.8451116153655356 -1.5227157316709821 9.0339366367885052 1.4732354092101256 15.189392575350675 2.3401181405782703 -2.2878910182504093 5.8372098664979681 2.3718206975123155 -2.5020191907882694 -0.77581156469467616 9.3663576920827225 4.6222537612915042 -2.6064573344977009 -3.2266856889783244 -4.5146130100886026 -0.58721943795680998 3.7278085735866 1.2825117145265852 -1.6297025282304365 1.7600764256936534 4.2605586147308356 0.1683436986562368 1.6473912449110124 -4.0264386730429562 0.1514789123656386 -1.1199035567395828 -0.62114173781197035
leaf_weight=28 23 20 34 38 21 24 22 20 170 37 46 28 36 24 20 46 163 30 40 35 28 91 27 20 37 21 81 59 68 53
leaf_count=28 23 20 34 38 21 24 22 20 170 37 46 28 36 24 20 46 163 30 40 35 28 91 27 20 37 21 81 59 68 53
internal_value=1.11748e-08 6.71205 -1.45761 0.401683 4.73857 -2.64467 12.1541 -0.12169 -1.76101 6.99465 3.68331 -3.25595 -2.52372 10.6364 2.98365 -1.80276 -3.63282 -3.54302 -0.703444 2.95774 1.21842 -2.05841 0.974577 5.05007 0.648293 2.3878 -4.24017 -0.146985 -1.04992 -0.901438
internal_weight=1390 248 1142 445 182 697 66 370 285 58 124 412 140 44 75 82 272 58 258 81 112 261 92 43 65 55 109 99 159 121
internal_count=1390 248 1142 445 182 697 66 370 285 58 124 412 140 44 75 82 272 58 258 81 112 261 92 43 65 55 109 99 159 121
is_linear=0
shrinkage=0.1


Tree=8
num_leaves=31
num_cat=0
split_feature=0 0 0 0 2 0 1 2 0 0 6 5 0 3 1 0 0 0 0 0 1 0 6 2 3 5 0 5 2 3
split_gain=1.10298e+06 260154 165917 53526.6 47278.4 22629.2 22043.3 18805 17386.1 13260.4 11701.4 11540.1 8209.06 6081.53 5151.91 4025.78 3942.66 2492.27 2410.1 2402.02 1843.96 1780.36 1715.31 1042.08 1007.33 1101.32 999.222 938.683 856.953 790.502
threshold=175.21875000000003 263.68333333333339 95.920833333333363 341.78125000000006 97.855468750000014 62.966666666666669 64.234375000000014 114.18750000000001 131.06250000000003 396.83333333333343 3.5000000000000004 15.500000000000002 213.75000000000003 73.740823412698418 41.203125000000007 75.503968253968267 128.43750000000003 41.203125000000007 108.95208333333336 155.23333333333338 99.848345588235304 190.33333333333334 5.5000000000000009 85.109375000000014 48.406250000000007 7.5000000000000009 88.984126984127002 16.500000000000004 40.265625000000007 216.08333333333334
decision_type=2 2 2 2 2 2 2 2 2 2 2 2 2 2 2 2 2 2 2 2 2 2 2 2 2 2 2 2 2 2
left_child=2 7 5 11 16 13 -7 10 18 -5 -2 -3 21 17 -15 23 -4 28 -6 29 -18 -9 -16 -8 -19 -26 -17 -20 -1 -10
right_child=1 3 4 9 8 6 15 12 19 -11 -12 -13 -14 14 22 26 20 24 27 -21 -22 -23 -24 -25 25 -27 -28 -29 -30 -31
leaf_value=-4.4763134765624999 3.4725651820500696 9.0556486303156074 1.4196643260618051 10.389704854147775 -1.2874844223999782 0.43072108683340693 -2.5613317115284575 1.5359941076587988 -0.081128749844886494 13.670452638105914 6.6654333656484432 6.0804506152868276 3.6153745174407961 -1.0850985438516365 -2.4547296913813406 -2.1290618670428243 3.4217379055917263 -3.5952213897705079 -1.1188712768694935 0.98675053744923835 2.1216248869895935 2.4549702359705559 -3.5294817094449642 -3.3477353477478027 -3.3321366021799488 -2.5347110731848357 -1.6656485262051435 -0.50742825347309306 -3.7299759578704839 0.61001530166553419
leaf_weight=25 24 22 36 28 121 34 107 37 59 22 22 32 56 20 33 135 24 50 34 51 20 49 27 20 43 29 71 96 40 23
leaf_count=25 24 22 36 28 121 34 107 37 59 22 22 32 56 20 33 135 24 50 34 51 20 49 27 20 43 29 71 96 40 23
internal_value=4.87787e-09 5.46242 -1.45267 9.47558 -0.0157547 -2.50429 -1.99471 3.24238 -0.47649 11.8332 4.99959 7.29257 2.67314 -3.20472 -2.47505 -2.24235 2.19578 -3.51688 -0.966296 0.44788 2.83078 2.0596 -2.93837 -2.68517 -3.25041 -3.01095 -1.96934 -0.667344 -4.01703 0.112729
internal_weight=1390 292 1098 104 464 634 367 188 384 50 46 54 142 267 80 333 80 187 251 133 44 86 60 127 122 72 206 130 65 82
internal_count=1390 292 1098 104 464 634 367 188 384 50 46 54 142 267 80 333 80 187 251 133 44 86 60 127 122 72 206 130 65 82
is_linear=0
shrinkage=0.1


Tree=9
num_leaves=31
num_cat=0
split_feature=0 0 0 0 2 5 2 3 6 0 0 2 0 0 2 0 0 0 5 5 5 5 0 0 0 5 5 5 1 2
split_gain=894139 234731 115718 40423.7 33156.3 19445.1 19384.9 18623.2 13194.9 10883.2 10474.7 8953.22 7264.78 7004.01 6782.76 3202.36 3124.85 2919.2 1770.73 5002.42 1684.27 3754.18 1385.17 1376.36 1279.96 1340.75 1203.19 1397.54 1194.92 1119.21
threshold=166.75000000000003 270.03125000000006 95.920833333333363 368.00000000000006 84.763764880952394 14.500000000000002 116.09375000000001 73.740823412698418 4.5000000000000009 126.18750000000001 205.37500000000003 42.925781250000007 79.531250000000014 57.518750000000004 87.640625000000014 134.5588235294118 48.031250000000007 314.00000000000006 16.500000000000004 14.500000000000002 16.500000000000004 13.500000000000002 150.17187500000003 106.04687500000001 29.921875000000004 8.5000000000000018 7.5000000000000009 14.500000000000002 64.86875000000002 103.59375000000001
decision_type=2 2 2 2 2 2 2 2 2 2 2 2 2 2 2 2 2 2 2 2 2 2 2 2 2 2 2 2 2 2
left_child=2 6 7 5 15 -3 8 13 -2 23 18 -9 16 24 -14 28 -13 -7 19 -8 21 -12 -11 -6 -1 -26 -18 -28 -4 -15
right_child=1 3 4 -5 9 17 10 11 -10 22 20 12 14 29 -16 -17 26 -19 -20 -21 -22 -23 -24 -25 25 -27 27 -29 -30 -31
leaf_value=-3.9889715941055961 3.2284590699170765 9.7134212493896488 1.889684499502182 11.465208648232853 -1.2285503930233894 5.2003891814838763 1.9570490618009826 0.19263615452724955 6.30580173405734 -0.063830282458992194 3.6925286213556925 -3.3979012592979099 0.37995315074920655 -2.2714888455031756 -1.6153381944739302 2.7526090620844457 -2.4573961657862511 6.8294433160261683 2.2156386146545413 0.12593677711486817 3.7844899749755863 1.9736111252396196 0.58237336225531722 -0.72864309396958893 -3.3482173025608066 -2.5386885386246902 -1.4525859817480429 -2.3442543983459472 0.79656127631664286 -3.0497122128804524
leaf_weight=23 38 21 20 34 94 22 37 23 22 86 24 23 20 154 115 27 62 22 25 25 25 27 54 133 96 26 39 32 20 21
leaf_count=23 38 21 20 34 94 22 37 23 22 86 24 23 20 154 115 27 62 22 25 25 25 27 54 133 96 26 39 32 20 21
internal_value=-5.51598e-09 4.61905 -1.39264 8.67127 -0.134537 7.20982 2.82009 -2.25386 4.35682 -0.507996 2.25442 -1.70672 -1.85685 -2.79073 -1.31974 1.91112 -2.32165 6.01492 1.50517 1.2187 3.11211 2.78251 0.18542 -0.935653 -3.3047 -3.17569 -2.13553 -1.85446 1.34312 -2.36488
internal_weight=1390 322 1068 99 434 65 223 634 60 367 163 314 291 320 135 67 156 44 87 62 76 51 140 227 145 122 133 71 40 175
internal_count=1390 322 1068 99 434 65 223 634 60 367 163 314 291 320 135 67 156 44 87 62 76 51 140 227 145 122 133 71 40 175
is_linear=0
shrinkage=0.1


Tree=10
num_leaves=31
num_cat=0
split_feature=0 0 0 2 5 0 0 0 1 2 2 5 6 1 0 0 0 0 0 0 1 0 3 1 4 3 2 3 2 5
split_gain=727026 145152 134289 34203.5 25516.3 20828.3 18936.3 16389.9 15883.7 12207.7 11820.1 6044.08 6085.77 5797.09 4125.29 3794.99 2822.29 2168.98 2131.47 2062.66 1931.8 1765.17 1115.34 2113.06 1050.68 985.446 930.091 862.316 718.733 695.639
threshold=187.41666666666669 309.04687500000006 99.848345588235304 84.763764880952394 15.500000000000002 230.25000000000003 70.448908730158749 141.12500000000003 64.234375000000014 188.75000000000003 396.83333333333343 8.5000000000000018 5.5000000000000009 167.68750000000003 157.75000000000003 263.68333333333339 49.033333333333339 163.35000000000002 84.763764880952394 117.90625000000001 68.416666666666686 216.08333333333334 58.864583333333336 57.518750000000004 156.50000000000003 150.70000000000002 112.04687500000001 190.33333333333334 79.731250000000003 16.500000000000004
decision_type=2 2 2 2 2 2 2 2 2 2 2 2 2 2 2 2 2 2 2 2 2 2 2 2 2 2 2 2 2 2
left_child=2 5 6 14 -3 13 11 19 -8 -7 -6 16 22 -2 20 -11 -1 27 -10 -5 -4 25 -13 -24 -19 -15 -20 -9 -18 -21
right_child=1 4 3 7 10 9 8 17 18 15 -12 12 -14 21 -16 -17 28 24 26 29 -22 -23 23 -25 -26 -27 -28 -29 -30 -31
leaf_value=-3.2892326196034753 3.9801135084845805 11.174939374570494 2.530720272064209 -0.85488962791110046 5.6327881119468 6.7610672973451162 0.86277973055839541 0.10484697569082393 -1.8939188156127931 2.9432894582333775 8.9496158054896764 -2.0402447342872621 -2.9170619848446968 1.3395438118414447 3.4158375525474547 4.723174227714539 -2.4542210858208797 0.80117018623767722 -1.2582852746558002 -0.62483284403052597 1.304950289759371 2.8724934911727908 -0.60396444826356832 -1.7915135053725078 1.6004205942153931 2.1727853471040723 -1.9919617414474489 0.841576150370141 -3.0815900257655553 -0.078359822149981162
leaf_weight=72 22 27 20 149 22 21 28 47 150 23 21 20 39 22 20 25 140 38 127 36 36 25 31 29 29 40 20 24 21 66
leaf_count=72 22 27 20 149 22 21 28 47 150 23 21 20 39 22 20 25 140 38 127 36 36 25 31 29 29 40 20 24 21 66
internal_value=4.50465e-09 4.90766 -1.06576 0.242683 8.76552 3.39053 -1.96447 -0.136406 -1.41407 4.75011 7.25263 -2.47266 -1.89283 2.52987 2.18302 3.87031 -2.76879 0.739002 -1.62872 -0.617706 1.74273 2.16315 -1.39352 -1.17795 1.14711 1.87712 -1.35811 0.353882 -2.53605 -0.271233
internal_weight=1390 248 1142 465 70 178 677 389 325 69 43 352 119 109 76 48 233 138 297 251 56 87 80 60 67 62 147 71 161 102
internal_count=1390 248 1142 465 70 178 677 389 325 69 43 352 119 109 76 48 233 138 297 251 56 87 80 60 67 62 147 71 161 102
is_linear=0
shrinkage=0.1


Tree=11
num_leaves=31
num_cat=0
split_feature=0 0 0 2 0 5 1 0 0 2 5 0 2 0 1 5 5 0 5 6 2 5 5 5 0 5 2 0 3 2
split_gain=589342 113736 111876 24526.8 22330.1 20668.2 15918.1 15507.6 10595.2 9574.24 8659.75 6642.6 6987.9 6542.24 5097.94 2768.04 2324.05 1771.95 1609.42 2719.42 1574.62 1820.9 1873.97 1485.79 1416.04 1199.37 2361.71 1151.31 906.786 738.076
threshold=190.33333333333334 107.29166666666667 309.04687500000006 68.416666666666686 81.43278769841271 15.500000000000002 68.416666666666686 231.75000000000003 141.12500000000003 396.83333333333343 13.500000000000002 49.033333333333339 51.953125000000007 141.12500000000003 171.30000000000004 8.5000000000000018 17.500000000000004 32.367187500000007 8.5000000000000018 5.5000000000000009 138.46875000000003 16.500000000000004 14.500000000000002 12.500000000000002 64.86875000000002 16.500000000000004 175.21875000000003 92.458333333333357 80.417968750000014 102.05468750000001
decision_type=2 2 2 2 2 2 2 2 2 2 2 2 2 2 2 2 2 2 2 2 2 2 2 2 2 2 2 2 2 2
left_child=1 4 7 13 11 -4 -6 14 28 -7 -9 17 -13 -3 -2 24 -12 -1 -19 -20 -10 22 -22 -17 -14 26 -16 29 -5 -8
right_child=2 3 5 8 6 9 27 10 20 -11 16 12 15 -15 25 23 -18 18 19 -21 21 -23 -24 -25 -26 -27 -28 -29 -30 -31
leaf_value=-3.2900198473249165 3.7286648468537766 1.3251095462477569 10.057445423691362 -1.0581772395968438 1.4583732991218568 5.0695092786442153 -1.3031313011381362 6.0199210149901257 1.3159932611792378 8.0546542213076631 2.7900353113810223 -0.02992139279842377 -2.3759839621834131 3.4033333505902976 2.5479565849304198 -0.99928328715837922 4.2607744043523619 -2.8123625200445002 -1.1898272559756327 -2.8191429948806768 0.79876855458650331 1.072390958241054 -0.16921021856367591 -1.8779003494664241 -1.8951211900201466 2.6876938343048096 1.289788453170174 -0.99976248346526053 -0.34398736488772558 -1.9615180015563967
leaf_weight=35 22 33 27 20 25 22 90 21 33 21 21 20 115 28 25 39 22 55 21 20 36 42 45 38 131 20 37 145 160 21
leaf_count=35 22 33 27 20 25 22 90 21 33 21 21 20 115 28 25 39 22 55 21 20 36 42 45 38 131 20 37 145 160 21
internal_value=1.55953e-09 -0.93592 4.53017 0.434332 -1.65644 7.88897 -0.950106 3.13066 0.0994282 6.52737 4.35541 -2.07517 -1.84382 2.27905 2.37698 -1.95613 3.54251 -2.68092 -2.45885 -1.98462 0.702624 0.538062 0.261003 -1.43289 -2.11991 2.01433 1.79711 -1.18531 -0.423342 -1.42769
internal_weight=1390 1152 238 397 755 70 281 168 336 43 64 474 343 61 104 323 43 131 96 41 156 123 81 77 246 82 62 256 180 111
internal_count=1390 1152 238 397 755 70 281 168 336 43 64 474 343 61 104 323 43 131 96 41 156 123 81 77 246 82 62 256 180 111
is_linear=0
shrinkage=0.1


Tree=12
num_leaves=31
num_cat=0
split_feature=0 0 0 2 0 0 0 2 1 0 2 3 2 0 2 5 5 6 5 5 0 0 5 3 0 4 0 1 5 5
split_gain=478962 102330 81812 23390.2 21123.2 12564.4 11629.1 11138.7 10815.2 8626.63 4732.33 4540.16 4451.73 4326.19 2630.81 2038.72 3096.02 1923.19 1663.46 2003.38 1400.69 1303.09 1276.73 1129.77 1077.6 1062.13 806.352 747.575 599.898 502.194
threshold=183.16666666666669 290.98437500000006 99.848345588235304 70.77500000000002 396.83333333333343 75.503968253968267 225.12500000000003 166.75000000000003 64.234375000000014 135.15625000000003 332.84375000000006 64.546875000000014 143.59375000000003 141.12500000000003 42.015625000000007 16.500000000000004 14.500000000000002 5.5000000000000009 8.5000000000000018 10.500000000000002 32.367187500000007 159.56250000000003 16.500000000000004 177.25000000000003 117.09583333333335 46.906250000000007 88.984126984127002 170.25000000000003 16.500000000000004 7.5000000000000009
decision_type=2 2 2 2 2 2 2 2 2 2 2 2 2 2 2 2 2 2 2 2 2 2 2 2 2 2 2 2 2 2
left_child=2 6 5 13 10 11 12 -8 -7 24 -3 20 -2 23 -13 16 -14 18 -16 -20 -1 27 -9 -4 28 -22 -10 -11 -5 -27
right_child=1 4 3 9 -6 8 7 22 26 21 -12 14 15 -15 17 -17 -18 -19 19 -21 25 -23 -24 -25 -26 29 -28 -29 -30 -31
leaf_value=-2.9187600604419051 2.7447182095050815 6.9620569451288752 1.7425199101865294 -1.0600444171163772 9.4172914158214223 1.1217675826379232 5.5298608064651491 2.2465533806727485 -1.4066059264430295 0.38233734939182018 5.1191216519004428 -0.60240341036216083 1.7289962580127101 2.8493100236963347 -1.861955226152793 2.2422861532731488 0.15641532682237172 -2.3924725082185532 -0.61430223026583275 -1.7422694683074953 -2.5175007639260127 0.76671906578721427 3.2816305160522461 0.67961275756359107 -0.26076855253342585 -2.135788894605033 -1.0409463079697496 -0.24864953628608158 -0.58868005115676814 -1.6893618828541523
leaf_weight=29 40 22 20 36 22 21 20 26 135 57 38 23 31 27 87 22 21 36 31 32 58 66 22 20 87 79 109 28 108 37
leaf_count=29 40 22 20 36 22 21 20 26 135 57 38 23 31 27 87 22 21 36 31 32 58 66 22 20 87 79 109 28 108 37
internal_value=-3.6008e-09 3.83363 -0.898826 0.147845 6.76674 -1.593 2.51212 3.54711 -1.05584 -0.154428 5.79486 -1.9385 1.89476 1.87125 -1.61134 1.43532 1.09392 -1.7361 -1.57857 -1.18724 -2.27533 0.433341 2.72096 1.21107 -0.53864 -2.1681 -1.24326 0.174483 -0.706521 -1.99339
internal_weight=1390 264 1126 449 82 677 182 68 265 382 60 412 114 67 209 74 52 186 150 63 203 151 48 40 231 174 244 85 144 116
internal_count=1390 264 1126 449 82 677 182 68 265 382 60 412 114 67 209 74 52 186 150 63 203 151 48 40 231 174 244 85 144 116
is_linear=0
shrinkage=0.1


Tree=13
num_leaves=31
num_cat=0
split_feature=0 0 0 0 2 5 0 1 2 6 0 5 0 3 6 0 0 5 5 0 5 5 3 0 4 2 5 0 5 2
split_gain=388430 93468.9 57745.1 21837.1 15745.2 10886.5 9989.37 13712.3 9021.39 7209.31 5747.86 3050.99 2757 2464.64 2020.42 1789.9 1666 2183.12 1522.16 1019.41 965.667 1771.94 866.941 863.403 841.607 694.444 669.437 645.915 608.878 531.648
threshold=175.21875000000003 270.03125000000006 97.377976190476204 368.00000000000006 84.763764880952394 14.500000000000002 55.358333333333341 47.093750000000007 114.18750000000001 3.5000000000000004 129.80000000000004 8.5000000000000018 205.37500000000003 121.87500000000001 2.5000000000000004 73.958333333333357 35.645833333333336 8.5000000000000018 10.500000000000002 155.23333333333338 16.500000000000004 13.500000000000002 71.162500000000009 84.375000000000014 72.38333333333334 107.29166666666667 14.500000000000002 113.66666666666669 16.500000000000004 84.375000000000014
decision_type=2 2 2 2 2 2 2 2 2 2 2 2 2 2 2 2 2 2 2 2 2 2 2 2 2 2 2 2 2 2
left_child=2 8 6 5 14 -3 16 -8 9 -2 22 15 26 -7 -4 29 24 -18 -13 28 21 -14 -6 -20 -1 -17 -10 -24 -12 -9
right_child=1 3 4 -5 10 13 7 11 12 -11 19 18 20 -15 -16 25 17 -19 23 -21 -22 -23 27 -25 -26 -27 -28 -29 -30 -31
leaf_value=-2.1609922222469162 1.9229582349459333 6.5387999534606935 0.84587362110614783 7.7931685756234561 -1.1803135550022126 4.454662926991781 1.285740986324492 -1.6801960541091803 1.4441427938640119 4.3740310266613962 -0.20826512788948803 -0.34434264525771141 2.357950923840205 2.951582245230675 1.9208011772897509 -1.1808977929690412 -2.2037199025804344 -1.3762497185468674 -1.4310558291042552 0.58921120494071932 2.4914468383789066 1.1770249876711103 -0.63616743029617684 -0.87951127551496033 -3.0075059771537784 -1.788077597184615 0.81954048884076036 -0.2751486679965473 0.31515076428998351 -2.2337374401092531
leaf_weight=23 24 21 34 34 20 24 21 131 32 24 46 32 24 20 36 131 88 50 51 56 25 27 123 64 24 22 37 83 43 20
leaf_count=23 24 21 34 34 20 24 21 131 32 24 46 32 24 20 36 131 88 50 51 56 25 27 123 64 24 22 37 83 43 20
internal_value=-4.227e-09 3.2416 -0.862064 5.73966 0.0230917 4.66551 -1.45621 -1.21209 1.96021 3.14849 -0.236456 -1.3284 1.56684 3.77144 1.39869 -1.50926 -2.07904 -1.90391 -0.954364 0.254946 1.98232 1.73275 -0.551735 -1.12411 -2.59325 -1.2682 1.10921 -0.490708 0.0446212 -1.75351
internal_weight=1390 292 1098 99 441 65 657 472 193 48 371 451 145 44 70 304 185 138 147 145 76 51 226 115 47 153 69 206 89 151
internal_count=1390 292 1098 99 441 65 657 472 193 48 371 451 145 44 70 304 185 138 147 145 76 51 226 115 47 153 69 206 89 151
is_linear=0
shrinkage=0.1


Tree=14
num_leaves=31
num_cat=0
split_feature=0 0 0 0 2 1 3 2 0 0 0 2 0 3 0 5 2 5 0 5 5 1 1 5 5 5 2 0 2 0
split_gain=316725 85561.9 39354.7 17907.4 14616.3 12272.8 8844.45 8476.71 9810.35 7385.95 3930.78 4194.74 3119.48 1540.41 1409.44 1229.78 1205.74 937.215 921.291 844.119 1100.49 818.554 793.984 790.582 1884.23 881.013 787.377 762.158 723.869 689.244
threshold=216.08333333333334 119.28125000000001 341.78125000000006 81.43278769841271 68.416666666666686 68.416666666666686 185.25000000000003 143.59375000000003 275.25000000000006 163.35000000000002 48.031250000000007 51.031250000000007 159.56250000000003 59.41875000000001 197.83333333333334 12.500000000000002 336.68750000000006 16.500000000000004 29.921875000000004 8.5000000000000018 12.500000000000002 38.000000000000007 216.08333333333334 16.500000000000004 14.500000000000002 12.500000000000002 124.35625000000002 141.12500000000003 188.75000000000003 103.27554563492065
decision_type=2 2 2 2 2 2 2 2 2 2 2 2 2 2 2 2 2 2 2 2 2 2 2 2 2 2 2 2 2 2
left_child=1 3 7 10 12 -5 -4 -2 17 27 18 -12 -3 -13 23 26 -10 -9 -1 -15 -21 -20 -16 24 25 -11 -7 -6 -29 -17
right_child=2 4 6 5 9 15 -8 8 16 14 11 13 -14 19 22 29 -18 -19 21 20 -22 -23 -24 -25 -26 -27 -28 28 -30 -31
leaf_value=-2.5075105496815273 4.8453395063226878 1.6042270660400391 5.3364475123087569 1.1866909998016699 -0.15978801072498341 -0.88842497572898871 8.0512903773784643 1.4978469807761057 4.4142348688840869 0.52209645665210225 0.02268814359392439 -1.7672579556095358 3.1954661217602816 -1.4227456952041051 1.8137052398461564 -0.80244096443057067 3.31617323666811 2.342872901189895 -1.3200492967258801 -0.59672430052476766 -1.3798443769153796 -2.014804851364445 0.98698515381131857 1.3042154355482622 -0.086367961943149565 1.3643259048461915 -1.4932617875245902 0.4805045162345849 -0.16783674817818861 -0.42544337845578489
leaf_weight=28 22 28 30 35 97 125 20 35 20 23 21 98 22 159 26 96 20 21 22 34 38 74 21 22 25 27 26 51 26 98
leaf_count=28 22 28 30 35 97 125 20 35 20 23 21 98 22 159 26 96 20 21 22 34 38 74 21 22 25 27 26 51 26 98
internal_value=-2.85762e-11 -0.559697 4.07113 -1.10898 0.715007 -0.597557 6.42238 3.07484 2.6691 0.465107 -1.51899 -1.34758 2.30437 -1.43505 0.994872 -0.778567 3.8652 1.81473 -2.0028 -1.29411 -1.01004 -1.85559 1.44432 0.777099 0.622478 0.9769 -0.992569 0.0266813 0.261584 -0.611999
internal_weight=1390 1222 168 854 368 380 50 118 96 318 474 350 50 329 144 345 40 56 124 231 72 96 47 97 75 50 151 174 77 194
internal_count=1390 1222 168 854 368 380 50 118 96 318 474 350 50 329 144 345 40 56 124 231 72 96 47 97 75 50 151 174 77 194
is_linear=0
shrinkage=0.1


Tree=15
num_leaves=31
num_cat=0
split_feature=0 0 0 0 2 1 3 2 0 0 0 1 6 0 0 5 0 2 5 5 2 5 0 4 3 5 2 1 5 6
split_gain=256548 69305.1 31877.3 14505 11839.2 9940.95 7215.57 6866.13 7946.39 6054.88 3287.5 3882.16 2756.42 1275.79 1051.89 1334.95 1019.13 976.649 967.225 2634.14 966.232 759.144 712.649 662.528 570.361 523.621 514.597 463.339 458.108 551.721
threshold=216.08333333333334 119.28125000000001 341.78125000000006 81.43278769841271 68.416666666666686 68.416666666666686 150.17187500000003 143.59375000000003 275.25000000000006 180.80208333333337 54.046875000000007 53.291666666666679 3.5000000000000004 141.12500000000003 35.645833333333336 8.5000000000000018 92.458333333333357 336.68750000000006 16.500000000000004 14.500000000000002 93.377083333333346 16.500000000000004 64.566964285714292 72.38333333333334 121.10000000000001 16.500000000000004 101.63333333333335 42.015625000000007 16.500000000000004 4.5000000000000009
decision_type=2 2 2 2 2 2 2 2 2 2 2 2 2 2 2 2 2 2 2 2 2 2 2 2 2 2 2 2 2 2
left_child=1 3 7 10 12 -5 -4 -2 21 13 14 -12 -3 25 23 -16 26 -10 19 -11 22 -9 -13 -1 -15 -6 -7 -17 29 -18
right_child=2 4 6 5 9 16 -8 8 17 18 11 20 -14 24 15 27 28 -19 -20 -21 -22 -23 -24 -25 -26 -27 -28 -29 -30 -31
leaf_value=-1.7358302012733793 4.3608055331490254 1.4157927598272053 4.3088636541366574 1.0680219066143035 -0.45304120991911206 -0.83416755227155459 6.7610012594858802 1.3480622754778182 3.9728113389015203 1.2775461317173074 0.17796145856380463 -1.4313491602947839 2.9115706227042462 0.025183916397583789 -1.8095132979750634 -0.76993152186274527 -0.62519581825396076 2.9845559358596803 1.6928013420104984 -0.013856318186629902 -1.9337886857986453 2.1085856119791671 -1.088290514060837 -2.4869019389152527 0.48794356687437923 0.030757245403384009 -1.3496046810150146 -1.4156911172866822 -0.48053008520525264 -1.2304283571243286
leaf_weight=23 22 28 20 35 35 86 30 35 20 56 20 95 22 39 80 20 61 20 20 22 20 21 167 24 84 62 25 25 153 20
leaf_count=23 22 28 20 35 35 86 30 35 20 56 20 95 22 39 80 20 61 20 20 22 20 21 167 24 84 62 25 25 153 20
internal_value=-1.347e-09 -0.503727 3.66402 -0.998086 0.643507 -0.537801 5.78015 2.76735 2.40219 0.418597 -1.36709 -1.16834 2.07394 0.127363 -1.71606 -1.56442 -0.700711 3.47868 1.07239 0.913304 -1.26382 1.63326 -1.21268 -2.11936 0.341215 -0.143809 -0.950257 -1.12869 -0.582336 -0.774636
internal_weight=1390 1222 168 854 368 380 50 118 96 318 474 302 50 220 172 125 345 40 98 78 282 56 262 47 123 97 111 45 234 81
internal_count=1390 1222 168 854 368 380 50 118 96 318 474 302 50 220 172 125 345 40 98 78 282 56 262 47 123 97 111 45 234 81
is_linear=0
shrinkage=0.1


Tree=16
num_leaves=31
num_cat=0
split_feature=0 0 0 0 2 1 6 2 0 1 0 1 0 2 0 0 0 6 5 5 5 6 6 5 5 5 5 5 2 0
split_gain=208261 58878.6 24591 11775.1 9232.37 8560.66 6151.86 9075.21 5742.48 5570.2 2541.59 4031.21 2428.36 1445.09 1033.39 1031.43 928.986 799.207 2437.78 692.577 2362.96 883.472 553.766 513.854 1166.78 726.81 424.133 414.247 389.596 376.444
threshold=222.65000000000003 119.28125000000001 368.00000000000006 79.531250000000014 68.416666666666686 68.416666666666686 3.5000000000000004 242.41666666666666 180.80208333333337 309.04687500000006 45.300000000000004 45.980468750000007 159.56250000000003 91.574156746031761 141.12500000000003 90.265625000000014 64.566964285714292 5.5000000000000009 8.5000000000000018 16.500000000000004 14.500000000000002 2.5000000000000004 5.5000000000000009 16.500000000000004 14.500000000000002 12.500000000000002 16.500000000000004 7.5000000000000009 100.70504712301589 197.83333333333334
decision_type=2 2 2 2 2 2 2 2 2 2 2 2 2 2 2 2 2 2 2 2 2 2 2 2 2 2 2 2 2 2
left_child=1 3 6 10 12 -5 -2 -8 14 -9 17 -12 -3 16 26 28 27 18 -1 20 21 -10 -17 24 25 -16 -6 -13 -7 -23
right_child=2 4 -4 5 8 15 7 9 19 -11 11 13 -14 -15 23 22 -18 -19 -20 -21 -22 29 -24 -25 -26 -27 -28 -29 -30 -31
leaf_value=-1.9105162290426401 1.4899082882650969 1.2488044508865901 5.8005017280578617 0.96985259619024067 -0.40773709103465078 -0.81538864888928164 4.6658146010977886 1.5684866003692151 1.7440743660926821 3.3939101873125348 0.19313249289989473 -1.443181696805087 2.6527523317120294 -1.969396508258322 0.15449097526484523 -0.48608025527079202 -0.97287740002270628 -2.1616098513970008 -0.70888584250211717 1.5204154150826592 0.011218099231305331 0.62208175539970401 -0.96513482729593914 0.62483605573264267 -0.26026880608664621 0.91671953743154355 0.027681521332687548 -1.1028643686324358 -1.3043367958068848 1.2095111017425857
leaf_weight=52 29 28 34 36 35 88 28 32 20 35 22 99 22 23 29 227 153 26 25 21 23 20 27 36 36 22 62 56 20 24
leaf_count=52 29 28 34 36 35 88 28 32 20 35 22 99 22 23 29 227 153 26 25 21 23 20 27 36 36 22 62 56 20 24
internal_value=-1.35945e-09 -0.438349 3.41801 -0.898277 0.600749 -0.500817 2.76475 3.15391 0.407793 2.52207 -1.24518 -1.11766 1.86654 -1.20478 0.114627 -0.647071 -1.14768 -1.68224 -1.52038 1.00498 0.880568 1.19299 -0.537003 0.307093 0.175614 0.483295 -0.129428 -1.32023 -0.905935 0.942498
internal_weight=1390 1232 158 854 378 398 124 95 328 67 456 353 50 331 220 362 308 103 77 108 87 64 254 123 87 51 97 155 108 44
internal_count=1390 1232 158 854 378 398 124 95 328 67 456 353 50 331 220 362 308 103 77 108 87 64 254 123 87 51 97 155 108 44
is_linear=0
shrinkage=0.1


Tree=17
num_leaves=31
num_cat=0
split_feature=0 0 0 5 1 0 1 2 0 0 4 0 5 6 3 5 5 0 2 0 0 2 0 1 5 5 5 5 0 2
split_gain=168807 35845.5 30268.8 11945 7898.1 7329.37 5288.97 5209.11 3764.93 3604.33 2735.69 2684.69 1924.18 2661.47 2413.16 1266.85 1216.12 1096.7 928.466 821.556 735.618 624.886 555.765 532.202 457.268 1238.83 692.404 427.737 401.911 345.581
threshold=197.83333333333334 110.92708333333336 314.00000000000006 15.500000000000002 111.65625000000001 75.503968253968267 68.416666666666686 143.59375000000003 270.03125000000006 141.12500000000003 116.41666666666667 157.75000000000003 8.5000000000000018 5.5000000000000009 107.29166666666667 16.500000000000004 16.500000000000004 42.925781250000007 86.355555555555569 55.358333333333341 90.265625000000014 196.25000000000003 132.62500000000003 166.75000000000003 16.500000000000004 14.500000000000002 12.500000000000002 16.500000000000004 61.093750000000007 100.70504712301589
decision_type=2 2 2 2 2 2 2 2 2 2 2 2 2 2 2 2 2 2 2 2 2 2 2 2 2 2 2 2 2 2
left_child=1 5 7 -4 9 12 -7 -2 15 -3 -5 22 17 16 -15 21 19 -1 28 -14 29 -9 27 -24 25 26 -13 -6 -19 -8
right_child=2 4 3 10 11 6 20 8 -10 -11 -12 24 13 14 -16 -17 -18 18 -20 -21 -22 -23 23 -25 -26 -27 -28 -29 -30 -31
leaf_value=-1.7653710441155868 2.8490602707649981 0.64752635003998882 6.0120511825268084 2.4317857027053833 -0.53782304116757584 0.68732037460431461 -0.76011577192693958 1.2462835970645152 2.4245590829849242 2.2401274491239476 4.085776618123055 0.3059619035985735 -0.67611606228490206 -2.3181221389770506 -0.76468655109405526 1.6650917020337337 -1.2143261557040008 -1.2891239532402583 -1.8225324962450111 -0.018321461712612824 -0.52782041563657278 0.57983103902900923 0.25310080378358041 -0.25968654464031088 0.87172281188624245 -0.13892115620630127 1.0039931340515613 -0.11023318343635263 -1.0090018157958986 -1.1891624233939433
leaf_weight=44 35 30 26 20 32 32 128 24 30 27 20 27 43 20 20 29 23 105 23 34 193 34 67 29 28 28 30 87 100 22
leaf_count=44 35 30 26 20 32 32 128 24 30 27 20 27 43 20 20 29 23 105 23 34 193 34 67 29 28 28 30 87 100 22
internal_value=-2.01688e-09 -0.475283 2.55519 4.3434 0.315415 -0.862091 -0.542217 1.77873 1.45854 1.40192 3.25878 0.126602 -1.15324 -0.852011 -1.5414 1.12543 -0.576254 -1.30828 -1.22007 -0.385661 -0.656926 0.855605 -0.0808083 0.0981963 0.521232 0.405776 0.673347 -0.225215 -1.15248 -0.823043
internal_weight=1390 1172 218 66 385 787 375 152 117 57 40 328 412 140 40 87 100 272 228 77 343 58 215 96 113 85 57 119 205 150
internal_count=1390 1172 218 66 385 787 375 152 117 57 40 328 412 140 40 87 100 272 228 77 343 58 215 96 113 85 57 119 205 150
is_linear=0
shrinkage=0.1


Tree=18
num_leaves=31
num_cat=0
split_feature=0 0 0 0 2 1 6 2 0 0 6 3 2 1 0 6 0 0 2 0 3 5 5 5 5 1 0 5 1 3
split_gain=138079 38440.4 17755.7 7747.22 6160.85 5444.03 5274.32 5583.21 5105.67 3645.02 2087.88 1874.01 1573.06 1159.09 1301.4 750.209 747.935 547.077 552.876 526.024 464.653 451.748 580.683 412.361 996.651 379.312 423.677 361.733 324.195 316.567
threshold=222.65000000000003 119.28125000000001 396.83333333333343 81.43278769841271 68.416666666666686 68.416666666666686 3.5000000000000004 253.25000000000003 341.78125000000006 163.35000000000002 3.5000000000000004 65.054166666666674 314.00000000000006 36.140625000000007 45.300000000000004 5.5000000000000009 201.30000000000004 32.367187500000007 87.225000000000009 97.377976190476204 309.04687500000006 7.5000000000000009 18.500000000000004 16.500000000000004 14.500000000000002 175.21875000000003 138.46875000000003 12.500000000000002 216.08333333333334 48.406250000000007
decision_type=2 2 2 2 2 2 2 2 2 2 2 2 2 2 2 2 2 2 2 2 2 2 2 2 2 2 2 2 2 2
left_child=1 3 6 11 10 -5 -2 -8 12 20 -3 17 -9 -13 -15 19 23 -1 29 -7 25 -16 -23 24 27 26 -6 -11 -18 -19
right_child=2 4 -4 5 9 15 7 8 -10 16 -12 13 -14 14 21 -17 28 18 -20 -21 -22 22 -24 -25 -26 -27 -28 -29 -30 -31
leaf_value=-1.6173467882748309 1.1605589726875569 0.94388741850852975 5.418843710964377 0.79618458764893674 -0.12183504324187251 -0.59499678233567677 3.8120070230576304 1.1273232307434082 3.5460797559647332 0.37669085909922922 2.2456981439482084 -0.13683892877205558 2.2013687968254092 -1.6521982443332672 -0.93616266449292507 -0.9820375554984615 1.2341803974575467 -1.2479592477953112 -1.6483733892440797 -0.33612972117769413 0.46488592419773345 -0.48816669254160638 -1.0529166431427004 0.90303010733231259 -0.07369172043270536 -0.45369364976882931 0.2473656566775575 0.89380816125100671 0.71704045209017675 -0.97272292234508007
leaf_weight=29 29 28 22 35 85 158 31 25 21 24 22 23 30 20 120 31 27 74 20 156 20 67 25 23 27 20 49 31 22 96
leaf_count=29 29 28 22 35 85 158 31 25 21 24 22 23 30 20 120 31 27 74 20 156 20 67 25 23 27 20 49 31 22 96
internal_value=3.2666e-09 -0.356928 2.78313 -0.728553 0.48267 -0.392164 2.35677 2.68097 2.21963 0.325046 1.51668 -0.998232 1.71317 -0.813964 -0.881093 -0.512721 0.679392 -1.21279 -1.15104 -0.466388 0.0114298 -0.808347 -0.641631 0.528844 0.42389 -0.0474606 0.0131712 0.668157 1.002 -1.09253
internal_weight=1390 1232 158 854 378 380 136 107 76 328 50 474 55 255 232 345 154 219 190 314 174 212 92 105 82 154 134 55 49 170
internal_count=1390 1232 158 854 378 380 136 107 76 328 50 474 55 255 232 345 154 219 190 314 174 212 92 105 82 154 134 55 49 170
is_linear=0
shrinkage=0.1


Tree=19
num_leaves=31
num_cat=0
split_feature=0 0 0 0 0 1 6 2 0 1 1 5 5 6 3 5 0 0 0 2 0 2 0 1 5 5 5 5 5 2
split_gain=111844 31253.7 14382.1 5354.71 4888.55 4599.52 4272.2 4522.4 4135.59 3464.09 2259.33 1407.61 1387.61 2120.31 1727.96 1059.12 1009.13 743.629 730.365 682.731 537.443 527.535 501.222 458.337 442.364 397.121 374.289 812.085 479.291 335.014
threshold=222.65000000000003 110.92708333333336 396.83333333333343 159.56250000000003 74.530208333333334 124.35625000000002 3.5000000000000004 253.25000000000003 341.78125000000006 68.416666666666686 84.763764880952394 18.500000000000004 8.5000000000000018 5.5000000000000009 107.29166666666667 11.500000000000002 55.358333333333341 197.83333333333334 42.925781250000007 86.355555555555569 132.62500000000003 131.06250000000003 90.265625000000014 205.37500000000003 16.500000000000004 16.500000000000004 16.500000000000004 14.500000000000002 12.500000000000002 100.70504712301589
decision_type=2 2 2 2 2 2 2 2 2 2 2 2 2 2 2 2 2 2 2 2 2 2 2 2 2 2 2 2 2 2
left_child=1 4 6 10 12 -5 -2 -8 11 -6 -3 -9 18 15 -15 16 -14 26 -1 -20 25 -22 29 -19 -23 -12 27 28 -7 -11
right_child=2 3 -4 5 9 17 7 8 -10 22 20 -13 13 14 -16 -17 -18 23 19 -21 21 24 -24 -25 -26 -27 -28 -29 -30 -31
leaf_value=-1.4507241228087384 1.0445030689239503 0.93877212175956137 4.8769592237743469 2.1518148232074013 0.54991276934742928 0.21445963705579441 3.4308062841815339 0.8981397242773147 3.1914717821847827 -0.60761261389409904 -0.46700505688786509 1.9394351556897165 -0.5113429752893226 -1.9545754814147949 -0.6400573706626892 -0.94836741004671377 0.28761344909667969 1.2156300644511762 -0.94719011630844241 -1.5467048962910972 0.53109592894713087 -0.200933005909125 -0.42755163382314187 0.64097299899373739 0.25576228262170364 -0.072090500524674347 0.76293459069728853 -0.11609220249312265 0.81401632010936753 -1.019631724772246
leaf_weight=44 29 26 22 21 32 24 31 21 21 139 36 34 43 20 20 28 25 23 199 21 24 48 193 35 38 87 25 28 30 23
leaf_count=44 29 26 22 21 32 24 31 21 21 139 36 34 43 20 20 28 25 23 199 21 24 48 193 35 38 87 25 28 30 23
internal_value=-2.5939e-09 -0.321235 2.50482 0.348576 -0.699972 0.757914 2.12109 2.41288 1.99767 -0.446589 0.054612 1.54185 -0.94512 -0.68562 -1.29732 -0.430747 -0.217609 0.580508 -1.0788 -1.00442 -0.0440497 0.11655 -0.536415 0.868854 0.000862587 -0.187675 0.424208 0.320938 0.547547 -0.666109
internal_weight=1390 1232 158 445 787 186 136 107 76 387 259 55 400 136 40 96 68 165 264 220 233 110 355 58 86 123 107 82 54 162
internal_count=1390 1232 158 445 787 186 136 107 76 387 259 55 400 136 40 96 68 165 264 220 233 110 355 58 86 123 107 82 54 162
is_linear=0
shrinkage=0.1


Tree=20
num_leaves=31
num_cat=0
split_feature=0 0 0 0 1 2 6 2 1 0 0 1 2 0 0 0 3 4 0 1 5 3 3 4 5 5 6 5 5 0
split_gain=90738.4 26450.9 11006.9 5912.61 4382.77 3817.82 3001.92 3056.43 4559.22 2212.74 1355.63 2640.81 1135.39 951.644 932.776 886.531 821.562 518.979 801.306 473.375 439.837 438.992 326.166 323.394 315.823 707.756 306.433 516.87 606.24 493.985
threshold=225.12500000000003 126.18750000000001 396.83333333333343 79.531250000000014 58.015625000000007 68.416666666666686 4.5000000000000009 253.25000000000003 309.04687500000006 180.80208333333337 39.484375000000007 41.203125000000007 222.65000000000003 159.56250000000003 336.68750000000006 97.855468750000014 53.683333333333337 190.33333333333334 205.37500000000003 102.05468750000001 14.500000000000002 71.162500000000009 314.00000000000006 156.50000000000003 16.500000000000004 3.5000000000000004 5.5000000000000009 7.5000000000000009 9.5000000000000018 61.093750000000007
decision_type=2 2 2 2 2 2 2 2 2 2 2 2 2 2 2 2 2 2 2 2 2 2 2 2 2 2 2 2 2 2
left_child=1 3 6 10 -5 13 12 -8 -9 22 -1 -12 -2 -3 -10 19 -13 20 -19 -6 -11 -17 23 24 25 -7 27 29 -29 -18
right_child=2 5 -4 4 15 9 7 8 14 17 11 16 -14 -15 -16 21 26 18 -20 -21 -22 -23 -24 -25 -26 -27 -28 28 -30 -31
leaf_value=-1.242405936127672 1.7823588895052673 0.86920538463375796 4.3892633776773105 0.98020865869522089 -0.48654944336085892 0.32697124140603201 3.2851242547449857 0.8491698185602824 2.0958340620994571 0.74728331184014685 0.29031313592972968 -1.0748797322367574 0.7168143966794015 1.7993293935602364 3.0500705650874549 -0.69602593377232558 -1.1358819148119759 0.5598500872651736 1.416897812485695 -0.98996491772787909 0.25219722600544203 -0.20519975370971669 0.50241638682782652 0.28369000814124651 0.18583527362595004 -0.37132159160806782 -1.0097395098932525 -0.20813160493969918 -0.73525591492652898 -0.70447148055084485
leaf_weight=65 20 22 22 25 169 21 23 24 20 38 23 91 20 22 21 20 34 24 20 21 34 205 20 51 45 47 34 40 48 121
leaf_count=65 20 22 22 25 169 21 23 24 20 38 23 91 20 22 21 20 34 24 20 21 34 205 20 51 45 47 34 40 48 121
internal_value=1.72543e-09 -0.281011 2.32302 -0.567188 -0.305676 0.464381 1.96789 2.29439 1.94382 0.336797 -0.819524 -0.749224 1.24959 1.33427 2.58459 -0.383139 -0.814195 0.678843 0.949417 -0.54219 0.513493 -0.248829 0.12116 0.074665 -0.0196737 -0.155672 -0.728555 -0.689212 -0.495654 -0.799103
internal_weight=1390 1240 150 896 440 344 128 88 65 300 456 391 40 44 41 415 368 116 44 190 72 225 184 164 113 68 277 243 88 155
internal_count=1390 1240 150 896 440 344 128 88 65 300 456 391 40 44 41 415 368 116 44 190 72 225 184 164 113 68 277 243 88 155
is_linear=0
shrinkage=0.1


Tree=21
num_leaves=31
num_cat=0
split_feature=0 0 0 5 2 2 0 1 2 6 3 5 5 3 6 4 0 0 0 1 5 5 6 5 0 4 2 0 0 0
split_gain=73692.5 18799.4 10534.1 8675.52 3781.76 2852.55 2340.98 4258.94 2316.17 3468.23 1385.71 1375.49 1987.41 1176.47 1107.73 1055.3 747.11 714.6 560.862 945.647 535.711 772.924 532.422 573.2 527.855 506.178 439.973 347.394 299.672 191.916
threshold=172.83333333333334 270.03125000000006 99.848345588235304 15.500000000000002 396.83333333333343 106.04687500000001 57.518750000000004 51.031250000000007 139.65625000000003 4.5000000000000009 204.25000000000003 16.500000000000004 14.500000000000002 218.75000000000003 5.5000000000000009 197.83333333333334 150.70000000000002 196.25000000000003 27.483333333333338 34.339843750000007 16.500000000000004 3.5000000000000004 5.5000000000000009 7.5000000000000009 64.566964285714292 51.516666666666673 195.09791666666669 207.30729166666669 113.66666666666669 81.43278769841271
decision_type=2 2 2 2 2 2 2 2 2 2 2 2 2 2 2 2 2 2 2 2 2 2 2 2 2 2 2 2 2 2
left_child=2 8 6 10 -5 13 18 -8 9 17 -3 12 27 15 24 -4 20 -2 -1 -20 21 -7 23 -21 -9 -25 -18 -10 -22 -26
right_child=1 3 5 4 -6 16 7 14 11 -11 -12 -13 -14 -15 -16 -17 26 -19 19 22 28 -23 -24 25 29 -27 -28 -29 -30 -31
leaf_value=-1.3861207365989685 0.37005614787340169 3.0295035216212276 1.1238463989148537 1.1164231448560149 2.7965816463742939 -0.050323320097393466 0.92414939463138579 -0.79143647106725779 0.45368147024086547 2.3116995863292527 4.1925683929806672 1.0564883131451077 -0.25584561750292778 -0.052078743602918545 -1.2945933375507594 0.23184609583445959 0.41180836226987216 1.2052719905972482 -0.22041189544612455 -1.0288123805182321 -0.22965730353106939 -0.66897346163573479 -1.2789223556859153 -0.94673480913043029 -0.55934735444369232 -0.33920870274305348 -0.15853672233365834 0.9293328965411467 0.02265256612490003 -0.41451316084209328
leaf_weight=22 21 20 36 37 21 36 20 67 28 23 21 45 32 23 20 21 38 20 21 70 86 46 35 24 181 32 21 34 104 185
leaf_count=22 21 20 36 37 21 36 20 67 28 23 21 45 32 23 20 21 38 20 21 70 86 46 35 24 181 32 21 34 104 185
internal_value=-1.76067e-09 1.38202 -0.383613 2.51182 1.72476 0.0157416 -0.626057 -0.503936 0.83104 1.32884 3.62522 0.601837 0.384184 0.551618 -0.566987 0.795215 -0.113775 0.777479 -0.90921 -0.851561 -0.183747 -0.397371 -0.933885 -0.838041 -0.533379 -0.599577 0.208804 0.714523 -0.0915508 -0.486139
internal_weight=1390 302 1088 99 58 411 677 473 203 64 41 139 94 80 453 57 331 41 204 182 272 82 161 126 433 56 59 62 190 366
internal_count=1390 302 1088 99 58 411 677 473 203 64 41 139 94 80 453 57 331 41 204 182 272 82 161 126 433 56 59 62 190 366
is_linear=0
shrinkage=0.1


Tree=22
num_leaves=31
num_cat=0
split_feature=0 0 1 5 5 0 3 1 6 1 0 0 6 0 0 5 0 1 4 4 5 3 0 1 0 5 5 5 0 5
split_gain=59921.9 17696.4 8568.3 5061.32 4805.61 4782.87 3532.55 3057.11 2259.07 1993.44 3199.4 1928.61 1778.61 1179.08 803.299 595.597 551.186 484.111 402.193 652.559 366.42 351.253 318.673 311.264 302.266 268.404 542.837 249.908 244.756 223.72
threshold=225.12500000000003 119.28125000000001 396.83333333333343 14.500000000000002 16.500000000000004 275.25000000000006 73.740823412698418 122.88970588235296 5.5000000000000009 45.980468750000007 49.033333333333339 180.80208333333337 3.5000000000000004 97.855468750000014 64.566964285714292 8.5000000000000018 283.40625000000006 53.291666666666679 190.33333333333334 231.75000000000003 10.500000000000002 203.04687500000003 148.58333333333334 104.15972222222223 42.925781250000007 16.500000000000004 4.5000000000000009 13.500000000000002 84.763764880952394 16.500000000000004
decision_type=2 2 2 2 2 2 2 2 2 2 2 2 2 2 2 2 2 2 2 2 2 2 2 2 2 2 2 2 2 2
left_child=1 6 3 5 -5 -2 8 12 14 10 -8 22 -3 17 15 24 -6 -11 21 -20 -15 27 25 -22 -1 26 -9 -13 -16 -24
right_child=2 7 -4 4 16 -7 9 11 -10 13 -12 18 -14 20 28 -17 -18 -19 19 -21 23 -23 29 -25 -26 -27 -28 -29 -30 -31
leaf_value=-1.0794798169623723 1.5766256617175209 0.54622143326383654 3.7108122933994645 -0.14028184339404107 1.2010218727588655 3.4756077414467224 -0.60600942045450212 0.084353342923251071 -1.4571802812971568 -0.95839368502298994 1.1065269292332232 0.8141495224798011 1.6917691438094431 0.11368681772335157 -0.53703620284795761 -0.34909636797728361 1.8936518280594439 -0.46039187272855958 1.1677255639975721 0.39750796285542578 -0.60582914497703322 0.086429859697818759 0.085547098013716683 -0.1772576308846977 -0.76636143487344677 0.044993502518313161 -0.61813404858112342 0.3577982004199709 -0.2312860320839617 0.4387138925492764
leaf_weight=44 36 33 22 24 20 21 20 22 38 21 24 21 23 37 96 27 27 277 22 22 20 24 71 111 103 74 22 28 36 24
leaf_count=44 36 33 22 24 20 21 20 22 38 21 24 21 23 37 96 27 27 277 22 22 20 24 71 111 103 74 22 28 36 24
internal_value=6.98458e-10 -0.22836 1.88778 1.57444 1.01102 2.27625 -0.482338 0.33355 -0.729978 -0.315302 0.328101 0.217619 1.01671 -0.376053 -0.639672 -0.780793 1.59892 -0.495486 0.543803 0.782617 -0.164201 0.39986 0.0384475 -0.242688 -0.860084 -0.0713022 -0.26689 0.553377 -0.45365 0.174768
internal_weight=1390 1240 150 128 71 57 854 386 344 510 44 330 56 466 306 174 47 298 117 44 168 73 213 131 147 118 44 49 132 95
internal_count=1390 1240 150 128 71 57 854 386 344 510 44 330 56 466 306 174 47 298 117 44 168 73 213 131 147 118 44 49 132 95
is_linear=0
shrinkage=0.1


Tree=23
num_leaves=31
num_cat=0
split_feature=0 0 0 0 5 2 2 0 1 5 1 0 0 5 5 2 0 1 0 2 3 6 5 3 0 4 3 4 4 4
split_gain=48650.1 11588.2 8271.37 3441.05 3362.31 2847.65 2380.12 1616.98 2255.7 1568.38 1358.38 1047.74 867.876 602.492 1285.15 528.353 490.694 654.357 374.046 296.609 271.904 244.844 449.735 372.109 211.608 202.493 179.82 178.419 389.729 145.349
threshold=183.16666666666669 368.00000000000006 99.848345588235304 231.75000000000003 14.500000000000002 302.62500000000006 70.77500000000002 60.415873015873025 53.291666666666679 11.500000000000002 165.75000000000003 128.43750000000003 145.46875000000003 16.500000000000004 14.500000000000002 112.83333333333334 29.921875000000004 35.645833333333336 81.43278769841271 188.75000000000003 76.588235294117666 5.5000000000000009 7.5000000000000009 58.864583333333336 104.78125000000001 199.25000000000003 231.41666666666669 156.50000000000003 135.15625000000003 107.02083333333336
decision_type=2 2 2 2 2 2 2 2 2 2 2 2 2 2 2 2 2 2 2 2 2 2 2 2 2 2 2 2 2 2
left_child=2 3 7 10 19 -6 9 16 -9 11 -2 -4 20 14 25 18 -1 -18 -10 -5 -8 22 -19 -24 -22 -12 27 28 -14 -7
right_child=1 -3 6 4 5 29 12 8 15 -11 13 -13 26 -15 -16 -17 17 21 -20 -21 24 -23 23 -25 -26 -27 -28 -29 -30 -31
leaf_value=-1.1120321489870548 1.2902982985973359 2.9449816605624033 0.46991851897466752 2.3905707478523257 -0.039639192521572116 1.2311540579795839 -0.44603654593229297 0.5482867223521074 -0.50664329328784008 -0.031009478807449344 0.75738834533840427 1.4688406580970401 0.19371271369660772 0.89860592365264902 -0.29477250258559767 -0.90415720418095591 -0.13685243896075658 -0.81889808898748362 -0.31018532349966299 1.8459526750445368 -0.3227863042092905 -0.95992968049314298 -0.67478440967766018 -0.18653428433118044 -0.072747845746115924 0.37755130457878117 0.43955163388025192 0.29416849828428693 -0.33604324289730619 1.6124008214473726
leaf_weight=28 25 34 21 20 20 20 28 24 222 25 32 21 41 25 23 24 21 86 172 20 41 36 37 27 194 25 21 36 21 20
leaf_count=28 25 34 21 20 20 20 28 24 222 25 32 21 41 25 23 24 21 86 172 20 41 36 37 27 194 25 21 36 21 20
internal_value=-7.54438e-10 1.2218 -0.286462 0.967073 1.40809 0.934639 0.0463437 -0.507185 -0.394497 0.5961 0.627831 0.96938 -0.0500795 0.470101 0.336193 -0.448628 -0.719136 -0.665991 -0.42088 2.11826 -0.151469 -0.725732 -0.669525 -0.468804 -0.116372 0.590793 0.174 0.117096 0.0142792 1.42178
internal_weight=1390 264 1126 230 100 60 449 677 442 67 130 42 382 105 80 418 235 207 394 40 263 186 150 64 235 57 119 98 62 40
internal_count=1390 264 1126 230 100 60 449 677 442 67 130 42 382 105 80 418 235 207 394 40 263 186 150 64 235 57 119 98 62 40
is_linear=0
shrinkage=0.1


Tree=24
num_leaves=31
num_cat=0
split_feature=0 0 5 3 2 2 6 2 6 0 3 3 5 0 1 5 0 4 5 0 0 5 4 1 5 5 2 2 1 5
split_gain=39696.6 11657.4 6898.68 4638.85 3007.23 2235.93 1486.03 1274.23 1700.62 1400.07 1299.31 1248.03 901.523 881.92 1148.65 965.372 800.988 676.141 627.634 494.687 480.305 653.317 467.029 424.104 411.733 231.057 224.747 191.076 540.489 393.815
threshold=159.56250000000003 270.03125000000006 15.500000000000002 91.996093750000014 66.129166666666677 396.83333333333343 5.5000000000000009 61.734375000000007 3.5000000000000004 85.937500000000014 194.12500000000003 204.25000000000003 5.5000000000000009 201.30000000000004 201.30000000000004 16.500000000000004 84.763764880952394 131.63333333333335 8.5000000000000018 45.980468750000007 122.88970588235296 13.500000000000002 73.279166666666683 68.416666666666686 16.500000000000004 13.500000000000002 96.614583333333357 113.66666666666669 175.21875000000003 16.500000000000004
decision_type=2 2 2 2 2 2 2 2 2 2 2 2 2 2 2 2 2 2 2 2 2 2 2 2 2 2 2 2 2 2
left_child=3 4 11 6 -2 -4 16 8 17 23 -10 -3 -8 27 -15 25 18 -5 19 -1 26 -22 -20 -9 -23 -16 -11 -6 -29 -30
right_child=1 2 5 7 13 -7 12 9 10 20 -12 -13 -14 14 15 -17 -18 -19 22 -21 21 24 -24 -25 -26 -27 -28 28 29 -31
leaf_value=-0.86020593731491657 1.6772537925026634 2.275153105258942 0.67803128474467522 0.29536814242601395 -0.018940871953964235 1.9699428921654112 -0.42580232945355506 -0.90546603473750042 1.2926928621530533 0.1526804171036929 0.20134580085674922 3.3789249329339892 -1.2069049542480046 1.1846614956855774 0.41042763243259173 0.92053297247205457 -0.22148265151654259 -0.45526550352573403 0.10406801948944729 -0.52428938838545347 0.51957574884096791 -0.33022337419097314 -0.4401042971922004 -0.39440994277115793 0.10796637409008468 -0.028756269693374636 -0.20048018121237324 0.74393240317054421 0.0340034431978768 0.53244350993114975
leaf_weight=54 22 20 37 20 20 21 22 22 20 20 24 21 45 30 23 28 118 30 24 233 27 32 46 62 65 25 182 23 51 23
leaf_count=54 22 20 37 20 20 21 22 22 20 20 24 21 45 30 23 28 118 30 24 233 27 32 46 62 65 25 182 23 51 23
internal_value=2.75911e-12 0.931871 1.84764 -0.306466 0.561826 1.14579 -0.509541 -0.0880807 0.243995 -0.164215 0.697413 2.8405 -0.950423 0.451783 0.660714 0.453893 -0.447353 -0.155012 -0.52201 -0.587493 -0.0704128 0.0845098 -0.253531 -0.528258 -0.0365911 0.181686 -0.165514 0.262496 0.320524 0.188924
internal_weight=1390 344 99 1046 245 58 542 504 94 410 44 41 67 223 106 76 475 50 357 287 326 124 70 84 97 48 202 117 97 74
internal_count=1390 344 99 1046 245 58 542 504 94 410 44 41 67 223 106 76 475 50 357 287 326 124 70 84 97 48 202 117 97 74
is_linear=0
shrinkage=0.1


Tree=25
num_leaves=31
num_cat=0
split_feature=0 0 0 6 6 5 1 5 6 5 3 0 5 6 2 0 3 3 4 1 0 2 3 5 5 5 6 3 5 5
split_gain=32303.4 9265.08 4604 3562.47 9114.96 3560.5 2056.87 1337.84 1128.14 1281.69 1034.11 1008.88 978.495 1428.02 748.711 735.137 657.962 608.673 512.928 478.167 455.369 686.305 627.124 383.902 392.956 240.679 232.524 206.299 160.837 234.814
threshold=172.83333333333334 396.83333333333343 97.855468750000014 4.5000000000000009 5.5000000000000009 15.500000000000002 68.416666666666686 14.500000000000002 5.5000000000000009 8.5000000000000018 141.12500000000003 126.18750000000001 10.500000000000002 3.5000000000000004 131.06250000000003 65.765625000000014 142.50000000000003 107.29166666666667 73.279166666666683 71.162500000000009 207.30729166666669 197.83333333333334 183.6166666666667 16.500000000000004 4.5000000000000009 7.5000000000000009 1.0000000180025095e-35 195.09791666666669 16.500000000000004 14.500000000000002
decision_type=2 2 2 2 2 2 2 2 2 2 2 2 2 2 2 2 2 2 2 2 2 2 2 2 2 2 2 2 2 2
left_child=2 3 8 16 5 -5 -4 -6 9 15 25 23 13 18 27 26 -2 -7 -11 -14 22 -22 -18 24 -8 -10 -1 -13 29 -16
right_child=1 -3 6 4 7 17 11 -9 10 12 -12 14 19 -15 28 -17 20 -19 -20 -21 21 -23 -24 -25 -26 -27 -28 -29 -30 -31
leaf_value=-0.89937717473065415 -0.036124489925525805 2.8910222281109204 0.96742817787897017 2.6748455981413528 0.54254605220889462 0.88681669405528485 -0.18070952408015728 -0.44726725329052325 -0.75559551119804391 0.19299860440871933 -0.18160281330347061 0.70999283879995356 -0.80773810029029858 0.66953004307246644 0.099826201829401884 -0.35221553222424745 0.66133131693910674 1.5937334344304841 -0.41088003928844752 -0.26976341981636848 1.0307203301498968 0.34110027065983528 -0.0029798687994480135 -0.10702130381993001 -0.67234621130186945 -1.1978075224906206 -0.5809156304127292 0.28625172442860075 0.11788289022686727 -0.25560992421900353
leaf_weight=27 27 22 21 30 36 21 37 22 20 22 20 20 20 28 34 207 27 29 39 95 31 27 30 149 29 32 152 27 68 41
leaf_count=27 27 22 21 30 36 21 37 22 20 22 20 20 20 28 34 207 27 29 39 95 31 27 30 149 29 32 152 27 68 41
internal_value=1.44523e-10 0.915014 -0.253984 0.759756 1.12158 1.81358 0.00245141 0.1671 -0.419001 -0.373398 -0.792692 -0.0475844 -0.170656 0.0782976 0.120309 -0.480547 0.408121 1.29683 -0.193088 -0.363324 0.512422 0.70969 0.311694 -0.195956 -0.396732 -1.02773 -0.628952 0.466567 0.00650434 -0.0944789
internal_weight=1390 302 1088 280 138 80 426 58 662 590 72 405 204 89 190 386 142 50 61 115 115 58 57 215 66 52 179 47 143 75
internal_count=1390 302 1088 280 138 80 426 58 662 590 72 405 204 89 190 386 142 50 61 115 115 58 57 215 66 52 179 47 143 75
is_linear=0
shrinkage=0.1


Tree=26
num_leaves=31
num_cat=0
split_feature=0 1 0 0 5 5 1 0 2 0 0 1 2 2 0 5 5 3 6 2 6 5 1 4 0 4 3 5 0 1
split_gain=26189.3 8215.97 3157.55 3075.64 3731.74 4030.19 2085.32 1714.25 1556.93 907.609 706.454 1088.58 465.607 428.734 367.56 340.302 901.496 471.256 416.269 426.657 336.014 726.62 305.865 263.648 238.936 236.25 342.962 226.975 183.983 158.12
threshold=159.56250000000003 396.83333333333343 82.772916666666688 231.75000000000003 14.500000000000002 16.500000000000004 58.015625000000007 275.25000000000006 66.129166666666677 126.18750000000001 35.645833333333336 38.000000000000007 94.520833333333343 131.06250000000003 59.875000000000007 16.500000000000004 14.500000000000002 212.25000000000003 2.5000000000000004 187.41666666666669 5.5000000000000009 17.500000000000004 61.992559523809526 61.093750000000007 103.59375000000001 101.96666666666668 58.864583333333336 20.500000000000004 185.25000000000003 204.25000000000003
decision_type=2 2 2 2 2 2 2 2 2 2 2 2 2 2 2 2 2 2 2 2 2 2 2 2 2 2 2 2 2 2
left_child=2 3 10 8 7 -6 -4 -5 -2 20 23 -12 14 -11 25 16 17 18 -10 -20 24 -22 -16 -1 -8 26 -13 -7 -18 -17
right_child=1 -3 6 4 5 27 9 -9 15 13 11 12 -14 -15 22 29 28 -19 19 -21 21 -23 -24 -25 -26 -27 -28 -29 -30 -31
leaf_value=-0.55142464150081982 1.2203152917680287 2.6265825371850622 0.82487973536675185 1.1793458739916483 -0.49342469287955243 1.3570643829262776 -0.2436716045969381 2.4165119870787577 0.61957378590106971 0.38795400977134709 0.28959503661502495 -0.58588821854264972 -0.8910063669795083 -0.012175716315967996 0.027254276790402154 0.36640610910952093 0.04954425326802514 0.77695681959390639 -0.16767855790945202 0.38578151789804305 -0.87228464971889152 -0.039463329762220389 -0.36448203115811889 -1.0260813159942628 -0.073589607311861358 -0.77184890263503603 -0.24854668060632204 0.90234711567560832 -0.36952638357877732 0.75928733987467634
leaf_weight=22 21 22 24 24 23 23 208 21 25 35 22 84 21 114 22 20 22 25 26 30 22 20 212 25 137 31 47 21 20 21
leaf_count=22 21 22 24 24 23 23 208 21 25 35 22 84 21 114 22 20 22 25 26 30 22 20 212 25 137 31 47 21 20 21
internal_value=7.65816e-10 0.756905 -0.248925 0.629163 1.05236 0.579299 -0.087067 1.75669 0.403459 -0.1279 -0.435427 -0.395978 -0.432147 0.0818145 -0.407814 0.312697 0.242071 0.397425 0.280286 0.128818 -0.208643 -0.475703 -0.327652 -0.803902 -0.176132 -0.523603 -0.464857 1.14004 -0.150013 0.567638
internal_weight=1390 344 1046 322 112 67 560 45 210 536 486 439 417 149 396 189 148 106 81 56 387 42 234 47 345 162 131 44 42 41
internal_count=1390 344 1046 322 112 67 560 45 210 536 486 439 417 149 396 189 148 106 81 56 387 42 234 47 345 162 131 44 42 41
is_linear=0
shrinkage=0.1


Tree=27
num_leaves=31
num_cat=0
split_feature=0 0 0 6 6 5 0 6 5 3 5 0 1 1 1 0 0 6 3 3 0 2 6 1 5 5 6 4 1 0
split_gain=21405.1 6407.26 3293.32 2225.59 6345.04 2839.14 1150.93 1077.57 1138.29 1115.54 1114.86 1544.53 772.14 757.804 642.191 947.252 598.74 441.138 438.773 378.753 374.367 367.776 240.4 221.329 183.412 371.776 174.237 151.899 97.7102 92.3454
threshold=177.25000000000003 396.83333333333343 110.26041666666667 4.5000000000000009 5.5000000000000009 15.500000000000002 209.25000000000003 5.5000000000000009 8.5000000000000018 177.25000000000003 10.500000000000002 81.43278769841271 84.763764880952394 68.902343750000014 227.00000000000003 207.30729166666669 66.129166666666677 2.5000000000000004 107.29166666666667 183.6166666666667 143.59375000000003 131.06250000000003 2.5000000000000004 49.033333333333339 16.500000000000004 11.500000000000002 1.0000000180025095e-35 84.880952380952394 182.08333333333334 39.484375000000007
decision_type=2 2 2 2 2 2 2 2 2 2 2 2 2 2 2 2 2 2 2 2 2 2 2 2 2 2 2 2 2 2
left_child=2 3 7 14 5 -5 -6 8 16 23 11 17 -4 -12 15 19 26 27 -7 -2 24 -22 -23 -9 25 -14 -1 -10 -24 -28
right_child=1 -3 12 4 6 18 -8 9 10 -11 13 -13 20 -15 -16 -17 -18 -19 -20 -21 21 22 28 -25 -26 -27 29 -29 -30 -31
leaf_value=-0.74076889923640665 0.46743878865724109 2.4120807669379496 0.58125660540880986 2.2813807335907015 0.48539743779167055 0.68954428576287774 -0.44823592953059982 -1.142729579834711 -0.082341226190328604 -0.047840455716306518 -0.82287579352657003 0.91959621682763104 -0.014677808433771134 -0.18654442680512318 -0.017821347051196628 0.91046754555268716 -0.26882553273022958 0.21271686282228019 1.2897446779341535 -0.034235473253108842 0.42481607877545891 -0.15307986291332379 0.058983223832079351 -0.73820569334845798 0.0018767585749166053 -0.5293748646326687 -0.65486612216286044 -0.47208373665809633 0.33715438350387245 -0.4378559196353855
leaf_weight=28 34 22 27 29 31 21 23 21 20 22 21 21 36 172 36 33 229 34 29 27 36 36 28 38 114 23 23 20 23 133
leaf_count=28 34 22 27 29 31 21 23 21 20 22 21 21 36 172 36 33 229 34 29 27 36 36 28 38 114 23 23 20 23 133
internal_value=-3.47738e-11 0.772699 -0.199293 0.635564 0.923165 1.49422 0.0877388 -0.310245 -0.270342 -0.655576 -0.117745 0.162688 0.0693264 -0.255783 0.341326 0.478872 -0.376754 -0.0521098 1.03766 0.245386 0.0226301 0.156005 0.0447725 -0.882189 -0.072197 -0.215322 -0.511078 -0.277212 0.184433 -0.469851
internal_weight=1390 285 1105 263 133 79 54 782 701 81 288 95 323 193 130 94 413 74 50 61 296 123 87 59 173 59 184 40 51 156
internal_count=1390 285 1105 263 133 79 54 782 701 81 288 95 323 193 130 94 413 74 50 61 296 123 87 59 173 59 184 40 51 156
is_linear=0
shrinkage=0.1


Tree=28
num_leaves=31
num_cat=0
split_feature=0 0 0 6 6 5 1 0 0 1 0 3 2 3 2 3 4 4 3 2 5 2 2 2 5 5 6 5 5 3
split_gain=17338.2 5189.88 2688.43 1802.73 5139.49 2299.7 1362.76 932.252 696.827 1686.46 662.657 567.018 406.627 370.46 369.242 355.406 295.355 284.7 593.514 395.862 244.362 296.209 265.057 226.069 224.016 196.034 267.753 193.064 216.867 148.613
threshold=177.25000000000003 396.83333333333343 97.855468750000014 4.5000000000000009 5.5000000000000009 15.500000000000002 68.416666666666686 209.25000000000003 39.484375000000007 44.593750000000007 135.15625000000003 142.50000000000003 51.031250000000007 58.864583333333336 131.06250000000003 107.29166666666667 177.25000000000003 155.15000000000003 212.25000000000003 170.25000000000003 7.5000000000000009 61.734375000000007 70.418750000000017 94.520833333333343 11.500000000000002 16.500000000000004 3.5000000000000004 16.500000000000004 3.5000000000000004 48.406250000000007
decision_type=2 2 2 2 2 2 2 2 2 2 2 2 2 2 2 2 2 2 2 2 2 2 2 2 2 2 2 2 2 2
left_child=2 3 8 11 5 -5 -4 -6 29 -10 27 -2 -11 23 16 -7 -12 -13 19 -19 -15 -22 -23 -14 -24 26 -16 28 -8 -1
right_child=1 -3 6 4 7 15 10 -9 9 12 14 17 13 20 25 -17 -18 18 -20 -21 21 22 24 -25 -26 -27 -28 -29 -30 -31
leaf_value=-0.45457021494706473 -0.15553571690212598 2.1708726988597351 0.79755092461903887 2.053242639837594 0.43685769111879413 0.62058986510549285 -0.065925501825080987 -0.40341232853091286 0.39037672248151573 -0.75847677469253538 0.64369710598673135 0.68979151569879971 -0.38624228438583474 -0.31604416257528178 -0.2519369942577262 1.1607701961336465 0.14758311531373433 -0.15167426367600759 0.69400873349772563 0.38497700010027208 0.20322298217564821 -0.47208276361227042 0.16584739923477174 -0.74234642187754318 -0.20204235010314733 0.19343155089351868 0.14770307096342247 -0.067196485212877063 -0.39061231701634824 -0.75788249594824653
leaf_weight=30 22 22 21 29 31 21 36 23 36 20 21 26 118 236 38 29 28 27 27 28 20 30 20 21 96 45 30 176 48 35
leaf_count=30 22 22 21 29 31 21 36 23 36 20 21 26 118 236 38 29 28 27 27 28 20 30 20 21 96 45 30 176 48 35
internal_value=2.4536e-10 0.695429 -0.179364 0.572008 0.830849 1.34479 0.0113119 0.0789649 -0.306961 -0.273108 -0.0278138 0.307194 -0.315684 -0.299315 0.130937 0.933894 0.360203 0.401453 0.310029 0.12153 -0.250656 -0.157694 -0.207134 -0.440042 -0.138613 0.0315213 -0.0756252 -0.126728 -0.251461 -0.617892
internal_weight=1390 285 1105 263 133 79 443 54 662 597 422 130 561 541 162 50 49 108 82 55 402 166 146 139 116 113 68 260 84 65
internal_count=1390 285 1105 263 133 79 443 54 662 597 422 130 561 541 162 50 49 108 82 55 402 166 146 139 116 113 68 260 84 65
is_linear=0
shrinkage=0.1


Tree=29
num_leaves=31
num_cat=0
split_feature=0 1 0 5 0 5 5 6 3 5 5 6 1 3 1 3 4 0 1 4 4 4 0 4 0 1 6 5 3 5
split_gain=14080.4 4190.37 2491.76 1609.03 2289.41 2057.38 2148.69 806.28 839.61 744.809 838.474 1312.11 704.498 684.179 582.778 566.957 494.361 453.707 333.702 259.792 298.158 391.871 287.218 220.748 200.513 171.232 147.946 128.828 117.665 124.551
threshold=183.16666666666669 396.83333333333343 110.26041666666667 13.500000000000002 250.34375000000003 16.500000000000004 14.500000000000002 5.5000000000000009 177.25000000000003 8.5000000000000018 10.500000000000002 3.5000000000000004 90.265625000000014 190.33333333333334 68.902343750000014 207.30729166666669 73.279166666666683 65.077450980392172 275.25000000000006 353.25000000000006 157.41666666666671 146.19669117647064 163.35000000000002 139.65625000000003 137.54687500000003 49.033333333333339 1.0000000180025095e-35 14.500000000000002 81.015625000000014 14.500000000000002
decision_type=2 2 2 2 2 2 2 2 2 2 2 2 2 2 2 2 2 2 2 2 2 2 2 2 2 2 2 2 2 2
left_child=2 3 7 4 13 6 -5 9 25 17 11 16 -4 23 -12 -8 -11 26 -7 20 21 22 28 -2 -22 -9 -1 -26 -14 -30
right_child=1 -3 12 5 -6 18 15 8 -10 10 14 -13 19 -15 -16 -17 -18 -19 -20 -21 24 -23 -24 -25 27 -27 -28 -29 29 -31
leaf_value=-0.64667570866071267 0.60136270807548009 1.9786628045819024 0.50229594295515734 0.55898750351789672 1.8187931281328202 0.4896634023765038 -0.11387352347373964 -0.97725339389982691 -0.024246104874394159 0.25292892326479371 -0.71184325509128121 0.66983634992502639 -0.23361668586730958 1.0453553269738736 -0.15381479642982054 -0.81668190827423881 -0.32890451926738029 -0.21445932174336257 0.93519157357513905 -0.32580615937709811 -0.033946543069475373 -0.43592769235372542 0.34531534105539324 0.15828581045017295 0.44742495982209224 -0.62144442865330918 -0.38815804273390131 0.13714880847736546 0.22267710690697037 -0.02670129256338374
leaf_weight=26 22 22 34 39 20 29 24 21 22 23 21 32 22 23 172 22 40 238 40 20 23 20 25 23 32 38 149 23 24 121
leaf_count=26 22 22 34 39 20 29 24 21 22 23 21 32 22 23 172 22 40 238 40 20 23 20 25 23 32 38 149 23 24 121
internal_value=-5.49078e-10 0.657305 -0.154111 0.537182 0.878291 0.342263 0.0129476 -0.252775 -0.551489 -0.218259 -0.0948226 0.148378 0.0701783 0.601672 -0.214533 -0.449999 -0.116489 -0.304335 0.747941 0.0227848 0.0468255 -0.0146785 0.0292016 0.374901 0.21399 -0.748088 -0.426566 0.317673 -0.0181208 0.0145751
internal_weight=1390 264 1126 242 88 154 85 782 81 701 288 95 344 68 193 46 63 413 69 310 290 212 192 45 78 59 175 55 167 145
internal_count=1390 264 1126 242 88 154 85 782 81 701 288 95 344 68 193 46 63 413 69 310 290 212 192 45 78 59 175 55 167 145
is_linear=0
shrinkage=0.1


Tree=30
num_leaves=31
num_cat=0
split_feature=0 3 0 1 6 2 1 6 0 1 4 2 0 5 6 5 2 3 4 0 0 0 3 5 5 5 0 0 0 5
split_gain=11522.8 6403.77 3477.9 2727.64 1352.95 1860 871.16 796.35 773.943 1659.07 622.829 504.716 349.075 346.318 405.029 347.048 285.814 355.43 259.855 310.043 205.054 163.509 198.317 229.29 153.999 368.442 149.332 136.507 130.706 121.908
threshold=225.12500000000003 241.12500000000003 117.90625000000001 391.21875000000006 3.5000000000000004 270.03125000000006 122.88970588235296 3.5000000000000004 59.875000000000007 51.031250000000007 104.78125000000001 56.937500000000007 180.80208333333337 8.5000000000000018 5.5000000000000009 10.500000000000002 35.645833333333336 101.96666666666668 208.25000000000003 209.25000000000003 199.25000000000003 39.484375000000007 48.406250000000007 7.5000000000000009 2.5000000000000004 12.500000000000002 148.58333333333334 51.953125000000007 104.78125000000001 7.5000000000000009
decision_type=2 2 2 2 2 2 2 2 2 2 2 2 2 2 2 2 2 2 2 2 2 2 2 2 2 2 2 2 2 2
left_child=2 3 8 4 -2 -6 7 -4 16 -10 -7 -11 24 14 -13 -15 -1 21 19 20 -14 -18 29 -24 -8 -26 -27 -25 -17 -23
right_child=1 -3 6 -5 5 10 12 -9 9 11 -12 13 18 15 -16 28 17 -19 -20 -21 -22 22 23 27 25 26 -28 -29 -30 -31
leaf_value=-0.058906116164647616 0.017475979030132295 2.3249241368224225 0.1965188263449818 -0.46895253549922594 1.6766698495795329 0.31285020629564925 0.26831103407201312 0.96304186167924299 0.65925624370574953 -0.68261562168598178 0.95722552696863827 -0.21042700944583595 0.11637608039946784 0.23967347617807061 -0.6463376292068026 -0.1827435494636496 -0.54628257476366482 -0.79059336456385532 0.45762022558380577 -0.2027026659676007 0.50541253669187425 -0.34727492042950225 -0.39081211722478637 0.12230354377201624 -0.37533116984367371 -0.046870264965445579 0.14033046088328488 -0.22681090608239174 -0.025729402386378955 -0.65204117468425205
leaf_weight=26 20 24 33 22 24 30 21 23 24 20 30 291 42 29 23 150 39 22 34 21 20 35 41 21 25 97 76 24 82 21
leaf_count=26 20 24 33 22 24 30 21 23 24 20 30 291 42 29 23 150 39 22 34 21 20 35 41 21 25 97 76 24 82 21
internal_value=1.90687e-10 0.827821 -0.10014 0.542658 0.756653 0.932647 0.146182 0.511341 -0.214005 -0.155898 0.635038 -0.188778 0.0853224 -0.171601 -0.242357 -0.0864782 -0.371072 -0.411054 0.224772 0.129389 0.241872 -0.364922 -0.315112 -0.219749 0.0108217 -0.0164878 0.0353682 -0.0638908 -0.127247 -0.461562
internal_weight=1390 150 1240 126 104 84 392 56 848 619 60 595 336 575 314 261 229 203 117 83 62 181 142 86 219 198 173 45 232 56
internal_count=1390 150 1240 126 104 84 392 56 848 619 60 595 336 575 314 261 229 203 117 83 62 181 142 86 219 198 173 45 232 56
is_linear=0
shrinkage=0.1


Tree=31
num_leaves=31
num_cat=0
split_feature=0 3 0 1 6 0 2 2 2 6 3 5 5 0 1 0 3 5 2 1 5 5 5 1 6 6 1 1 0 2
split_gain=9371.83 3716.66 2352.85 1970.99 1391.47 1211.95 1288.6 1059.91 905.183 571.17 648.523 507.418 635.19 1041.06 480.427 335.028 290.88 323.132 1710.95 764.684 629.688 357.545 346.772 285.433 242.161 217.278 158.33 127.342 122.785 101.663
threshold=207.30729166666669 241.12500000000003 110.26041666666667 391.21875000000006 4.5000000000000009 275.25000000000006 347.46666666666675 45.300000000000004 222.65000000000003 5.5000000000000009 177.25000000000003 8.5000000000000018 10.500000000000002 81.43278769841271 68.902343750000014 71.225000000000009 363.46875000000006 11.500000000000002 73.740823412698418 112.04687500000001 13.500000000000002 16.500000000000004 2.5000000000000004 162.00000000000003 2.5000000000000004 2.5000000000000004 49.033333333333339 183.8666666666667 38.000000000000007 106.04687500000001
decision_type=2 2 2 2 2 2 2 2 2 2 2 2 2 2 2 2 2 2 2 2 2 2 2 2 2 2 2 2 2 2
left_child=2 3 9 4 8 -6 -7 -4 -2 11 26 15 13 24 -14 28 17 19 -19 -9 -20 25 -21 -23 -13 27 -11 -22 -1 -17
right_child=1 -3 7 -5 5 6 -8 16 -10 10 -12 12 14 -15 -16 29 -18 18 20 22 21 23 -24 -25 -26 -27 -28 -29 -30 -31
leaf_value=-0.52686352857521601 0.58963126583445458 1.6382794626057149 0.79865345567464829 -0.42205727425488559 0.39319123520005134 1.666356797516346 0.59868736982345583 0.68232724753518903 -0.21045736071582022 -0.84978952975500199 0.0067354681816968048 -0.20574180732946845 -0.63001628816127786 0.75880139980997363 -0.12335401625557924 -0.11444409544195666 0.41496917364143188 -0.86552492766217759 0.45389911427217372 0.23923201281012912 -0.16942033037062615 0.0089575964038093123 -0.23474970403416406 0.3309559184436997 0.15725153272642811 0.032965147753566272 -0.5076476690016295 -0.48835210942086721 -0.30277919437292328 -0.29707761127501725
leaf_weight=28 31 32 20 22 31 26 20 24 26 21 22 40 21 21 172 154 21 22 34 33 31 117 29 36 34 32 38 21 193 38
leaf_count=28 31 32 20 22 31 26 20 24 26 21 22 40 21 21 172 154 21 22 34 33 31 117 29 36 34 32 38 21 193 38
internal_value=-6.10762e-10 0.656565 -0.102691 0.455188 0.599214 0.876467 1.20215 0.088217 0.224679 -0.205224 -0.456642 -0.176173 -0.07429 0.137386 -0.178483 -0.24722 0.0526951 0.0326219 -0.017403 0.203055 0.0514483 -0.00628729 0.0175309 0.0847219 -0.0389611 -0.172054 -0.629427 -0.29822 -0.33117 -0.15059
internal_weight=1390 188 1202 156 134 77 46 420 57 782 81 701 288 95 193 413 400 379 293 86 271 237 62 153 74 84 59 52 221 192
internal_count=1390 188 1202 156 134 77 46 420 57 782 81 701 288 95 193 413 400 379 293 86 271 237 62 153 74 84 59 52 221 192
is_linear=0
shrinkage=0.1


Tree=32
num_leaves=31
num_cat=0
split_feature=0 3 0 2 3 0 1 0 1 2 0 2 4 2 3 2 5 4 5 1 1 0 6 6 5 0 2 4 2 0
split_gain=7734.52 4466.98 2288.21 1834.41 4126.55 1717.73 647.388 569.598 1152.8 436.366 349.125 301.649 284.919 256.042 253.901 561.392 288.833 493.478 317.144 275.237 226.108 253.678 294.682 225.63 222.305 221.017 333.164 290.337 132.935 161.186
threshold=225.12500000000003 241.12500000000003 126.18750000000001 323.00000000000006 130.80000000000004 275.25000000000006 103.59375000000001 82.772916666666688 58.015625000000007 67.377604166666686 27.483333333333338 91.574156746031761 152.20312500000003 38.000000000000007 368.00000000000006 73.740823412698418 13.500000000000002 173.87500000000003 16.500000000000004 187.41666666666669 205.37500000000003 150.70000000000002 2.5000000000000004 1.0000000180025095e-35 2.5000000000000004 54.046875000000007 61.734375000000007 72.38333333333334 92.458333333333357 89.191406250000014
decision_type=2 2 2 2 2 2 2 2 2 2 2 2 2 2 2 2 2 2 2 2 2 2 2 2 2 2 2 2 2 2
left_child=2 3 7 5 -5 12 -4 10 -9 -10 -1 13 -2 -12 15 -8 17 24 20 -20 21 -18 -23 -15 -17 27 -27 -25 -11 -30
right_child=1 -3 6 4 -6 -7 14 8 9 28 11 -13 -14 23 -16 16 18 -19 19 -21 -22 22 -24 25 -26 26 -28 -29 29 -31
leaf_value=-0.62868894853375179 0.67572185126217932 1.9286037504673006 0.59805079485688895 0.78722453862428665 -0.90885363633816052 1.4729717380677663 -0.41457443137399175 0.60841662883758552 -0.56358847504570375 0.14942459061387039 0.13295195481993935 -0.52233016029480961 0.16678405688567596 -0.40185555000054213 0.41628937228866247 0.28708666695488827 -0.29039347134530547 0.56483336271661699 0.068525566565178664 0.4694603075151858 -0.3429909577736488 -0.1017340548336506 0.41120758510771255 -0.18824816596115362 -0.10843412481248378 0.20446724673876396 -0.17443124960193895 -0.52830607012698527 -0.27015713594924168 -0.080598285716594747
leaf_weight=22 22 24 28 32 26 24 22 23 21 21 22 31 22 57 23 27 20 33 67 23 26 24 21 74 30 26 216 38 53 292
leaf_count=22 22 24 28 32 26 24 22 23 21 21 22 31 22 57 23 27 20 33 67 23 26 24 21 74 30 26 216 38 53 292
internal_value=-5.31155e-10 0.678226 -0.0820435 0.440059 0.0269136 0.792448 0.137192 -0.166214 -0.079407 -0.120285 -0.239447 -0.220991 0.421253 -0.199418 0.0963568 0.0712426 0.110682 0.257087 0.0378835 0.170987 -0.0937571 0.0059365 0.137639 -0.217209 0.0789178 -0.187477 -0.133723 -0.303625 -0.09485 -0.109719
internal_weight=1390 150 1240 126 58 68 344 896 410 387 486 464 44 433 316 293 271 90 181 90 91 65 45 411 57 354 242 112 366 345
internal_count=1390 150 1240 126 58 68 344 896 410 387 486 464 44 433 316 293 271 90 181 90 91 65 45 411 57 354 242 112 366 345
is_linear=0
shrinkage=0.1


Tree=33
num_leaves=31
num_cat=0
split_feature=1 0 2 6 6 5 0 0 1 0 2 5 5 2 2 0 2 6 5 2 3 2 6 1 5 1 3 0 1 1
split_gain=7015.58 4032.32 1155.37 1104.9 2850.44 2036.58 928.808 578.836 875.534 567.861 482.36 723.256 600.604 307.162 295.889 302.093 281.177 219.23 334.005 165.829 164.502 157.136 150.254 170.805 144.625 157.347 253.48 143.497 266.283 157.788
threshold=396.83333333333343 141.12500000000003 62.966666666666669 5.5000000000000009 4.5000000000000009 14.500000000000002 212.25000000000003 77.550781250000014 58.015625000000007 248.14062500000003 95.920833333333363 13.500000000000002 16.500000000000004 56.937500000000007 88.387500000000017 27.483333333333338 38.000000000000007 2.5000000000000004 14.500000000000002 347.46666666666675 363.46875000000006 205.37500000000003 1.0000000180025095e-35 49.033333333333339 7.5000000000000009 57.518750000000004 81.687500000000014 103.27554563492065 107.29166666666667 109.51562500000001
decision_type=2 2 2 2 2 2 2 2 2 2 2 2 2 2 2 2 2 2 2 2 2 2 2 2 2 2 2 2 2 2
left_child=1 7 -3 4 9 -6 20 14 -9 10 -4 -12 17 -10 15 -1 -17 18 -13 -7 21 -5 -18 -24 -25 -26 -27 28 -15 -29
right_child=-2 2 3 6 5 19 -8 8 13 -11 11 12 -14 27 -16 16 22 -19 -20 -21 -22 -23 23 24 25 26 -28 29 -30 -31
leaf_value=-0.56582005674188796 1.7715605963360179 0.85806423989789826 -0.2916782119057395 -0.23524094485633432 1.5038983400221226 0.5868893511336426 -0.68410419808192691 0.48548965189192028 -0.44067165195941932 -0.39996529874347508 0.57109585284459885 0.11347914798693225 0.40083953338425338 -0.10005952223636616 -0.57398513503696613 0.17097629422233218 -0.36099610486120548 0.15068987518548968 -0.39267978708958257 0.22280281457034024 0.30756243616342549 0.14718827708539636 -0.3218317000251828 -0.19566955877228021 0.20290997709546771 0.12612060795609767 -0.28131069222817551 0.23876552766277676 -0.45631344091329401 -0.049310054161599774
leaf_weight=22 22 28 22 21 27 29 22 27 25 21 41 22 41 239 23 21 53 30 32 22 20 22 66 163 21 26 37 21 23 201
leaf_count=22 22 28 22 21 27 29 22 27 25 21 41 22 41 239 23 21 53 30 32 22 20 22 66 163 21 26 37 21 23 201
internal_value=1.46717e-10 -0.02849 0.23859 0.191963 0.285754 0.801624 -0.124717 -0.138854 -0.0694314 0.093228 0.148319 0.206632 0.0870872 -0.0988673 -0.224989 -0.205363 -0.184872 -0.0660538 -0.186467 0.429832 0.0706243 -0.0395795 -0.20529 -0.178924 -0.140738 -0.0341458 -0.113164 -0.0812121 -0.131334 -0.0220597
internal_weight=1390 1368 400 372 287 78 85 968 536 209 188 166 125 509 432 409 387 84 54 51 63 43 366 313 247 84 63 484 262 222
internal_count=1390 1368 400 372 287 78 85 968 536 209 188 166 125 509 432 409 387 84 54 51 63 43 366 313 247 84 63 484 262 222
is_linear=0
shrinkage=0.1


Tree=34
num_leaves=31
num_cat=0
split_feature=1 0 5 5 0 1 3 1 3 1 0 6 1 3 2 6 0 4 4 2 0 0 1 5 3 5 0 0 0 4
split_gain=5682.62 3266.18 988.588 2324.97 1736.28 1280.13 841.971 699.491 496.93 564.947 1022.16 447.264 426.12 391.897 369.611 276.046 223.936 219.672 274.416 193.117 206.561 171.454 167.407 166.572 117.716 183.563 125.807 118.806 86.7584 83.9161
threshold=396.83333333333343 141.12500000000003 14.500000000000002 16.500000000000004 275.25000000000006 222.65000000000003 231.41666666666669 108.95208333333336 73.740823412698418 45.980468750000007 49.033333333333339 5.5000000000000009 275.25000000000006 200.55000000000004 53.291666666666679 1.5000000000000002 103.59375000000001 187.41666666666669 84.375000000000014 61.734375000000007 60.415873015873025 84.763764880952394 108.95208333333336 20.500000000000004 32.500000000000007 7.5000000000000009 51.031250000000007 52.984375000000007 309.04687500000006 65.456349206349216
decision_type=2 2 2 2 2 2 2 2 2 2 2 2 2 2 2 2 2 2 2 2 2 2 2 2 2 2 2 2 2 2
left_child=1 8 4 5 6 -4 7 -3 11 10 -10 21 23 15 -11 -9 19 18 -17 -16 -21 24 -18 -5 -1 27 -27 -26 -14 -13
right_child=-2 2 3 12 -6 -7 -8 13 9 14 -12 29 28 -15 16 17 22 -19 -20 20 -22 -23 -24 -25 25 26 -28 -29 -30 -31
leaf_value=-0.42658483358946714 1.5944045326926493 0.72296076320111757 -0.037786843697979772 0.33880332018702464 1.2274139285087586 -0.83876964040100577 0.72733379229903228 0.41248088199080846 -0.25360205799341201 -0.42767571110744029 0.71437368392944345 -0.66941985815763472 0.76752827383577826 -0.26811888074874879 0.12784333814073492 -0.051426383150884741 0.27145171098056292 -0.18420781244834264 0.40374417856887534 -0.45382158820118224 -0.12888344442190999 0.024648540547570666 -0.026403714089043517 0.015687282383441924 -0.37477127966728618 0.099017366580665123 -0.17349125914689567 -0.18980977426360091 0.47298043489456182 -0.39206967179973923
leaf_weight=22 22 20 53 39 21 32 33 33 20 32 24 20 20 25 27 26 21 24 27 21 286 37 186 27 47 32 36 133 20 24
leaf_count=22 22 20 53 39 21 32 33 33 20 32 24 20 20 25 27 26 21 24 27 21 286 37 186 27 47 32 36 133 20 24
internal_value=6.44974e-11 -0.025641 0.214731 0.0502813 0.365018 -0.339333 0.268687 0.17104 -0.124968 -0.0709278 0.274385 -0.219963 0.362708 0.0892735 -0.0974439 0.170499 -0.0779108 0.0667925 0.180453 -0.12856 -0.15111 -0.177228 0.0038135 0.206619 -0.204892 -0.185226 -0.0452519 -0.238105 0.620254 -0.518138
internal_weight=1390 1368 400 191 209 85 188 155 968 617 44 351 106 135 573 110 541 77 53 334 307 307 207 66 270 248 68 180 40 44
internal_count=1390 1368 400 191 209 85 188 155 968 617 44 351 106 135 573 110 541 77 53 334 307 307 207 66 270 248 68 180 40 44
is_linear=0
shrinkage=0.1


Tree=35
num_leaves=31
num_cat=0
split_feature=0 0 2 6 6 0 5 0 2 5 6 0 1 5 3 2 2 1 0 2 2 5 3 2 4 4 2 3 4 2
split_gain=4840.44 2610.92 834.776 861.424 2005.55 723.967 587.107 467.763 425.709 942.286 450.143 421.469 937.56 277.847 265.154 255.864 217.48 275.227 185.291 189.949 179.318 130.735 114.395 126.563 107.9 168.044 138.465 120.235 119.024 95.3484
threshold=396.83333333333343 141.12500000000003 62.966666666666669 5.5000000000000009 4.5000000000000009 212.25000000000003 15.500000000000002 248.14062500000003 113.66666666666669 13.500000000000002 3.5000000000000004 59.875000000000007 51.031250000000007 16.500000000000004 107.29166666666667 56.031250000000007 35.645833333333336 36.140625000000007 88.984126984127002 96.614583333333357 99.848345588235304 14.500000000000002 363.46875000000006 205.37500000000003 72.929563492063508 58.67460317460317 59.28768382352942 70.140625000000014 47.560416666666676 71.162500000000009
decision_type=2 2 2 2 2 2 2 2 2 2 2 2 2 2 2 2 2 2 2 2 2 2 2 2 2 2 2 2 2 2
left_child=1 11 -3 4 7 22 -6 8 -4 -10 13 16 -13 21 -8 -14 -1 -18 20 -20 29 -11 23 -5 25 26 -19 -26 -28 -17
right_child=-2 2 3 5 6 -7 14 -9 9 10 -12 12 15 -15 -16 18 17 24 19 -21 -22 -23 -24 -25 27 -27 28 -29 -30 -31
leaf_value=0.041295743905580967 1.4715215948495 0.71780693531036377 -0.18105729721687935 -0.22304369900375606 1.0337643099682672 -0.62187176482243978 0.1912195086479187 -0.37468289042867364 0.73276821904712264 0.043218388380827727 0.43365276362746957 0.5262045555114746 -0.3731746016070247 0.24992399375747751 0.65779870815318209 0.01906527661783404 -0.60867013079779486 -0.096414680552223464 0.22463639435859828 -0.055683321164661029 -0.39747715675830841 -0.23882397241956954 0.24203960407525302 0.120172213322737 -0.14567581415176392 0.093623200356960312 -0.50487400267435156 -0.43672792516648773 -0.20463325986939093 -0.14243318750484862
leaf_weight=26 22 28 37 21 28 22 21 21 27 27 28 25 32 27 29 43 21 46 26 344 25 42 20 22 22 20 23 40 31 244
leaf_count=26 22 28 37 21 28 22 21 21 27 27 28 25 32 27 29 43 21 46 26 344 25 42 20 22 22 20 23 40 31 244
internal_value=2.96717e-10 -0.0236648 0.191248 0.151614 0.234428 -0.128006 0.667143 0.0729368 0.122937 0.197426 0.080859 -0.112472 -0.0757399 -0.0220392 0.461835 -0.0968164 -0.231007 -0.265884 -0.0838495 -0.0359852 -0.140612 -0.12846 0.044455 -0.0474449 -0.226331 -0.170986 -0.223908 -0.333451 -0.332514 -0.118237
internal_weight=1390 1368 400 372 287 85 78 209 188 151 124 968 739 96 50 714 229 203 682 370 312 69 63 43 182 120 100 62 54 287
internal_count=1390 1368 400 372 287 85 78 209 188 151 124 968 739 96 50 714 229 203 682 370 312 69 63 43 182 120 100 62 54 287
is_linear=0
shrinkage=0.1


Tree=36
num_leaves=31
num_cat=0
split_feature=0 0 6 6 2 5 1 3 1 1 0 3 2 0 1 6 6 5 2 3 1 4 3 0 4 0 2 4 4 2
split_gain=3920.76 2133.08 781.65 1672.72 802.169 704.678 515.31 511.843 559.46 384.76 498.598 353.47 344.258 278.252 281.325 273.427 270.092 198.838 163.821 156.79 140.614 408.122 116.498 108.576 124.613 92.1072 130.758 86.3678 77.8536 75.3369
threshold=396.83333333333343 159.56250000000003 5.5000000000000009 4.5000000000000009 242.41666666666666 14.500000000000002 314.00000000000006 96.614583333333357 45.300000000000004 227.00000000000003 207.30729166666669 159.56250000000003 113.66666666666669 106.69246031746034 84.763764880952394 5.5000000000000009 1.0000000180025095e-35 5.5000000000000009 165.75000000000003 141.12500000000003 72.718750000000014 113.16666666666669 51.516666666666673 54.046875000000007 46.906250000000007 91.574156746031761 104.15972222222223 353.25000000000006 86.033333333333346 97.377976190476204
decision_type=2 2 2 2 2 2 2 2 2 2 2 2 2 2 2 2 2 2 2 2 2 2 2 2 2 2 2 2 2 2
left_child=1 7 3 9 -5 28 -6 15 -9 10 11 19 -13 20 -15 16 22 -17 -14 -3 21 -10 -1 -18 -25 -26 -27 29 -4 -16
right_child=-2 2 5 4 6 -7 -8 8 13 -11 -12 12 18 14 27 17 23 -19 -20 -21 -22 -23 -24 24 25 26 -28 -29 -30 -31
leaf_value=-0.15519718641326541 1.3243694797158243 0.11527106513579687 0.014748536776751281 1.1270884768962861 0.038715694099664688 -0.52252735480666157 0.6687379266764667 0.39899137452725442 0.033333244271900341 -0.18387995204991767 0.52238263162699616 -0.40744232251530604 0.29492851316928864 0.34074768378184395 -0.16606605677377612 -0.10160468188316928 -0.19666349533565192 -0.46304297794898353 -0.10981981709599496 0.48942545212450483 -0.080097595009925401 -0.5399038818147448 -0.45649062142227637 0.14714397282704064 -0.12705688420548453 0.20194855430586772 -0.072608242715459057 -0.20546109125018122 0.29377103894948958 0.03450675586378471
leaf_weight=21 22 24 20 25 20 25 37 31 23 36 33 21 20 26 21 23 98 45 20 21 136 27 33 23 242 22 82 20 20 173
leaf_count=21 22 24 20 25 20 25 37 31 23 36 33 21 20 26 21 23 98 45 20 21 136 27 33 23 242 22 82 20 20 173
internal_value=8.88777e-11 -0.0212983 0.203762 0.282117 0.654815 -0.106043 0.447677 -0.0905807 -0.0111658 0.107482 0.182942 0.0772672 -0.0795757 -0.0410129 0.0301354 -0.152198 -0.127583 -0.340792 0.0925543 0.289876 -0.132817 -0.276215 -0.339321 -0.1031 -0.0782506 -0.0932334 -0.0145289 -0.00760252 0.15426 0.0127953
internal_weight=1390 1368 322 257 82 65 57 1046 457 175 139 106 61 426 240 589 521 68 40 45 186 50 54 467 369 346 104 214 40 194
internal_count=1390 1368 322 257 82 65 57 1046 457 175 139 106 61 426 240 589 521 68 40 45 186 50 54 467 369 346 104 214 40 194
is_linear=0
shrinkage=0.1


Tree=37
num_leaves=31
num_cat=0
split_feature=1 0 5 3 5 5 6 2 0 1 2 1 5 1 0 1 2 3 2 5 2 5 4 2 2 3 1 3 6 5
split_gain=3241.78 1733.67 722.475 1128.5 1061.37 720.462 777.914 693.339 667.346 438.069 421.038 344.001 334.242 346.937 290.227 570.6 380.646 219.722 165.696 157.293 148.426 142.945 219.128 144.03 165.221 108.311 91.843 77.6408 62.1519 55.5835
threshold=396.83333333333343 134.5588235294118 13.500000000000002 231.41666666666669 16.500000000000004 15.500000000000002 3.5000000000000004 199.25000000000003 222.65000000000003 106.04687500000001 79.204166666666694 159.56250000000003 21.500000000000004 225.12500000000003 39.484375000000007 44.593750000000007 48.031250000000007 58.864583333333336 175.21875000000003 3.5000000000000004 99.031746031746039 7.5000000000000009 70.265625000000014 58.015625000000007 79.731250000000003 51.516666666666673 76.130208333333343 101.96666666666668 1.0000000180025095e-35 18.500000000000004
decision_type=2 2 2 2 2 2 2 2 2 2 2 2 2 2 2 2 2 2 2 2 2 2 2 2 2 2 2 2 2 2
left_child=1 14 3 8 5 6 18 -8 9 -3 -11 -12 13 -6 25 -16 -17 20 -4 -13 26 28 -23 -24 27 -1 -18 -25 -19 -26
right_child=-2 2 4 -5 12 -7 7 -9 -10 10 11 19 -14 -15 15 16 17 21 -20 -21 -22 22 23 24 29 -27 -28 -29 -30 -31
leaf_value=-0.16847410132177176 1.2042479605837304 0.50380231440067291 -0.01803230197930878 0.92800535464286815 0.18624464179955277 -0.50844469376099422 -0.053601063852724819 0.75145852088928233 0.587368957084768 -0.41824760183691984 0.44063441398597902 0.11861245668303498 -0.027487432559331261 0.58245811599473929 0.29332871699275881 -0.50845322798598891 -0.19379962386080513 -0.2073944576823249 -0.36288050973885944 -0.24160009414296257 -0.44238852432795933 0.2249456138773398 0.1860127972364426 -0.12487875963250797 0.033945672196903448 -0.42667700625730287 0.030367283726280388 -0.37558197073993232 -0.091557894500843062 -0.06376338450354524
leaf_weight=32 22 20 22 25 51 39 23 20 34 20 21 27 30 39 39 22 108 58 38 22 21 33 25 30 87 33 22 21 230 176
leaf_count=32 22 20 22 25 51 39 23 20 34 20 21 27 30 39 39 22 108 58 38 22 21 33 25 30 87 33 22 21 230 176
internal_value=5.72797e-10 -0.0193666 0.146619 0.307825 0.0426357 -0.142389 -0.0037847 0.320845 0.200155 0.0804705 -0.0136033 0.102009 0.261581 0.357937 -0.0957166 -0.0805217 -0.0980249 -0.0868912 -0.236436 -0.0431156 -0.195712 -0.0619944 -0.0210461 -0.0449922 -0.0633843 -0.299562 -0.155864 -0.228109 -0.114886 -0.0314414
internal_weight=1390 1368 431 169 262 142 103 43 144 110 90 70 120 90 937 872 833 811 60 49 151 660 372 339 314 65 130 51 288 263
internal_count=1390 1368 431 169 262 142 103 43 144 110 90 70 120 90 937 872 833 811 60 49 151 660 372 339 314 65 130 51 288 263
is_linear=0
shrinkage=0.1


Tree=38
num_leaves=31
num_cat=0
split_feature=0 0 2 6 6 0 2 0 2 3 1 3 1 6 6 6 5 5 2 5 6 5 5 0 0 2 2 0 5 0
split_gain=2687.95 1423.57 601.807 611.444 1010.97 591.066 427.683 393.189 421.011 438.733 352.751 333.188 622.934 375.247 323.601 177.28 208.867 335.426 161.215 158.065 145.369 142.019 109.451 124.485 103.639 96.2499 87.4824 91.2117 83.0509 116.05
threshold=396.83333333333343 148.58333333333334 62.966666666666669 5.5000000000000009 4.5000000000000009 212.25000000000003 242.41666666666666 248.14062500000003 97.377976190476204 190.33333333333334 314.00000000000006 111.65625000000001 51.953125000000007 5.5000000000000009 1.0000000180025095e-35 3.5000000000000004 15.500000000000002 14.500000000000002 53.291666666666679 6.5000000000000009 1.0000000180025095e-35 13.500000000000002 13.500000000000002 97.855468750000014 90.265625000000014 60.415873015873025 106.04687500000001 104.78125000000001 7.5000000000000009 61.093750000000007
decision_type=2 2 2 2 2 2 2 2 2 2 2 2 2 2 2 2 2 2 2 2 2 2 2 2 2 2 2 2 2 2
left_child=1 11 -3 4 7 -5 -6 8 -4 15 -8 13 -13 14 25 16 17 -10 -14 -15 -20 -11 23 -22 28 -1 -26 -28 29 -16
right_child=-2 2 3 5 6 -7 10 -9 9 21 -12 12 18 19 24 -17 -18 -19 20 -21 22 -23 -24 -25 26 -27 27 -29 -30 -31
leaf_value=-0.46182989348535958 1.0965658502145248 0.63467341860135396 -0.28452692704842142 0.046760598497063509 0.89038706958293923 -0.57336963848634204 0.014554785937070847 -0.34435453954197115 0.10168064580909138 0.6420544183254242 0.53581633414771113 0.4138625105075977 -0.2946911334991455 -0.15972375041476033 -0.22634502713169372 0.30174111431837081 0.20343431397791834 -0.40969189172205722 -0.11358627239647119 -0.46635318823158745 0.0149004112590443 0.273864615037614 -0.012465467617161326 0.35528616025334314 0.11440079508288561 -0.2130331113624076 -0.15775403882911865 0.014790764412927357 -0.034452481898115887 -0.082810717419182001
leaf_weight=23 22 24 23 51 20 22 20 21 29 20 37 34 23 29 84 25 31 23 92 40 22 22 91 21 46 48 47 88 141 171
leaf_count=23 22 24 23 51 20 22 20 21 29 20 37 34 23 29 84 25 31 23 92 40 22 22 91 21 46 48 47 88 141 171
internal_value=1.27177e-09 -0.0176348 0.150525 0.116747 0.185942 -0.140128 0.49252 0.0642596 0.11386 0.174946 0.352918 -0.0795177 0.0123603 -0.115782 -0.0921752 0.0682946 -0.00202062 -0.124503 -0.0424633 -0.33748 -0.0167941 0.449193 0.0496602 0.181135 -0.0673862 -0.293629 -0.00469843 -0.0452804 -0.0960389 -0.130093
internal_weight=1390 1368 368 344 271 73 77 194 173 150 57 1000 283 717 648 108 83 52 249 69 226 42 134 43 577 71 181 135 396 255
internal_count=1390 1368 368 344 271 73 77 194 173 150 57 1000 283 717 648 108 83 52 249 69 226 42 134 43 577 71 181 135 396 255
is_linear=0
shrinkage=0.1


Tree=39
num_leaves=31
num_cat=0
split_feature=1 0 2 1 0 3 3 3 1 2 3 6 6 3 3 2 0 1 5 0 5 0 2 3 2 0 5 0 3 5
split_gain=2199.8 1180.43 712.151 519.042 737.602 869.617 454.218 343.624 474.365 323.265 288.286 272.139 264.705 261.655 181.516 411.905 231.338 567.778 165.912 104.517 214.981 88.7739 102.376 84.538 239.613 75.2628 80.6153 68.4295 64.1834 63.9881
threshold=396.83333333333343 171.30000000000004 90.265625000000014 353.25000000000006 323.00000000000006 273.20312500000006 205.37500000000003 111.65625000000001 51.953125000000007 157.75000000000003 152.20312500000003 5.5000000000000009 1.0000000180025095e-35 112.04687500000001 218.75000000000003 69.684523809523824 97.855468750000014 84.763764880952394 5.5000000000000009 135.15625000000003 14.500000000000002 91.574156746031761 103.27554563492065 51.516666666666673 73.062500000000014 93.377083333333346 9.5000000000000018 204.25000000000003 309.04687500000006 7.5000000000000009
decision_type=2 2 2 2 2 2 2 2 2 2 2 2 2 2 2 2 2 2 2 2 2 2 2 2 2 2 2 2 2 2
left_child=1 7 -3 4 5 6 9 11 -9 -4 13 12 23 -11 16 -16 25 -18 -13 -19 -21 29 -23 -1 -25 26 -10 -15 -17 -14
right_child=-2 2 3 -5 -6 -7 -8 8 14 10 -12 18 21 27 15 28 17 19 -20 20 -22 22 -24 24 -26 -27 -28 -29 -30 -31
leaf_value=-0.095893434080339623 0.99200862646102905 0.60960232969373473 -0.23458915298635308 -0.37997465968132021 0.73151282608509072 -0.35168145866029793 0.56505664277959755 0.37247627544052464 -0.19925505052442138 0.2366031225770712 0.4029695171862841 -0.082840784501146403 -0.11535229710217279 0.021095883473753931 -0.5435782063007355 -0.094950675164582221 0.58817409306764601 -0.054709682704471962 -0.39156132823958689 0.33738154356296246 -0.03579242391707866 0.19105412297261259 -0.030895084153500299 -0.59223547861689618 -0.14869661010031043 -0.28547261524058526 0.053413378394075811 -0.24049453116953373 0.12094141940275829 -0.032257777882558812
leaf_weight=21 22 32 22 20 20 36 27 34 23 48 40 27 260 20 20 40 20 82 49 26 38 24 155 21 29 21 28 20 21 144
leaf_count=21 22 32 22 20 20 36 27 34 23 48 40 27 260 20 20 40 20 82 49 26 38 24 155 21 29 21 28 20 21 144
internal_value=5.26934e-10 -0.0159534 0.165126 0.108907 0.150871 0.0963511 0.187476 -0.0636057 0.0173973 0.119512 0.180373 -0.102776 -0.0819619 0.0791929 -0.0204481 -0.149751 0.0235583 0.0884885 -0.281884 0.0200385 0.11581 -0.0597601 -0.00113653 -0.264266 -0.334983 -0.126142 -0.0605351 -0.109699 -0.0206272 -0.0857344
internal_weight=1390 1368 285 253 233 213 177 1083 353 150 128 730 654 88 319 81 238 166 76 146 64 583 179 71 50 72 51 40 61 404
internal_count=1390 1368 285 253 233 213 177 1083 353 150 128 730 654 88 319 81 238 166 76 146 64 583 179 71 50 72 51 40 61 404
is_linear=0
shrinkage=0.1


Tree=40
num_leaves=31
num_cat=0
split_feature=3 5 0 1 6 0 1 2 5 1 4 4 2 6 4 0 1 2 2 2 4 4 5 0 2 6 3 5 5 0
split_gain=2024.74 2417.47 752.172 999.799 456.941 585.443 325.905 279.283 332.143 325.029 277.469 395.55 221.613 330.569 311.831 174.09 332.427 170.4 153.376 136.137 119.517 153.078 220.415 97.6021 93.2141 92.2717 156.039 78.0821 106.319 61.1735
threshold=336.68750000000006 15.500000000000002 182.08333333333334 391.21875000000006 4.5000000000000009 332.84375000000006 227.00000000000003 49.033333333333339 11.500000000000002 47.093750000000007 158.59375000000003 195.09791666666669 45.300000000000004 3.5000000000000004 122.31666666666668 97.855468750000014 96.614583333333357 96.614583333333357 107.51562500000001 231.75000000000003 363.46875000000006 122.98345588235296 14.500000000000002 95.920833333333363 112.04687500000001 1.0000000180025095e-35 114.67187500000001 16.500000000000004 3.5000000000000004 64.566964285714292
decision_type=2 2 2 2 2 2 2 2 2 2 2 2 2 2 2 2 2 2 2 2 2 2 2 2 2 2 2 2 2 2
left_child=2 -2 7 4 6 19 10 8 12 -9 -4 -12 13 14 -1 23 -17 -18 -19 -6 21 27 -23 24 25 29 -27 28 -20 -11
right_child=1 -3 3 -5 5 -7 -8 9 -10 15 11 -13 -14 -15 -16 16 17 18 20 -21 -22 22 -24 -25 -26 26 -28 -29 -30 -31
leaf_value=0.0017578825942779844 1.1551003213971853 -0.20662908852100373 0.49991766611735033 -0.47344032973051076 0.4387852095422291 0.79809782256682715 -0.17454167306423188 0.33903083698824049 -0.53437877843777348 -0.29736566555500032 -0.27232726585297357 0.26598518991317505 -0.4088605305357349 0.29658409527369906 -0.4860699066519738 0.37739479352127425 -0.2992119289579846 0.25608658393224082 -0.018601525817066433 0.13446540251678349 -0.25952506986912338 0.36863859050314535 0.018050464572980231 -0.27998820406198505 -0.28404042515016736 -0.065617657411957575 0.19205672019720077 -0.010291109127138043 -0.24640356667694593 -0.10816246643500765
leaf_weight=38 32 22 21 24 21 24 36 22 24 25 21 39 21 21 20 22 21 21 40 49 20 22 97 25 21 392 25 128 42 54
leaf_count=38 32 22 21 24 21 24 36 22 24 25 21 39 21 21 20 22 21 21 40 49 20 22 97 25 21 392 25 128 42 54
internal_value=-4.4724e-10 0.600322 -0.0242645 0.138146 0.207711 0.37189 0.0758062 -0.0589299 -0.200302 -0.040987 0.187072 0.0775758 -0.120124 -0.0433713 -0.166459 -0.0497413 -0.000829968 -0.0221112 -0.00638382 0.225761 -0.0221772 -0.00774872 0.0828651 -0.0870114 -0.0776798 -0.0689428 -0.0501696 -0.0590965 -0.135281 -0.168037
internal_weight=1390 54 1336 235 211 94 117 1101 124 977 81 60 100 79 58 955 413 391 370 70 349 329 119 542 517 496 417 210 82 79
internal_count=1390 54 1336 235 211 94 117 1101 124 977 81 60 100 79 58 955 413 391 370 70 349 329 119 542 517 496 417 210 82 79
is_linear=0
shrinkage=0.1


Tree=41
num_leaves=31
num_cat=0
split_feature=1 0 2 3 0 1 2 0 2 0 3 4 2 4 2 0 3 4 0 1 2 3 6 4 6 0 2 1 2 1
split_gain=1914.08 743.67 685.755 436.347 558.332 2305.45 236.061 401.631 355.901 234.933 193.529 309.123 287.69 287.628 248.198 196.358 375.491 239.588 111.226 343.772 111.863 234.264 216.289 178.782 138.85 85.6497 165.398 82.0958 58.9756 89.1571
threshold=396.83333333333343 117.90625000000001 45.980468750000007 396.83333333333343 270.03125000000006 332.84375000000006 49.033333333333339 72.218750000000014 52.984375000000007 41.203125000000007 222.65000000000003 336.68750000000006 113.66666666666669 231.75000000000003 159.56250000000003 203.18020833333335 166.75000000000003 97.109375000000014 64.566964285714292 68.416666666666686 64.234375000000014 84.375000000000014 4.5000000000000009 54.312500000000007 2.5000000000000004 190.33333333333334 129.80000000000004 36.140625000000007 203.18020833333335 175.21875000000003
decision_type=2 2 2 2 2 2 2 2 2 2 2 2 2 2 2 2 2 2 2 2 2 2 2 2 2 2 2 2 2 2
left_child=1 6 -3 4 10 -6 7 9 -8 27 11 13 -12 15 -14 25 17 -17 20 -20 22 23 -10 -22 -25 26 -4 -1 29 -28
right_child=-2 2 3 -5 5 -7 8 -9 18 -11 12 -13 14 -15 -16 16 -18 -19 19 -21 21 -23 -24 24 -26 -27 28 -29 -30 -31
leaf_value=-0.32698563262820246 0.92534686326980597 0.65346007168293008 0.29688373804092411 -0.40134715259075171 0.88246987412708844 -0.24969329891460285 0.35323148554279693 -0.57175553456569717 -0.1534023896467929 0.14182346176642638 -0.39620345688114567 0.40402447092533117 0.19551557146889323 -0.27329823678290405 -0.19571771523164166 0.30054594911634924 0.57855591326951983 -0.13002960937363761 0.27122424861246891 -0.061933575039669425 -0.31427564836922106 -0.49544914109366278 0.21832279606681804 -0.17456180376225505 0.13488677919938649 -0.16876271665096285 0.013460800229675241 -0.085131857573986058 0.11309500193676435 -0.20346110115448635
leaf_weight=32 22 20 22 20 37 35 21 24 49 26 24 25 34 27 31 24 20 28 33 504 32 21 23 29 29 22 90 25 37 24
leaf_count=32 22 20 22 20 37 35 21 24 49 26 24 25 34 27 31 24 20 28 33 504 32 21 23 29 29 22 90 25 37 24
internal_value=-6.38442e-11 -0.0148813 0.0792737 0.0563062 0.0753751 0.332113 -0.0726179 -0.211463 -0.0525687 -0.107282 0.0300685 0.0664468 -0.100321 0.0377412 0.00892739 0.0691947 0.210325 0.0686976 -0.0644045 -0.0414602 -0.131733 -0.194701 -0.0346568 -0.124527 -0.0198375 0.017085 0.0407189 -0.220909 0.00339683 -0.032207
internal_weight=1390 1368 520 500 480 72 848 107 741 83 408 319 89 294 65 267 72 52 720 537 183 111 72 90 58 195 173 57 151 114
internal_count=1390 1368 520 500 480 72 848 107 741 83 408 319 89 294 65 267 72 52 720 537 183 111 72 90 58 195 173 57 151 114
is_linear=0
shrinkage=0.1


Tree=42
num_leaves=31
num_cat=0
split_feature=3 6 1 0 1 0 3 1 4 6 2 1 2 4 3 6 5 4 0 1 2 2 1 2 0 2 0 4 0 0
split_gain=1739.01 5353.45 2705.94 1050.78 619.99 344.601 459.446 397.323 334.862 333.897 421.157 331.198 170.04 126.942 115.166 113.643 120.13 203.171 108.097 139.785 431.696 183.836 96.5352 78.8288 112.129 168.313 74.0223 67.2043 63.5782 62.1529
threshold=241.12500000000003 5.5000000000000009 391.21875000000006 203.18020833333335 190.33333333333334 59.875000000000007 101.96666666666668 51.953125000000007 195.09791666666669 3.5000000000000004 238.30000000000004 309.04687500000006 197.83333333333334 113.16666666666669 81.015625000000014 5.5000000000000009 7.5000000000000009 44.775000000000006 106.69246031746034 103.59375000000001 75.966666666666683 116.41666666666667 107.51562500000001 62.41875000000001 85.937500000000014 96.614583333333357 139.65625000000003 363.46875000000006 40.265625000000007 51.031250000000007
decision_type=2 2 2 2 2 2 2 2 2 2 2 2 2 2 2 2 2 2 2 2 2 2 2 2 2 2 2 2 2 2
left_child=2 -2 3 5 8 6 14 -7 26 12 -11 -12 -5 -13 15 16 28 -18 22 -20 -21 -22 23 -9 -25 -26 -3 -23 -1 -19
right_child=1 4 -4 9 -6 7 -8 18 -10 10 11 13 -14 -15 -16 -17 17 29 19 20 21 27 -24 24 25 -27 -28 -29 -30 -31
leaf_value=-0.34476424727588895 1.4485072579658169 -0.12917693983244438 -1.1348084785721519 0.19496787595748902 -0.49656133158979093 0.41951051801443101 -0.57343171897033851 -0.23306371098892256 0.44608514188300996 0.7260857582092286 0.014331240025726525 0.25129188075661663 -0.18622318750078029 0.60758143991231917 0.095049611789484831 -0.3510722138664939 -0.21601749496727157 0.25570891916751864 0.19734149210982854 -0.44878159559198788 0.30554631224700385 0.012378497395132269 -0.20868896220515418 -0.078496046000780015 0.24985580461631929 -0.019897290346863911 0.11561450759569805 -0.17787630729377271 -0.14050169508846011 0.012136041440747002
leaf_weight=20 33 30 22 25 22 20 24 22 21 22 37 20 22 20 24 22 29 20 36 21 21 259 41 269 28 133 21 20 64 22
leaf_count=20 33 30 22 25 22 20 24 22 21 22 37 20 22 20 24 22 29 20 36 21 21 259 41 269 28 133 21 20 64 22
internal_value=2.63931e-10 0.352731 -0.0354685 -0.0159798 -0.0319571 -0.0495798 -0.159891 -0.021051 0.110005 0.23602 0.340218 0.22997 0.016538 0.429437 -0.110513 -0.138386 -0.108198 -0.0124414 -0.0314172 0.0104898 -0.0104655 0.0202166 -0.0617636 -0.0484363 -0.0389903 0.0270163 -0.0283805 -0.00125984 -0.189136 0.128123
internal_weight=1390 127 1263 1241 94 1095 225 870 72 146 99 77 47 40 201 177 155 71 850 357 321 300 493 452 430 161 51 279 84 42
internal_count=1390 127 1263 1241 94 1095 225 870 72 146 99 77 47 40 201 177 155 71 850 357 321 300 493 452 430 161 51 279 84 42
is_linear=0
shrinkage=0.1


Tree=43
num_leaves=31
num_cat=0
split_feature=1 0 2 5 5 1 4 3 3 4 3 1 2 6 6 6 5 5 3 4 3 5 4 2 2 0 2 4 5 0
split_gain=1807.94 467.47 547.505 498.823 951.993 1028.09 755.082 844.559 440.991 401.723 175.489 399.166 214.729 169.804 176.475 131.936 141.675 104.777 102.585 151.949 100.247 152.826 91.7858 75.4331 61.1496 49.6398 78.1712 45.2857 56.8002 141.603
threshold=396.83333333333343 171.30000000000004 90.265625000000014 16.500000000000004 14.500000000000002 222.65000000000003 231.75000000000003 204.25000000000003 159.56250000000003 90.669146825396837 111.65625000000001 51.953125000000007 54.890625000000007 5.5000000000000009 1.0000000180025095e-35 1.0000000180025095e-35 12.500000000000002 20.500000000000004 196.25000000000003 336.68750000000006 59.41875000000001 8.5000000000000018 135.15625000000003 60.415873015873025 100.04166666666669 91.574156746031761 102.46428571428574 128.10937500000003 8.5000000000000018 66.516666666666694
decision_type=2 2 2 2 2 2 2 2 2 2 2 2 2 2 2 2 2 2 2 2 2 2 2 2 2 2 2 2 2 2
left_child=1 10 -3 4 6 -6 7 8 9 -4 13 -12 -13 14 23 18 22 -5 19 24 -15 -22 -17 -1 -14 27 -27 28 -16 -30
right_child=-2 2 3 17 5 -7 -8 -9 -10 -11 11 12 15 20 25 16 -18 -19 -20 -21 21 -23 -24 -25 -26 26 -28 -29 29 -31
leaf_value=-0.35375943768607532 0.89932363250038849 0.48921388555318118 -0.027051091641187672 0.35214664822754765 0.11388344090917837 -0.76852013204366942 -0.37725351238250737 0.75348087903112182 -0.20819695652462544 0.60676500558853153 0.33915768580182509 -0.25498803564480371 -0.23793099787831307 -0.40610214248299603 -0.069585668786775565 0.061775933057069778 0.0098364165928492807 0.11391474146395922 -0.28435885131359101 0.17492739645764233 -0.012402027494767133 -0.35065474997867241 0.35469189001166307 -0.13350449572705356 -0.035479174073584176 0.18722957177309407 -0.018128513509431218 -0.16274070948160985 0.14293498471379282 -0.10386735346654188
leaf_weight=23 22 32 20 48 23 31 25 24 32 20 34 35 25 20 274 20 134 30 20 25 34 22 23 48 37 21 158 37 47 46
leaf_count=23 22 32 20 48 23 31 25 24 32 20 34 35 25 20 274 20 134 30 20 25 34 22 23 48 37 21 158 37 47 46
internal_value=-1.15883e-09 -0.0144628 0.0994902 0.0501971 -0.0435464 -0.392682 0.112266 0.239745 0.0684997 0.289857 -0.0444504 0.0134371 -0.0212792 -0.0724426 -0.0560015 0.00752294 0.060517 0.260519 -0.0801402 -0.0331933 -0.213923 -0.145287 0.218452 -0.204855 -0.117113 -0.0378736 0.00596378 -0.0572966 -0.046666 0.0208607
internal_weight=1390 1368 285 253 175 54 121 96 72 40 1083 353 319 730 654 284 177 78 107 87 76 56 43 71 62 583 179 404 367 93
internal_count=1390 1368 285 253 175 54 121 96 72 40 1083 353 319 730 654 284 177 78 107 87 76 56 43 71 62 583 179 404 367 93
is_linear=0
shrinkage=0.1


Tree=44
num_leaves=31
num_cat=0
split_feature=3 3 1 1 1 0 2 3 2 2 6 1 4 0 1 2 2 4 2 2 4 2 0 0 2 2 1 0 4 4
split_gain=1547.64 1845.88 500.812 659.488 422.659 650.324 406.478 400.452 197.75 269.975 338.52 237.147 233.174 175.136 149.663 110.176 165.206 111.28 116.028 110.01 285.703 100.648 73.0947 70.9169 72.0698 65.9014 121.974 83.1055 99.8208 112.306
threshold=336.68750000000006 396.83333333333343 391.21875000000006 242.41666666666666 227.00000000000003 222.65000000000003 283.40625000000006 128.32812500000003 49.033333333333339 45.300000000000004 4.5000000000000009 47.093750000000007 125.06666666666668 32.367187500000007 212.25000000000003 54.046875000000007 58.015625000000007 54.312500000000007 61.734375000000007 73.740823412698418 133.98437500000003 90.265625000000014 62.966666666666669 57.518750000000004 68.416666666666686 203.18020833333335 187.41666666666669 180.80208333333337 363.46875000000006 314.00000000000006
decision_type=2 2 2 2 2 2 2 2 2 2 2 2 2 2 2 2 2 2 2 2 2 2 2 2 2 2 2 2 2 2
left_child=2 -2 3 4 5 8 -5 -8 9 10 12 -10 13 -1 15 -13 -17 21 -19 20 23 22 -18 -20 -25 26 27 28 29 -21
right_child=1 -3 -4 6 -6 -7 7 -9 11 -11 -12 14 -14 -15 -16 16 17 18 19 25 -22 -23 -24 24 -26 -27 -28 -29 -30 -31
leaf_value=-0.26099093366752973 1.0096244770102203 -0.18028088293292308 -0.47389813959598542 0.52041804194450381 -0.47704078978193665 0.51418054591525686 0.27841131695974114 -0.27697736620903018 0.30442312495274981 -0.4270182727170842 0.2187349244952202 -0.25420975834131243 -0.44524702106912928 0.13366547576759175 0.23684638596716381 0.18233499270346432 -0.14808927512168885 0.21326345354318621 -0.19621747002005577 -0.024780556703206363 -0.42135926129389562 -0.33307232807079951 0.078110444694757475 0.14619241227897314 -0.076424872739748517 0.10040453121376534 -0.26180285612742105 0.15159109170947757 -0.22896803300017898 0.21049322812330154
leaf_weight=22 32 22 24 34 21 22 37 20 22 28 28 22 24 23 21 36 50 20 20 599 25 21 20 26 33 45 21 28 23 21
leaf_count=22 32 22 24 34 21 22 37 20 22 28 28 22 24 23 21 36 50 20 20 599 25 21 20 26 33 45 21 28 23 21
internal_value=1.17479e-10 0.524848 -0.0212139 -0.0129331 -0.0322884 -0.0245052 0.246768 0.0835381 -0.0345656 -0.153483 -0.0745242 -0.0204491 -0.193528 -0.0592777 -0.0273814 -0.0328752 -0.0279467 -0.0358986 -0.0247836 -0.0304446 -0.126725 -0.141063 -0.0834608 -0.0334857 0.0216777 -0.0168583 -0.0244838 -0.0170565 -0.0244004 -0.0168116
internal_weight=1390 54 1336 1312 1221 1200 91 57 1178 125 97 1053 69 45 1031 1010 988 952 861 841 104 91 70 79 59 737 692 671 643 620
internal_count=1390 54 1336 1312 1221 1200 91 57 1178 125 97 1053 69 45 1031 1010 988 952 861 841 104 91 70 79 59 737 692 671 643 620
is_linear=0
shrinkage=0.1


Tree=45
num_leaves=31
num_cat=0
split_feature=0 0 2 3 0 3 2 4 1 4 3 4 0 3 0 2 2 0 2 2 4 1 6 1 3 2 3 4 0 5
split_gain=1613.25 301.482 588.085 334.561 561.77 423.641 403.747 378.96 343.462 411.684 254.67 173.182 242.144 199.844 458.165 170.237 168.429 407.867 280.176 172.446 137.164 96.2116 66.372 111.7 286.039 110.727 139.41 108.356 66.0807 53.9245
threshold=396.83333333333343 117.90625000000001 45.980468750000007 199.25000000000003 273.20312500000006 382.67187500000006 95.920833333333363 336.68750000000006 283.40625000000006 104.78125000000001 273.20312500000006 158.59375000000003 183.8666666666667 167.68750000000003 201.30000000000004 238.30000000000004 49.033333333333339 72.218750000000014 52.984375000000007 32.367187500000007 127.18958333333335 36.140625000000007 5.5000000000000009 54.890625000000007 55.125000000000007 64.86875000000002 79.13333333333334 59.875000000000007 178.84375000000003 16.500000000000004
decision_type=2 2 2 2 2 2 2 2 2 2 2 2 2 2 2 2 2 2 2 2 2 2 2 2 2 2 2 2 2 2
left_child=1 16 -3 7 5 6 -5 8 11 -10 28 12 29 14 -13 -14 17 19 -18 -1 -12 -21 23 24 -20 26 -25 -24 -8 -4
right_child=-2 2 3 4 -6 -7 10 -9 9 -11 20 13 15 -15 -16 -17 18 -19 22 21 -22 -23 27 25 -26 -27 -28 -29 -30 -31
leaf_value=0.19310736432205888 0.84952380873940214 0.57801379084587101 -0.05651865656953306 -0.50558066040277483 -0.56478851288557053 0.38162373656576332 0.041678810378779539 0.50255349548533557 -0.019520890588561695 0.54038544564411561 -0.005402765888720751 0.014869801787426695 0.47047746635618665 0.072681933563006548 -0.57794844602996653 0.093828884512186059 0.32656244947796775 -0.53078286554664378 -0.098438435158243895 -0.2866282100478808 -0.34714610978313121 -0.036909579713311456 -0.33447620537132028 -0.025000771477818491 0.40052034631371503 -0.033526804617662449 -0.36242008724560343 -0.051673526210444312 0.28409875008192931 0.075865090280771263
leaf_weight=20 22 20 80 20 22 22 23 20 24 29 24 32 21 38 22 28 21 24 27 27 23 36 20 25 20 562 24 42 22 50
leaf_count=20 22 20 80 20 22 22 23 20 24 29 24 32 21 38 22 28 21 24 27 27 23 36 20 25 20 562 24 42 22 50
internal_value=-2.24522e-10 -0.0136619 0.0462873 0.0250183 -0.0964518 -0.0195607 -0.0983648 0.0801036 0.0540264 0.286843 -0.00983958 0.00849402 0.0658045 -0.103012 -0.226649 0.25525 -0.0504233 -0.167704 -0.033488 -0.0627176 -0.172639 -0.143932 -0.0439895 -0.0346696 0.113884 -0.0460968 -0.190267 -0.1429 0.160195 -0.00560183
internal_weight=1390 1368 520 500 156 134 112 344 324 53 92 271 179 92 54 49 848 107 741 83 47 63 720 658 47 611 49 62 45 130
internal_count=1390 1368 520 500 156 134 112 344 324 53 92 271 179 92 54 49 848 107 741 83 47 63 720 658 47 611 49 62 45 130
is_linear=0
shrinkage=0.1


Tree=46
num_leaves=31
num_cat=0
split_feature=1 1 0 1 3 3 4 0 1 0 0 1 2 2 5 2 0 2 4 0 4 5 1 1 0 2 3 0 3 1
split_gain=1362.93 279.129 493.066 817.435 1049.63 394.582 429.312 157.678 420.099 155.13 107.966 413.917 226.912 102.41 618.705 106.213 88.4681 104.942 98.5587 71.902 89.6319 107.995 82.4439 87.9467 64.6071 79.3176 158.131 89.614 67.7745 136.414
threshold=396.83333333333343 353.25000000000006 199.25000000000003 190.33333333333334 258.51562500000006 171.30000000000004 163.35000000000002 41.203125000000007 45.300000000000004 275.25000000000006 97.855468750000014 69.684523809523824 54.046875000000007 95.920833333333363 11.500000000000002 107.51562500000001 104.78125000000001 117.09583333333335 363.46875000000006 185.25000000000003 122.98345588235296 14.500000000000002 180.80208333333337 152.20312500000003 95.920833333333363 64.234375000000014 89.050781250000014 64.566964285714292 74.733333333333348 67.377604166666686
decision_type=2 2 2 2 2 2 2 2 2 2 2 2 2 2 2 2 2 2 2 2 2 2 2 2 2 2 2 2 2 2
left_child=1 2 7 -4 5 6 9 -1 -9 -5 12 -12 -10 14 -13 -15 -17 -18 19 20 22 -22 23 -19 25 26 -14 28 29 -27
right_child=-2 -3 3 4 -6 -7 -8 8 10 -11 11 13 24 15 -16 16 17 18 -20 -21 21 -23 -24 -25 -26 27 -28 -29 -30 -31
leaf_value=-0.16656108151508284 0.78083701567216357 -0.38339975595474246 0.67998218679428102 0.075679847799045477 -0.55891430377960205 0.43994715710481008 -0.30240560347835221 0.31566854373862352 -0.35678690871596341 0.40935245508497414 0.44732122205197816 0.22195806667722506 -0.03553147055690016 0.20160186946392061 -0.38469052761793138 -0.13973391549934219 0.22311457998695827 -0.013356479218807712 -0.21706658073124432 -0.1674155671488155 0.29851858094334605 0.043751642495544273 0.1584772830917722 -0.20296533646122106 -0.20870333928614856 -0.023737798042831913 0.29533877484500409 -0.031029570417731633 -0.29338443008336157 -0.32350411497056486
leaf_weight=79 22 20 25 38 23 39 24 36 25 22 20 29 52 25 40 47 21 116 21 22 20 99 21 31 24 63 20 324 22 20
leaf_count=79 22 20 25 38 23 39 24 36 25 22 20 29 52 25 40 47 21 116 21 22 20 99 21 31 24 63 20 324 22 20
internal_value=-9.66875e-11 -0.0125573 -0.00705521 0.151616 0.0611422 0.177088 0.0550459 -0.0301077 -0.02029 0.198026 -0.0316784 0.00136823 -0.0624418 -0.0167599 -0.129722 0.00166654 -0.0108922 0.0063601 -0.00743337 0.00681355 0.0201691 0.0865696 -0.0268646 -0.053342 -0.0484254 -0.0407474 0.0563769 -0.057048 -0.137334 -0.0959706
internal_weight=1390 1368 1348 171 146 123 84 1177 1098 60 1062 512 550 492 69 423 398 351 330 309 287 119 168 147 525 501 72 429 105 83
internal_count=1390 1368 1348 171 146 123 84 1177 1098 60 1062 512 550 492 69 423 398 351 330 309 287 119 168 147 525 501 72 429 105 83
is_linear=0
shrinkage=0.1


Tree=47
num_leaves=31
num_cat=0
split_feature=3 0 1 1 2 1 0 3 2 5 6 1 4 6 2 0 0 0 4 6 3 1 2 1 3 4 2 0 0 4
split_gain=1266.97 1644.48 677.983 432.845 364.879 315.844 460.294 309.284 149.455 245.235 516.749 175.819 165.135 161.206 105.249 324.203 148.623 139.947 230.565 63.5177 78.7193 145.431 102.113 58.9252 84.1611 84.0741 52.4131 82.5625 71.3101 48.9573
threshold=336.68750000000006 199.25000000000003 391.21875000000006 242.41666666666666 283.40625000000006 227.00000000000003 222.65000000000003 128.32812500000003 49.033333333333339 11.500000000000002 4.5000000000000009 47.093750000000007 125.06666666666668 1.5000000000000002 185.25000000000003 188.75000000000003 194.12500000000003 159.56250000000003 157.41666666666671 1.0000000180025095e-35 95.920833333333363 58.015625000000007 66.129166666666677 74.854166666666671 194.12500000000003 336.68750000000006 107.29166666666667 110.26041666666667 94.520833333333343 74.109375000000014
decision_type=2 2 2 2 2 2 2 2 2 2 2 2 2 2 2 2 2 2 2 2 2 2 2 2 2 2 2 2 2 2
left_child=2 -2 3 5 -5 6 8 -6 9 10 12 -10 13 -1 15 17 -16 19 -19 23 26 -22 -23 -13 25 -25 28 29 -21 -28
right_child=1 -3 -4 4 7 -7 -8 -9 11 -11 -12 14 -14 -15 16 -17 -18 18 -20 20 21 22 -24 24 -26 -27 27 -29 -30 -31
leaf_value=0.089323679344462503 0.034658573206627012 1.1666533050792558 -0.54589921509226158 0.46010570201803658 0.21744410782246978 -0.40970752625947909 0.43468658062206073 -0.27064653873443606 0.26502547494389794 -0.41769340888907514 0.39312602438032629 -0.19456001536719239 -0.39451889783764882 -0.24707192048944276 0.013784833997488023 -0.33419491140281454 0.31349608429840636 -0.096451934128999717 0.36327727008610966 -0.035785502423915948 0.28802050039172172 -0.20332416466304234 0.028051304575414038 -0.063062520433021227 -0.23832539275288581 0.15892367078499361 -0.30035624612461437 0.0083835274786562535 0.13622577637434005 -0.10890773971948553
leaf_weight=28 33 21 24 34 37 21 22 20 22 24 20 38 24 29 78 34 21 20 24 330 20 21 208 76 20 22 22 37 26 34
leaf_count=28 33 21 24 34 37 21 22 20 22 24 20 38 24 29 78 34 21 20 24 330 20 21 208 76 20 22 22 37 26 34
internal_value=-1.07453e-09 0.474879 -0.0191942 -0.00955935 0.200836 -0.0252399 -0.0185118 0.0461842 -0.0269756 -0.130357 -0.0620788 -0.0147033 -0.174475 -0.081825 -0.0206723 -0.0310856 0.0773599 -0.0196093 0.154309 -0.02857 -0.0156771 0.0294188 0.00683347 -0.0862578 -0.0513808 -0.0132289 -0.0406856 -0.107532 -0.0232229 -0.18412
internal_weight=1390 54 1336 1312 91 1221 1200 57 1178 125 101 1053 81 57 1031 932 99 898 44 854 698 249 229 156 118 98 449 93 356 56
internal_count=1390 54 1336 1312 91 1221 1200 57 1178 125 101 1053 81 57 1031 932 99 898 44 854 698 249 229 156 118 98 449 93 356 56
is_linear=0
shrinkage=0.1


Tree=48
num_leaves=31
num_cat=0
split_feature=1 6 6 3 0 3 1 1 3 3 2 6 3 0 3 0 3 2 2 5 0 0 5 5 3 3 4 0 2 1
split_gain=1229.97 234.267 713.543 947.139 535.203 397.308 343.673 319.105 442.784 265.698 647.929 455.213 272.888 166.948 156.681 174.7 173.874 132.643 575.919 110.461 90.9523 105.97 89.3204 197.238 106.236 87.0824 53.1711 54.2241 170.728 59.5715
threshold=396.83333333333343 5.5000000000000009 4.5000000000000009 173.87500000000003 212.25000000000003 368.00000000000006 61.093750000000007 283.40625000000006 88.859126984127002 200.55000000000004 95.920833333333363 1.5000000000000002 190.33333333333334 88.984126984127002 182.92187500000003 64.566964285714292 88.859126984127002 42.925781250000007 58.015625000000007 8.5000000000000018 218.75000000000003 199.25000000000003 16.500000000000004 11.500000000000002 59.41875000000001 93.515625000000014 58.67460317460317 97.377976190476204 103.59375000000001 70.418750000000017
decision_type=2 2 2 2 2 2 2 2 2 2 2 2 2 2 2 2 2 2 2 2 2 2 2 2 2 2 2 2 2 2
left_child=1 2 9 6 5 22 -4 8 13 12 -11 -12 14 -8 15 16 19 -17 -19 -1 21 26 23 24 -3 -26 -20 29 -29 -28
right_child=-2 4 3 -5 -6 -7 7 -9 -10 10 11 -13 -14 -15 -16 17 -18 18 20 -21 -22 -23 -24 -25 25 -27 27 28 -30 -31
leaf_value=-0.10524726975019333 0.74177451079541989 -0.30044629156589509 0.42615089975297454 0.66218398182707672 -0.57493292797695517 0.35626008847639679 -0.054176066702277197 0.25742515043208475 -0.41013010234154507 -0.69626261174678805 -0.34003538893604723 0.2175052873324603 0.32696500801197859 0.29254893461863202 -0.27397588479022184 -0.24386106491088869 -0.37095170872552052 0.52036522085016423 0.13255909243681735 0.10139552978798748 -0.19550690754600195 0.20865944206714629 -0.00048778519100908726 -0.43999829143285751 0.03416409781750511 -0.19070970393144168 -0.20317324340077386 0.30342334061861043 1.0536265212531185e-05 -0.027443415389046513
leaf_weight=135 22 20 24 34 22 21 41 38 29 20 27 32 23 21 24 20 21 22 28 32 23 25 56 20 51 26 21 20 255 237
leaf_count=135 22 20 24 34 22 21 41 38 29 20 27 32 23 21 24 20 21 22 28 32 23 25 56 20 51 26 21 20 255 237
internal_value=5.34087e-10 -0.0119291 0.00598986 0.184773 -0.107497 -0.0544888 0.0786818 0.0140364 -0.0875985 -0.0286552 -0.20438 -0.0376404 -0.0129867 0.063263 -0.0220468 -0.0148403 -0.0997538 0.0096816 0.0177178 -0.065651 -0.000440217 0.00721598 -0.104349 -0.15406 -0.0951032 -0.0417673 -0.001761 -0.00881721 0.0220769 -0.041747
internal_weight=1390 1368 1152 187 216 194 153 129 91 965 79 59 886 62 863 839 188 651 631 167 609 586 173 117 97 77 561 533 275 258
internal_count=1390 1368 1152 187 216 194 153 129 91 965 79 59 886 62 863 839 188 651 631 167 609 586 173 117 97 77 561 533 275 258
is_linear=0
shrinkage=0.1


Tree=49
num_leaves=31
num_cat=0
split_feature=3 2 1 5 3 5 1 2 4 0 3 2 4 4 0 0 2 0 2 1 3 0 3 5 2 3 1 4 4 2
split_gain=1049.34 4684.15 2905.38 1042 646.098 547.737 395.767 757.216 530.018 374.932 217.462 391.101 251.551 225.396 368.77 264.912 221.399 187.393 430.98 427.11 144.277 140.858 97.6305 98.1207 73.7142 169.529 90.1402 71.4145 68.7457 118.644
threshold=241.12500000000003 212.25000000000003 391.21875000000006 13.500000000000002 283.40625000000006 16.500000000000004 218.75000000000003 225.12500000000003 173.87500000000003 332.84375000000006 200.55000000000004 95.920833333333363 336.68750000000006 185.25000000000003 194.12500000000003 188.75000000000003 60.415873015873025 41.203125000000007 51.031250000000007 42.015625000000007 216.08333333333334 248.14062500000003 64.015625000000014 7.5000000000000009 61.734375000000007 84.763764880952394 59.28768382352942 253.25000000000003 56.031250000000007 93.968750000000014
decision_type=2 2 2 2 2 2 2 2 2 2 2 2 2 2 2 2 2 2 2 2 2 2 2 2 2 2 2 2 2 2
left_child=2 3 6 4 -2 -5 10 -8 9 21 12 -12 13 14 17 16 -15 22 19 -19 -13 -9 23 -1 25 -20 -26 -18 29 -28
right_child=1 -3 -4 5 -6 -7 7 8 -10 -11 11 20 -14 15 -16 -17 27 18 24 -21 -22 -23 -24 -25 26 -27 28 -29 -30 -31
leaf_value=-0.26233218964189292 0.01341214284300804 1.678722063302994 -1.1666838213801385 -0.5671299182942936 0.81721459100022908 0.012581825810365189 0.72793472945690163 0.2005648294729846 -0.40649924531579018 0.54381500124931337 -0.55855940544889093 -0.21093975745496296 0.25682028459780143 -0.34599958676844839 0.39814280190251095 -0.45609886050224308 0.092222923403832979 -0.0248678098898381 -0.034234462602233347 0.61364283426241439 0.16434913072735072 -0.11388371072966477 -0.35675104364752769 0.010310232458692609 -0.20818539472917716 0.30078449521375744 -0.038517434646685916 -0.099400122332814589 -0.010052782046890703 -0.319757157729473
leaf_weight=22 20 20 22 28 20 39 20 28 20 20 21 21 33 24 22 23 41 20 44 22 20 29 20 33 27 23 60 37 591 20
leaf_count=22 20 20 22 28 20 39 20 28 20 20 21 21 33 24 22 23 41 20 44 22 20 29 20 33 27 23 60 37 591 20
internal_value=-1.35836e-09 0.274 -0.0275519 0.0114354 0.415313 -0.229686 -0.00735777 0.167677 0.0521598 0.171292 -0.0255776 -0.207621 -0.0149498 -0.0236655 -0.00626198 -0.149527 -0.0803986 -0.0163492 -0.00229724 0.30959 -0.027872 0.0405822 -0.167548 -0.0987467 -0.0194205 0.080772 -0.0290378 0.00132481 -0.0218292 -0.108827
internal_weight=1390 127 1263 107 40 67 1241 117 97 77 1124 62 1062 1029 904 125 102 882 807 42 41 57 75 55 765 67 698 78 671 80
internal_count=1390 127 1263 107 40 67 1241 117 97 77 1124 62 1062 1029 904 125 102 882 807 42 41 57 75 55 765 67 698 78 671 80
is_linear=0
shrinkage=0.1


Tree=50
num_leaves=31
num_cat=0
split_feature=1 1 0 6 6 3 0 3 3 2 0 3 6 2 1 3 2 4 1 4 0 5 5 0 3 2 5 5 1 4
split_gain=1199.51 268.745 378.967 151.57 367.644 831.682 256.488 302.391 223.784 431.477 241.52 418.425 212.21 145.623 172.011 139.58 77.4472 150.98 139.31 96.2395 66.1385 65.884 113.883 141.794 258.908 131.322 64.1206 149.972 62.8103 67.6252
threshold=396.83333333333343 341.78125000000006 290.98437500000006 5.5000000000000009 4.5000000000000009 124.46666666666668 209.25000000000003 368.00000000000006 200.55000000000004 97.377976190476204 203.18020833333335 156.50000000000003 1.5000000000000002 49.033333333333339 49.033333333333339 111.40808823529413 70.418750000000017 74.733333333333348 59.28768382352942 56.031250000000007 32.367187500000007 3.5000000000000004 16.500000000000004 72.218750000000014 75.160416666666677 64.566964285714292 7.5000000000000009 15.500000000000002 67.77500000000002 336.68750000000006
decision_type=2 2 2 2 2 2 2 2 2 2 2 2 2 2 2 2 2 2 2 2 2 2 2 2 2 2 2 2 2 2
left_child=1 2 3 4 8 26 7 21 10 -10 13 -12 -11 15 -15 20 17 19 -19 -16 -1 -5 23 25 -25 -23 -6 -28 -18 -30
right_child=-2 -3 -4 6 5 -7 -8 -9 9 12 11 -13 -14 14 16 -17 28 18 -20 -21 -22 22 -24 24 -26 -27 27 -29 29 -31
leaf_value=-0.19033368657464567 0.73253086751157592 -0.31840042599609925 0.33462500688619912 0.054405262740328912 -0.047391692424813912 0.59154253532037593 -0.43175870522856719 0.30267939996861282 -0.57169383253370021 -0.26146480588485366 -0.12772951930761339 0.48066608963104396 0.1452800736345094 0.27673710623667358 -0.068832011258022657 -0.34277256894111635 0.16336973066563193 -0.39458566765483144 -0.077769396943705438 0.18262340804238036 0.029230340181247278 0.066006355413368772 -0.011775717006197998 -0.10087492435510892 -0.58804271951317788 -0.2694960853457451 0.29455169212411753 -0.074687739698724318 -0.013025537021529596 0.141125035174191
leaf_weight=23 22 28 32 24 63 33 20 21 21 23 20 26 29 21 45 25 23 23 35 23 34 28 56 24 20 20 22 22 554 30
leaf_count=23 22 28 32 24 63 33 20 21 21 23 20 26 29 21 45 25 23 23 35 23 34 28 56 24 20 20 22 22 554 30
internal_value=9.46272e-10 -0.0117805 -0.00537348 -0.0136915 0.00132215 0.152659 -0.0908743 -0.0555494 -0.0208633 -0.189125 -0.0069369 0.216146 -0.0346263 -0.0192118 -0.00544816 -0.14577 -0.0135326 -0.084877 -0.203403 0.0162191 -0.0593657 -0.0992867 -0.12421 -0.192648 -0.322315 -0.0737863 0.0173022 0.109932 0.00127695 -0.00510684
internal_weight=1390 1368 1340 1308 1095 140 213 193 955 73 882 46 52 836 754 82 733 126 58 68 57 172 148 92 44 48 107 44 607 584
internal_count=1390 1368 1340 1308 1095 140 213 193 955 73 882 46 52 836 754 82 733 126 58 68 57 172 148 92 44 48 107 44 607 584
is_linear=0
shrinkage=0.1


Tree=51
num_leaves=31
num_cat=0
split_feature=1 1 0 6 0 0 3 6 2 3 2 6 4 2 1 2 5 0 2 0 4 4 4 3 5 5 3 3 2 3
split_gain=971.602 223.433 267.729 183.011 525.005 386.477 245.497 197.339 534.964 886 203.983 360.963 190.845 178.324 265.858 166.87 121.446 119.048 237.16 112.357 107.367 170.564 69.6514 68.0406 51.7555 159.351 66.4733 58.2475 49.3818 137.34
threshold=396.83333333333343 353.25000000000006 323.00000000000006 5.5000000000000009 270.03125000000006 212.25000000000003 368.00000000000006 2.5000000000000004 58.015625000000007 120.21875000000001 56.031250000000007 1.5000000000000002 141.12500000000003 203.18020833333335 188.75000000000003 222.65000000000003 18.500000000000004 64.234375000000014 74.250000000000014 183.8666666666667 188.75000000000003 133.98437500000003 363.46875000000006 55.929687500000007 16.500000000000004 11.500000000000002 59.41875000000001 93.515625000000014 101.63333333333335 190.33333333333334
decision_type=2 2 2 2 2 2 2 2 2 2 2 2 2 2 2 2 2 2 2 2 2 2 2 2 2 2 2 2 2 2
left_child=1 2 3 4 7 6 24 10 9 -9 11 12 -1 14 20 17 -15 23 -19 22 21 -10 28 -12 25 26 -5 -28 -20 -30
right_child=-2 -3 -4 5 -6 -7 -8 8 13 -11 15 -13 -14 16 -16 -17 -18 18 19 -21 -22 -23 -24 -25 -26 -27 27 -29 29 -31
leaf_value=0.081890808943754598 0.6592777948487889 -0.34239066630601883 0.34858538849013199 -0.23693650659173726 0.42498232743478026 -0.49272352006625053 0.27241146202598299 -0.0054827866932520503 0.0029333571380800094 0.73181523712618013 -0.030169607247367048 -0.48290281758776737 -0.29805250003933909 0.37413694664835928 -0.37656767770648003 -0.30396016615442933 0.029820108697527933 0.3307357490062714 -0.060578844726605477 0.15387175993468516 0.18971224239578954 -0.25870053152105327 -0.18954857730617125 -0.23173924476894389 -0.010598146689257452 -0.38451131843030456 0.029784521491513029 -0.15412840293003963 -0.010462545504422105 0.2607841184806256
leaf_weight=39 22 20 21 20 29 22 21 39 323 28 33 28 20 20 20 20 21 22 129 39 27 27 24 34 56 20 51 26 168 21
leaf_count=39 22 20 21 20 29 22 21 39 323 28 33 28 20 20 20 20 21 22 129 39 27 27 24 34 56 20 51 26 168 21
internal_value=1.98174e-09 -0.0106024 -0.00567974 -0.0112861 0.00508863 -0.0955095 -0.0504646 -0.00616545 0.039484 0.302642 -0.0461186 -0.187225 -0.0469035 -0.00077078 -0.021276 -0.021065 0.19778 -0.00902686 0.0114941 -0.00693984 -0.00242761 -0.0172498 -0.025278 -0.132459 -0.0896577 -0.127498 -0.0745058 -0.0323159 -0.0128802 0.019676
internal_weight=1390 1368 1348 1327 1111 216 194 1082 505 67 577 87 59 438 397 490 41 470 403 381 377 350 342 67 173 117 97 77 318 189
internal_count=1390 1368 1348 1327 1111 216 194 1082 505 67 577 87 59 438 397 490 41 470 403 381 377 350 342 67 173 117 97 77 318 189
is_linear=0
shrinkage=0.1


Tree=52
num_leaves=31
num_cat=0
split_feature=3 6 1 1 1 2 4 0 4 0 3 2 4 4 0 0 2 0 1 3 1 0 2 6 6 1 4 3 0 0
split_gain=863.045 3641.01 2843.26 535.894 276.032 513.196 478.901 354.483 232.058 157.658 149.964 267.248 187.711 197.077 255.695 244.161 165.432 146.689 370.718 112.428 73.6356 83.4174 69.7332 186.101 128.239 65.0593 54.4846 50.7552 90.6534 76.5009
threshold=241.12500000000003 5.5000000000000009 391.21875000000006 190.33333333333334 218.75000000000003 225.12500000000003 173.87500000000003 332.84375000000006 195.09791666666669 248.14062500000003 200.55000000000004 95.920833333333363 336.68750000000006 185.25000000000003 194.12500000000003 188.75000000000003 60.415873015873025 41.203125000000007 45.980468750000007 216.08333333333334 36.140625000000007 36.140625000000007 61.734375000000007 4.5000000000000009 1.5000000000000002 59.28768382352942 253.25000000000003 53.683333333333337 58.67460317460317 58.67460317460317
decision_type=2 2 2 2 2 2 2 2 2 2 2 2 2 2 2 2 2 2 2 2 2 2 2 2 2 2 2 2 2 2
left_child=2 -2 4 8 10 -6 7 9 -3 -7 12 -12 13 14 17 16 -15 20 -19 -13 -1 -22 23 24 -20 -24 -18 28 -27 -29
right_child=1 3 -4 -5 5 6 -8 -9 -10 -11 11 19 -14 15 -16 -17 26 18 22 -21 21 -23 25 -25 -26 27 -28 29 -30 -31
leaf_value=-0.26618407597144444 1.1521728445408923 -0.051977536272184523 -1.1518762655556203 -0.50070727045901797 0.6024009922961705 0.20147045637880054 -0.38991149190813301 0.52153307080268863 0.34299795907877745 -0.13120212020545172 -0.46149703643861273 -0.18441654951089906 0.22336471808904951 -0.29984182616074884 0.33408867130056025 -0.43093860926835437 0.079785923550768606 0.35887617377032127 0.18553898125886917 0.14687082482501865 0.075286140301349502 -0.19708388706912167 -0.18019927012920381 0.30994459627739468 -0.12591188155437033 -0.2773287861794233 -0.087589416733464681 0.157424913181199 -0.018657466489821674 -0.014761402507559029
leaf_weight=30 33 51 22 22 20 28 20 20 21 29 21 21 33 24 22 23 41 28 20 20 22 23 25 24 39 20 37 27 42 582
leaf_count=30 33 51 22 22 20 28 20 20 21 29 21 21 33 24 22 23 41 28 20 20 22 23 25 24 39 20 37 27 42 582
internal_value=5.02512e-14 0.24849 -0.0249867 -0.0687602 -0.00500964 0.141169 0.0460695 0.159311 0.0632236 0.032216 -0.0202257 -0.171399 -0.0114002 -0.0189291 -0.00265555 -0.136619 -0.0702528 -0.0110551 0.00137743 -0.022813 -0.144829 -0.0639252 -0.0114723 0.0751673 -0.0203353 -0.0218044 0.000389929 -0.0159029 -0.1021 -0.00712753
internal_weight=1390 127 1263 94 1241 117 97 77 72 57 1124 62 1062 1029 904 125 102 882 807 41 75 45 779 83 59 696 78 671 62 609
internal_count=1390 127 1263 94 1241 117 97 77 72 57 1124 62 1062 1029 904 125 102 882 807 41 75 45 779 83 59 696 78 671 62 609
is_linear=0
shrinkage=0.1


Tree=53
num_leaves=31
num_cat=0
split_feature=1 1 0 1 3 0 1 3 1 3 0 1 0 2 4 2 0 1 1 0 3 2 2 2 4 6 2 0 0 4
split_gain=993.44 215.437 415.489 126.434 856.764 601.524 324.325 220.323 161.061 147.143 80.0954 100.216 422.33 241.995 207.186 124.578 116.481 65.3543 82.5255 72.7355 312.802 165.221 212.688 46.3194 41.4123 73.3474 54.3721 40.4633 29.7662 41.447
threshold=396.83333333333343 332.84375000000006 290.98437500000006 199.25000000000003 225.12500000000003 216.08333333333334 212.25000000000003 156.50000000000003 231.75000000000003 347.46666666666675 27.483333333333338 44.593750000000007 49.033333333333339 54.046875000000007 175.21875000000003 50.039062500000007 36.140625000000007 180.80208333333337 167.68750000000003 133.98437500000003 225.12500000000003 73.740823412698418 150.70000000000002 58.015625000000007 56.031250000000007 4.5000000000000009 70.418750000000017 54.890625000000007 59.875000000000007 59.347058823529423
decision_type=2 2 2 2 2 2 2 2 2 2 2 2 2 2 2 2 2 2 2 2 2 2 2 2 2 2 2 2 2 2
left_child=1 2 3 5 6 9 -5 8 -8 10 -1 12 16 14 15 -13 -12 18 19 23 21 -21 -23 -15 25 26 -25 -26 -29 -30
right_child=-2 -3 -4 4 -6 -7 7 -9 -10 -11 11 13 -14 17 -16 -17 -18 -19 -20 20 -22 22 -24 24 27 -27 -28 28 29 -31
leaf_value=-0.20559166703711856 0.66664577180689033 -0.25211032099193997 0.39963004469871521 -0.27274229007462664 -0.69038152091116434 0.51640110232613301 0.22042813926935195 0.35190612433764801 -0.13920569135384128 0.23357035505274931 0.075669554757575197 0.10915545679274059 0.4560001624667126 0.10163042288153404 -0.42356896870411359 -0.22122905005514626 -0.21989885369936624 0.11263836802438248 -0.16409662351012233 -0.07475081890821457 -0.21654129996895791 0.52251883491873741 0.11963599965368446 -0.10530280257399019 0.11371520500009258 -0.20220031359178178 0.072704079177492539 -0.12551398992538451 0.12738743480294942 -0.019059968869722256
leaf_weight=22 22 36 25 30 21 22 20 26 33 24 30 21 23 31 26 25 24 43 35 20 28 20 38 37 24 34 32 25 20 573
leaf_count=22 22 36 25 30 21 22 20 26 33 24 30 21 23 31 26 25 24 43 35 20 28 20 38 37 24 34 32 25 20 573
internal_value=1.06638e-10 -0.0107209 -0.00419687 -0.0119212 -0.105507 -0.00158457 0.00717491 0.113473 -0.00349481 -0.011451 -0.0166504 -0.0129022 0.0971496 -0.0211134 -0.197934 -0.0704013 -0.0556942 -0.00785187 -0.0135019 -0.00752593 0.0701733 0.173097 0.258561 -0.0181395 -0.0231232 -0.0819853 -0.0227489 -0.0136796 -0.018627 -0.0141208
internal_weight=1390 1368 1332 1307 130 1177 109 79 53 1155 1131 1109 77 1032 72 46 54 960 917 882 106 78 58 776 745 103 69 642 618 593
internal_count=1390 1368 1332 1307 130 1177 109 79 53 1155 1131 1109 77 1032 72 46 54 960 917 882 106 78 58 776 745 103 69 642 618 593
is_linear=0
shrinkage=0.1


Tree=54
num_leaves=31
num_cat=0
split_feature=3 3 1 6 2 2 1 0 4 2 2 0 3 2 6 4 5 1 2 0 0 1 4 0 2 0 0 2 3 0
split_gain=848.58 1479.71 637.583 182.397 367.949 320.221 515.312 303.177 225.213 221.21 175.017 441.723 164.821 125.595 300.312 135.566 121.92 116.36 309.357 157.893 115.233 125.446 96.9277 116.862 89.614 116.244 60.6361 216.805 64.7206 55.8455
threshold=336.68750000000006 391.21875000000006 391.21875000000006 2.5000000000000004 222.65000000000003 213.75000000000003 199.25000000000003 197.83333333333334 104.78125000000001 185.25000000000003 61.734375000000007 82.772916666666688 88.859126984127002 56.031250000000007 1.5000000000000002 141.12500000000003 16.500000000000004 159.56250000000003 159.56250000000003 150.17187500000003 172.83333333333334 59.875000000000007 54.312500000000007 61.734375000000007 55.358333333333341 36.140625000000007 64.234375000000014 75.160416666666677 55.929687500000007 152.20312500000003
decision_type=2 2 2 2 2 2 2 2 2 2 2 2 2 2 2 2 2 2 2 2 2 2 2 2 2 2 2 2 2 2
left_child=2 -2 3 4 9 6 7 10 12 13 11 24 -7 14 15 -1 -10 19 -19 26 21 -12 -23 -24 25 -5 28 -28 -15 -25
right_child=1 -3 -4 5 -6 8 -8 -9 16 -11 20 -13 -14 17 -16 -17 -18 18 -20 -21 -22 22 23 29 -26 -27 27 -29 -30 -31
leaf_value=0.079608745452685245 0.89306579711181788 -0.15459158437756393 -0.52647970616817474 0.1198277523663516 -0.44026495749535766 0.24118502476940984 -0.45535850456605359 0.39999364376068119 0.47749720657313316 0.23201417356729506 -0.25269183771950859 0.42904011765494943 -0.11212730282737363 -0.01243883260793871 -0.42662875886474344 -0.24061549402773383 0.18220641469133314 -0.46611573375761517 0.090083299428224572 0.22438551281337388 -0.25982393085956573 -0.13726232958600879 0.23873642832040787 -0.0096318661282930405 0.16198339885473254 -0.15166009816786519 0.29525134888562293 -0.03064549119465132 -0.20902924300993192 0.15507849752902986
leaf_weight=39 28 26 24 24 23 23 24 20 27 30 21 32 31 33 28 20 29 20 20 27 20 47 22 320 25 46 22 283 34 22
leaf_count=39 28 26 24 24 23 23 24 20 27 30 21 32 31 33 28 20 29 20 20 27 20 47 22 320 25 46 22 283 34 22
internal_value=-9.13274e-10 0.388638 -0.0157084 -0.00636505 -0.0483173 0.0267732 -0.000999946 0.0172047 0.18407 -0.0321036 0.00398232 0.107704 0.0383576 -0.0471674 -0.156933 -0.0289418 0.324579 -0.0254143 -0.188016 -0.00911331 -0.0251606 -0.0142966 -0.00211581 0.0153344 -0.000535931 -0.0585785 -0.0260608 -0.00713818 -0.112201 0.000963537
internal_weight=1390 54 1336 1312 579 733 623 599 110 556 579 127 54 526 87 59 56 439 40 399 452 432 411 364 95 70 372 305 67 342
internal_count=1390 54 1336 1312 579 733 623 599 110 556 579 127 54 526 87 59 56 439 40 399 452 432 411 364 95 70 372 305 67 342
is_linear=0
shrinkage=0.1


Tree=55
num_leaves=31
num_cat=0
split_feature=1 1 1 6 0 0 0 3 6 3 2 3 1 3 4 4 1 1 2 1 0 1 1 0 2 4 3 3 1 4
split_gain=914.823 189.189 237.583 151.605 488.188 278.413 219.658 208.666 178.721 529.226 141.054 172.759 171.842 104.669 99.0269 96.5323 141.782 96.0851 71.0207 72.0572 104.933 59.6441 56.7878 70.055 55.3419 262.93 48.448 117.578 96.027 48.0533
threshold=396.83333333333343 341.78125000000006 309.04687500000006 5.5000000000000009 270.03125000000006 212.25000000000003 242.41666666666666 368.00000000000006 4.5000000000000009 124.46666666666668 49.033333333333339 111.40808823529413 49.033333333333339 218.75000000000003 336.68750000000006 231.75000000000003 125.06666666666668 218.75000000000003 203.18020833333335 166.75000000000003 135.15625000000003 32.367187500000007 62.966666666666669 83.183333333333351 64.86875000000002 79.731250000000003 323.00000000000006 242.75000000000003 50.039062500000007 157.41666666666671
decision_type=2 2 2 2 2 2 2 2 2 2 2 2 2 2 2 2 2 2 2 2 2 2 2 2 2 2 2 2 2 2
left_child=1 2 3 4 6 7 8 26 10 22 11 21 -12 14 15 17 -17 18 19 20 24 -1 -10 -24 25 -14 27 28 -5 -21
right_child=-2 -3 -4 5 -6 -7 -8 -9 9 -11 12 -13 13 -15 -16 16 -18 -19 -20 29 -22 -23 23 -25 -26 -27 -28 -29 -30 -31
leaf_value=0.096645347875627619 0.63972423076629648 -0.2675516019974436 0.33716716200113295 -0.27684695308229756 0.45094055899729329 -0.43279878309972236 -0.3253111447606768 0.24818630248662973 0.14374575186520816 0.53632990773767231 0.28156911429195181 -0.32884912766516211 0.076762988000504073 -0.17733221564974105 0.16142073364721404 -0.021353116184473039 -0.34744622021913529 0.19873850272657972 0.1405575082404539 -0.22591734802722932 0.1517956215888262 -0.1134787022641727 -0.1294066451137533 0.069435454181888526 -0.0024102437588600337 -0.32539111514543667 -0.22076325712158629 0.087099668932588484 -0.063007839607252245 -0.025632323389467988
leaf_weight=22 22 28 20 28 24 21 21 21 24 24 21 30 37 35 36 40 20 24 32 25 41 35 37 34 491 29 23 38 84 23
leaf_count=22 22 28 20 28 24 21 21 21 24 24 21 30 37 35 36 40 20 24 32 25 41 35 37 34 491 29 23 38 84 23
internal_value=7.3841e-11 -0.010288 -0.0049123 -0.0100953 0.00485355 -0.0869256 -0.00505033 -0.0494857 0.00129446 0.116761 -0.0133076 -0.13461 -0.000950132 -0.00807247 -0.000648793 -0.00830562 -0.130051 0.00209995 -0.0048607 -0.0120641 -0.00260187 -0.0323782 0.0107648 -0.0341865 -0.0139669 -0.0999411 -0.0856193 -0.0648972 -0.116468 -0.129947
internal_weight=1390 1368 1340 1320 1105 215 1081 194 1060 119 941 87 854 833 798 762 60 702 678 646 598 57 95 71 557 66 173 150 112 48
internal_count=1390 1368 1340 1320 1105 215 1081 194 1060 119 941 87 854 833 798 762 60 702 678 646 598 57 95 71 557 66 173 150 112 48
is_linear=0
shrinkage=0.1


Tree=56
num_leaves=31
num_cat=0
split_feature=0 3 1 5 3 3 3 0 3 4 0 4 3 2 0 1 1 0 0 1 0 1 0 0 3 3 4 3 4 3
split_gain=751.788 146.977 1135.59 320.11 219.399 166.2 274.345 220.536 347.574 428.95 217.154 127.669 86.8547 84.4983 82.5028 275.887 116.442 61.9078 60.4723 49.6994 62.2285 38.3367 130.165 90.5306 63.1626 68.0482 66.6534 60.9622 47.9879 47.3361
threshold=396.83333333333343 254.15625000000003 212.25000000000003 13.500000000000002 231.41666666666669 199.25000000000003 212.25000000000003 203.18020833333335 173.87500000000003 163.35000000000002 332.84375000000006 150.17187500000003 97.377976190476204 122.06250000000001 41.203125000000007 45.980468750000007 50.039062500000007 188.75000000000003 173.87500000000003 36.140625000000007 36.140625000000007 70.418750000000017 79.531250000000014 66.129166666666677 150.17187500000003 125.06666666666668 116.09375000000001 163.35000000000002 114.18750000000001 65.054166666666674
decision_type=2 2 2 2 2 2 2 2 2 2 2 2 2 2 2 2 2 2 2 2 2 2 2 2 2 2 2 2 2 2
left_child=1 4 3 -3 5 7 -7 14 9 10 12 -5 -9 -8 19 -16 -17 18 21 -1 -21 22 28 -23 25 -25 -27 -26 29 -18
right_child=-2 2 -4 11 -6 6 13 8 -10 -11 -12 -13 -14 -15 15 16 17 -19 -20 20 -22 23 -24 24 27 26 -28 -29 -30 -31
leaf_value=-0.2089465433010651 0.57992524233731357 0.32029262957749549 -0.80130982715636501 0.03323104782577823 0.31325014619664715 -0.35424514202134949 -0.12017085731029511 0.21386351043527779 0.48018226027488708 -0.3011591950288186 0.42587540771650234 -0.26113850481521628 -0.042649651296211011 0.1670337343499774 0.28084700107574462 -0.24070931855927813 -0.02544425377582616 -0.1599433408333705 0.12943350004427362 0.075840204496952626 -0.15940765401591428 -0.22979909669607879 0.25355711372002315 -0.01490648965408313 -0.23661061577174977 -0.027251885372858782 0.18167474277921625 -0.03792492323257822 -0.1452372269332409 0.087119568761197794
leaf_weight=31 22 27 20 34 22 35 20 22 23 26 23 26 33 21 33 22 94 26 33 22 23 20 23 494 23 26 37 47 20 62
leaf_count=31 22 27 20 34 22 35 20 22 23 26 23 26 33 21 33 22 94 26 33 22 23 20 23 494 23 26 37 47 20 62
internal_value=4.96507e-10 -0.00932628 -0.121851 0.0343466 0.000221797 -0.00533641 -0.148609 0.0040262 0.1284 0.0506015 0.167855 -0.0943291 0.0599556 0.0269339 -0.0112203 -0.00328025 -0.0133948 -0.00786893 -0.00337072 -0.111516 -0.0443976 -0.00855102 0.0298328 -0.0203569 -0.0136761 -0.0024244 0.0954511 -0.103207 0.000596073 0.0192927
internal_weight=1390 1368 107 87 1261 1239 76 1163 127 104 78 60 55 41 1036 960 927 905 879 76 45 846 199 647 627 557 63 70 176 156
internal_count=1390 1368 107 87 1261 1239 76 1163 127 104 78 60 55 41 1036 960 927 905 879 76 45 846 199 647 627 557 63 70 176 156
is_linear=0
shrinkage=0.1


Tree=57
num_leaves=31
num_cat=0
split_feature=3 0 1 3 4 3 3 0 1 3 4 6 1 0 6 1 1 4 0 1 2 5 0 1 0 2 2 4 1 0
split_gain=752.775 1489.64 766.115 135.719 278.917 175.163 148.702 159.168 178.462 638.178 374.758 90.8621 76.315 71.719 87.5462 283.868 76.8637 75.3314 72.6689 195.178 71.6972 69.046 68.5075 55.7187 113.052 66.2589 55.9766 54.3731 54.1684 49.9864
threshold=336.68750000000006 199.25000000000003 391.21875000000006 254.15625000000003 206.50000000000003 231.41666666666669 218.75000000000003 203.18020833333335 332.84375000000006 171.30000000000004 163.35000000000002 5.5000000000000009 50.039062500000007 188.75000000000003 2.5000000000000004 44.593750000000007 51.953125000000007 50.286458333333336 97.377976190476204 102.46428571428574 139.65625000000003 19.500000000000004 42.015625000000007 175.21875000000003 129.80000000000004 139.65625000000003 60.415873015873025 59.875000000000007 60.415873015873025 152.20312500000003
decision_type=2 2 2 2 2 2 2 2 2 2 2 2 2 2 2 2 2 2 2 2 2 2 2 2 2 2 2 2 2 2
left_child=2 -2 3 5 -5 6 7 11 9 10 21 13 -13 14 16 -16 17 -1 -17 -20 -21 -9 -19 24 26 -26 -18 -14 -28 -22
right_child=1 -3 -4 4 -6 -7 -8 8 -10 -11 -12 12 27 -15 15 18 23 22 19 20 29 -23 -24 -25 25 -27 28 -29 -30 -31
leaf_value=0.0057203167083638689 -0.052940388531847439 1.0244441654000964 -0.5746881881107887 0.0094717453958259694 -0.45629178702831275 0.28192513105882838 -0.23936589898971411 0.24635326317672074 -0.11234640449285507 0.50713018913649854 -0.3415315183932367 -0.24532814202485265 -0.17108513681838911 -0.15910564682313377 0.35648046365151043 -0.016994728594545452 -0.18469748422503474 -0.076937621533870695 0.29882296284039817 -0.060423212610776468 0.018195056719215296 0.0048332053422927863 -0.33554232241142368 -0.16118420660495758 0.25148487558960914 0.034207447478547696 0.14301430072103227 0.013260157747815053 -0.022843078292443572 0.2002633013725281
leaf_weight=27 33 21 24 36 20 22 26 29 30 36 23 27 24 28 26 256 20 20 30 63 38 20 21 23 25 32 21 48 316 25
leaf_count=27 33 21 24 36 20 22 26 29 30 36 23 27 24 28 26 256 20 20 30 63 38 20 21 23 25 32 21 48 316 25
internal_value=7.0886e-10 0.366042 -0.0147951 -0.00455318 -0.156872 0.00223812 -0.0027482 0.00234457 0.10342 0.163355 -0.00853217 -0.0106913 -0.101954 -0.00138654 0.00329653 0.0360134 -0.0250797 -0.123981 0.0157897 0.0695899 0.0150106 0.147774 -0.209394 -0.00969002 -0.00127368 0.129505 -0.0221542 -0.0481883 -0.0125078 0.0904444
internal_weight=1390 54 1336 1312 56 1256 1234 1208 138 108 72 1070 99 971 943 438 505 68 412 156 126 49 41 437 414 57 357 72 337 63
internal_count=1390 54 1336 1312 56 1256 1234 1208 138 108 72 1070 99 971 943 438 505 68 412 156 126 49 41 437 414 57 357 72 337 63
is_linear=0
shrinkage=0.1


Tree=58
num_leaves=31
num_cat=0
split_feature=1 1 0 1 2 0 2 2 5 3 1 1 4 1 2 2 1 4 4 4 4 2 2 2 5 2 4 1 0 6
split_gain=717.438 178.542 229.118 107.282 702.933 389.975 115.483 99.2941 98.4864 167.503 95.48 136.834 276.777 161.974 123.236 240.353 87.7009 43.6118 49.9233 47.9058 116.554 40.2181 85.487 45.745 129.765 74.9893 62.4055 40.0543 33.1534 28.6671
threshold=396.83333333333343 332.84375000000006 290.98437500000006 199.25000000000003 201.30000000000004 203.18020833333335 225.12500000000003 27.483333333333338 16.500000000000004 107.29166666666667 36.140625000000007 44.593750000000007 89.804761904761918 49.033333333333339 45.300000000000004 53.291666666666679 54.890625000000007 363.46875000000006 296.31250000000006 238.30000000000004 213.03333333333333 64.86875000000002 61.734375000000007 71.785156250000014 8.5000000000000018 73.740823412698418 50.286458333333336 71.785156250000014 70.816666666666677 2.5000000000000004
decision_type=2 2 2 2 2 2 2 2 2 2 2 2 2 2 2 2 2 2 2 2 2 2 2 2 2 2 2 2 2 2
left_child=1 2 3 5 -5 7 -6 -1 9 -8 -9 12 -12 -13 -15 -16 -17 18 19 20 21 22 -18 24 29 -25 -27 -28 -29 -23
right_child=-2 -3 -4 4 6 -7 8 10 -10 -11 11 13 -14 14 15 16 17 -19 -20 -21 -22 23 -24 25 -26 26 27 28 -30 -31
leaf_value=0.21185287415981291 0.5665218093178489 -0.22886034606231587 0.29670702528953558 -0.5492883575735269 0.20159039111738958 0.34493045965209607 0.057469011247158058 -0.16874792544465317 0.080822496695650947 -0.35180183574557305 0.4387262766808272 -0.23611194187833462 -0.075273713164708836 0.23816377505660058 -0.3394035088745031 0.14176734283757517 0.0096789844334125522 -0.13420954838927304 0.12159492448614589 -0.12813925984151223 0.22007834857160394 -0.11771033040501855 -0.22059838205043758 -0.19634874888103118 0.2377888963158642 -0.15753241580117633 0.11250827667014351 -0.10525902256538922 -0.0021562836291580002 0.040324756875634193
leaf_weight=20 22 36 25 27 27 32 20 38 36 20 20 32 22 20 22 39 38 28 29 34 22 22 28 22 28 27 29 33 568 24
leaf_count=20 22 36 25 27 27 32 20 38 36 20 20 32 22 20 22 39 38 28 29 34 22 22 28 22 28 27 29 33 568 24
internal_value=8.27286e-10 -0.00911073 -0.00317155 -0.00890756 -0.0951146 0.000614027 0.0239407 -0.00900879 -0.0391717 -0.147166 -0.0129352 -0.00748823 0.169488 -0.0146012 -0.00760377 -0.0125538 -0.00514832 -0.0112961 -0.00748903 -0.0117672 -0.00706254 -0.013164 -0.0880144 -0.00660341 0.0680575 -0.0147402 -0.00865898 -0.00227869 -0.0078175 -0.0352572
internal_weight=1390 1368 1332 1307 130 1177 103 1145 76 40 1125 1087 42 1045 1013 993 971 932 904 875 841 819 66 753 74 679 657 630 601 46
internal_count=1390 1368 1332 1307 130 1177 103 1145 76 40 1125 1087 42 1045 1013 993 971 932 904 875 841 819 66 753 74 679 657 630 601 46
is_linear=0
shrinkage=0.1


Tree=59
num_leaves=31
num_cat=0
split_feature=3 3 1 3 4 0 4 4 0 1 1 0 1 0 2 4 3 1 0 1 2 3 3 4 2 1 4 2 0 3
split_gain=602.044 1223.32 732.265 110.056 217.23 143.16 221.684 404.112 167.683 265.689 245.302 94.6407 243.437 416.459 154.341 245.092 111.642 42.0232 35.7571 226.193 231.976 72.3769 56.0094 45.9075 87.6261 51.7656 42.2043 40.4322 59.7234 37.2784
threshold=336.68750000000006 396.83333333333343 391.21875000000006 254.15625000000003 206.50000000000003 203.18020833333335 220.83333333333334 190.33333333333334 225.12500000000003 263.68333333333339 309.04687500000006 39.484375000000007 45.980468750000007 55.358333333333341 52.984375000000007 156.50000000000003 62.966666666666669 36.140625000000007 110.26041666666667 114.67187500000001 107.29166666666667 190.33333333333334 159.56250000000003 108.16250000000001 83.960317460317469 54.890625000000007 148.58333333333334 111.65625000000001 97.377976190476204 88.319852941176478
decision_type=2 2 2 2 2 2 2 2 2 2 2 2 2 2 2 2 2 2 2 2 2 2 2 2 2 2 2 2 2 2
left_child=2 -2 3 5 -5 11 7 8 -7 -10 -11 16 13 -13 15 -14 17 -1 23 -20 -21 22 -22 25 26 -16 -25 28 -27 -29
right_child=1 -3 -4 4 -6 6 -8 -9 9 10 -12 12 14 -15 18 -17 -18 -19 19 20 21 -23 -24 24 -26 27 -28 29 -30 -31
leaf_value=-0.13616359099449421 0.72199814249761407 -0.24668233225291428 -0.56061518850425884 0.0064192492100927567 -0.40462457150220871 -0.09705803617835046 0.40489039450883868 -0.31376219296455388 0.51974035441875466 -0.18674929440021515 0.24400435777810903 -0.052845663670450453 0.053396329060196882 0.5650168067216873 0.10931097232785665 -0.43028911758552901 -0.32338206365704542 0.059292083373293281 0.29490780447210585 -0.32284017999966941 0.018554253876907751 0.15220391891292626 -0.14311735245088739 -0.26449751108884811 -0.0061324138643710771 -0.010685720581829242 -0.090215199124632467 -0.16931851249316643 0.14085984557334866 -0.018770377641837852
leaf_weight=22 32 22 24 36 20 24 20 25 20 20 39 24 20 20 38 22 20 22 28 21 200 37 24 24 93 365 33 29 28 38
leaf_count=22 32 22 24 36 20 24 20 25 20 20 39 24 20 20 38 22 20 22 28 21 200 37 24 24 93 365 33 29 28 38
internal_value=3.69439e-10 0.327351 -0.0132312 -0.00321811 -0.140382 0.00289748 0.0952726 0.0468949 0.134433 0.204759 0.0979862 -0.00944144 -0.00220527 0.228001 -0.0123343 -0.199963 -0.127481 -0.0384358 -0.00410846 0.0238237 -0.00309243 0.0226344 0.0012323 -0.0174711 -0.065969 -0.00286327 -0.163597 -0.0121298 0.000111419 -0.083933
internal_weight=1390 54 1336 1312 56 1256 148 128 103 79 59 1108 1044 44 1000 42 64 44 958 310 282 261 224 648 150 498 57 460 393 67
internal_count=1390 54 1336 1312 56 1256 148 128 103 79 59 1108 1044 44 1000 42 64 44 958 310 282 261 224 648 150 498 57 460 393 67
is_linear=0
shrinkage=0.1


Tree=60
num_leaves=31
num_cat=0
split_feature=1 1 0 3 1 0 3 3 0 1 1 2 4 4 4 5 4 2 4 5 0 3 5 2 3 3 4 2 3 1
split_gain=686.745 157.007 177.965 95.6457 475.25 398.45 82.6102 125.476 86.7567 170.086 81.7575 96.2519 80.9917 76.6115 224.104 121.82 120.388 173.085 59.9642 53.5923 133.185 51.7399 82.5512 42.0752 36.2682 32.5074 109.399 120.241 97.0164 65.5217
threshold=396.83333333333343 332.84375000000006 290.98437500000006 273.20312500000006 196.25000000000003 171.30000000000004 231.41666666666669 218.75000000000003 41.203125000000007 45.980468750000007 50.039062500000007 48.031250000000007 336.68750000000006 231.75000000000003 217.50000000000003 14.500000000000002 183.6166666666667 150.70000000000002 173.87500000000003 21.500000000000004 227.00000000000003 65.625000000000014 7.5000000000000009 58.015625000000007 99.265625000000014 116.41666666666667 141.12500000000003 102.46428571428574 112.73333333333336 183.16666666666669
decision_type=2 2 2 2 2 2 2 2 2 2 2 2 2 2 2 2 2 2 2 2 2 2 2 2 2 2 2 2 2 2
left_child=1 2 3 6 5 18 7 8 21 -10 -11 -12 13 14 16 -15 19 -18 -5 20 23 22 -1 -13 -21 28 27 -27 -25 -28
right_child=-2 -3 -4 4 -6 -7 -8 -9 9 10 11 12 -14 15 -16 -17 17 -19 -20 24 -22 -23 -24 25 -26 26 29 -29 -30 -31
leaf_value=-0.20412529784847391 0.55427102392370053 -0.21498472061422139 0.26094681882858278 -0.039106522113084796 -0.52417737814109955 0.38194848355792821 0.15027954112206188 -0.22726105797290802 0.2300108328772088 -0.19130297404798596 0.22075631849467758 0.1224588343809391 0.14649904401352007 -0.30296817801215431 0.33200706407427788 -0.0072812627608838838 -0.28581151044794495 0.067327135542164671 -0.26832268294833955 -0.11747627258954341 0.25984787926787423 -0.23724619229989397 0.044476824998855594 0.002032180449541171 0.029065942461602393 -0.3252238279022277 0.20497168302536012 -0.047199113466111678 0.22108692303299904 -0.029513379702201262
leaf_weight=22 22 36 25 25 21 21 35 25 33 22 20 29 36 22 20 38 35 23 21 57 21 21 34 543 24 20 22 70 21 26
leaf_count=22 22 36 25 25 21 21 35 25 33 22 20 29 36 22 20 38 35 23 21 57 21 21 34 543 24 20 22 70 21 26
internal_value=-5.54087e-10 -0.00891372 -0.00334423 -0.00839953 -0.109082 0.0210221 -0.0011312 -0.00560703 -0.00082588 0.00647275 -0.000559426 0.00352661 -0.000787785 -0.00624847 0.000960179 -0.1157 -0.00647073 -0.145774 -0.143749 0.00322864 0.0115532 -0.103386 -0.0531883 0.00442027 -0.0740564 -0.000455963 -0.0439593 -0.108982 0.0101885 0.0779589
internal_weight=1390 1368 1332 1307 88 67 1219 1184 1159 1082 1049 1027 1007 971 911 60 891 58 46 833 752 77 56 731 81 702 138 90 564 48
internal_count=1390 1368 1332 1307 88 67 1219 1184 1159 1082 1049 1027 1007 971 911 60 891 58 46 833 752 77 56 731 81 702 138 90 564 48
is_linear=0
shrinkage=0.1


Tree=61
num_leaves=31
num_cat=0
split_feature=1 1 0 1 2 0 2 5 3 2 6 6 2 2 3 1 3 0 1 3 4 0 1 4 1 1 2 2 3 4
split_gain=556.264 127.175 144.151 83.8731 551.745 278.784 93.4581 82.2934 118.314 80.9039 85.2662 112.447 442.506 152.331 221.016 182.797 100.897 73.6068 67.4098 82.7641 56.1397 64.6019 45.3949 172.74 72.8983 50.0599 43.3711 41.9108 66.1434 39.6004
threshold=396.83333333333343 332.84375000000006 290.98437500000006 199.25000000000003 201.30000000000004 199.25000000000003 225.12500000000003 16.500000000000004 107.29166666666667 27.483333333333338 5.5000000000000009 4.5000000000000009 59.875000000000007 49.033333333333339 73.740823412698418 49.033333333333339 218.75000000000003 84.763764880952394 56.031250000000007 87.612500000000011 60.514583333333341 109.51562500000001 66.516666666666694 79.731250000000003 70.140625000000014 58.67460317460317 75.966666666666683 73.740823412698418 197.83333333333334 165.75000000000003
decision_type=2 2 2 2 2 2 2 2 2 2 2 2 2 2 2 2 2 2 2 2 2 2 2 2 2 2 2 2 2 2
left_child=1 2 3 5 -5 9 -6 8 -8 -1 11 13 -13 14 -11 -15 22 26 19 -12 -20 -22 23 25 -24 -17 -14 -26 -29 -23
right_child=-2 -3 -4 4 6 -7 7 -9 -10 10 18 12 17 15 -16 16 -18 -19 20 -21 21 29 24 -25 27 -27 -28 28 -30 -31
leaf_value=0.19157082334160805 0.49884390262040229 -0.19348625573847031 0.23485214376449584 -0.48616142107380766 0.18150844155914256 0.27485075228744082 0.038184266518801455 0.074605278339650902 -0.30578372657299041 0.018913745658623207 -0.050230276141138314 0.50803533764112563 0.016838864137729011 0.29159188483442583 -0.33163117314023632 0.11411028738532747 -0.20927531948933997 0.12089752382598817 -0.19440948627889157 -0.33447236135601999 0.15005453219637277 -0.0090243953610620199 0.18098172796890141 -0.23672484945807912 -0.12094992231935836 -0.043857655452286946 -0.15466203453211949 0.0021286499917201932 0.18303905384881158 -0.16518879864703528
leaf_weight=20 22 36 25 27 27 36 20 36 20 37 21 21 30 21 35 35 24 32 20 20 20 62 24 37 26 47 29 537 21 22
leaf_count=20 22 36 25 27 27 36 20 36 20 37 21 21 30 21 35 35 24 32 20 20 20 62 24 37 26 47 29 537 21 22
internal_value=-9.46264e-10 -0.00802234 -0.00300981 -0.00755958 -0.0837833 0.000859358 0.0216945 -0.0350816 -0.1338 -0.00778542 -0.0113422 0.000115553 0.0942628 -0.0123779 -0.15149 0.000596271 -0.00754076 -0.00122321 -0.0777276 -0.188885 -0.0409739 -0.0114671 -0.000881019 -0.0573636 0.010174 0.0235677 -0.0674582 0.00315446 0.00893711 -0.0499246
internal_weight=1390 1368 1332 1307 130 1177 103 76 40 1141 1121 956 112 844 72 772 751 91 165 41 124 104 727 119 608 82 59 584 558 84
internal_count=1390 1368 1332 1307 130 1177 103 76 40 1141 1121 956 112 844 72 772 751 91 165 41 124 104 727 119 608 82 59 584 558 84
is_linear=0
shrinkage=0.1


Tree=62
num_leaves=31
num_cat=0
split_feature=3 2 1 5 3 5 1 2 4 0 1 0 0 3 1 4 3 5 1 4 4 0 2 4 2 2 5 0 4 4
split_gain=533.267 3619.76 2812.09 527.827 401.768 386.89 118.96 231.897 349.631 331.561 126.255 105.585 86.0703 235.361 161.726 683.448 74.5177 79.1565 79.3772 200.885 116.998 64.7445 97.1437 49.0387 41.9879 49.9297 80.9894 58.9939 37.1801 30.2184
threshold=241.12500000000003 212.25000000000003 391.21875000000006 13.500000000000002 283.40625000000006 15.500000000000002 212.25000000000003 225.12500000000003 173.87500000000003 332.84375000000006 199.25000000000003 248.14062500000003 59.875000000000007 97.377976190476204 61.992559523809526 113.16666666666669 32.500000000000007 7.5000000000000009 38.000000000000007 51.516666666666673 79.204166666666694 203.18020833333335 53.291666666666679 46.906250000000007 65.765625000000014 73.062500000000014 10.500000000000002 180.80208333333337 56.031250000000007 46.906250000000007
decision_type=2 2 2 2 2 2 2 2 2 2 2 2 2 2 2 2 2 2 2 2 2 2 2 2 2 2 2 2 2 2
left_child=2 3 6 4 -2 -5 10 -8 9 11 12 -9 13 16 15 -14 -1 29 -19 -20 -21 22 -16 -24 -25 26 -26 28 -27 -18
right_child=1 -3 -4 5 -6 -7 7 8 -10 -11 -12 -13 14 -15 21 -17 17 18 19 20 -22 -23 23 24 25 27 -28 -29 -30 -31
leaf_value=-0.20097481287306262 -0.064962239824235435 1.4301804330945016 -1.1403356717391449 -0.5507745849815282 0.56888976156711579 -0.039076783508062367 0.35159976327860798 0.11974439031773193 -0.35297213658690452 0.46752553820610054 -0.21272211390237017 -0.13999215056156289 0.63452777609229094 -0.34274024063578024 -0.22318037958350034 -0.13085623987551248 0.0062313796952366829 0.21902748349433146 -0.25877910256385805 0.25612747456740448 -0.058588477782905102 0.16832183653658087 0.15459738463163375 0.11182700981696447 0.036489445222541689 -0.12047078986652196 -0.23598126773334421 0.15521660239800164 -0.0026688165456917432 -0.11640327224611409
leaf_weight=21 20 20 22 22 20 45 27 34 20 20 30 29 20 26 20 28 32 24 20 27 21 22 20 30 20 28 24 23 621 54
leaf_count=21 20 20 22 22 20 45 27 34 20 20 30 29 20 26 20 28 32 24 20 27 21 22 20 30 20 28 24 23 621 54
internal_value=-3.44305e-10 0.195328 -0.0196411 -0.0354855 0.251964 -0.207097 0.000226206 0.0907369 0.0223554 0.112796 -0.0103646 0.000183125 -0.00474876 -0.0597863 0.00971789 0.188054 -0.0228175 -0.00179894 0.0626757 0.00749267 0.118439 -0.000876319 -0.00561215 6.84871e-05 -0.00407438 -0.00893058 -0.112131 -0.00217342 -0.00775118 -0.0707718
internal_weight=1390 127 1263 107 40 67 1241 130 103 83 1111 63 1081 225 856 48 199 178 92 68 48 808 786 766 746 716 44 672 649 86
internal_count=1390 127 1263 107 40 67 1241 130 103 83 1111 63 1081 225 856 48 199 178 92 68 48 808 786 766 746 716 44 672 649 86
is_linear=0
shrinkage=0.1


Tree=63
num_leaves=31
num_cat=0
split_feature=1 3 1 0 3 5 4 5 4 3 1 4 0 0 1 3 4 4 3 2 3 5 4 3 3 3 0 4 2 4
split_gain=595.775 115.901 115.64 450.728 191.31 134.256 125.284 128.06 114.812 245.038 145.515 116.778 202.116 76.0022 202.581 63.173 181.93 59.1118 179.942 72.4637 49.9642 64.188 46.6222 73.2792 44.969 129.565 44.8625 34.8555 28.5616 31.3518
threshold=396.83333333333343 396.83333333333343 332.84375000000006 270.03125000000006 273.20312500000006 16.500000000000004 336.68750000000006 15.500000000000002 199.25000000000003 183.6166666666667 78.718750000000014 190.33333333333334 227.00000000000003 41.203125000000007 45.980468750000007 127.18958333333335 231.75000000000003 145.46875000000003 203.04687500000003 55.358333333333341 65.625000000000014 7.5000000000000009 181.58333333333334 121.87500000000001 194.12500000000003 155.23333333333338 153.75000000000003 86.033333333333346 170.25000000000003 125.06666666666668
decision_type=2 2 2 2 2 2 2 2 2 2 2 2 2 2 2 2 2 2 2 2 2 2 2 2 2 2 2 2 2 2
left_child=1 2 3 4 6 -6 8 -8 11 10 -10 12 13 20 -15 -12 -17 19 22 -16 21 -1 23 -19 25 26 28 -28 29 -21
right_child=-2 -3 -4 -5 5 -7 7 -9 9 -11 15 -13 -14 14 17 16 -18 18 -20 24 -22 -23 -24 -25 -26 -27 27 -29 -30 -31
leaf_value=-0.18733046779578383 0.51625637601722374 -0.23597556813196705 -0.18139450643211605 0.3443383234980944 -0.31365274513030755 -0.030508619795242949 0.33564979115670379 -0.0055512407794594768 -0.26920050311656224 -0.40912764725230988 -0.070974666645398019 0.23194561038504946 0.27429442612024457 0.2554449511940281 0.14871614160947502 0.31100047311999579 -0.09123788106700649 -0.082342084695895518 -0.2909790924653925 0.0027198658014337225 -0.23510775342583656 0.031884377625058684 -0.13501231647318318 0.12554228053643154 0.12163238967596382 -0.21684856630604843 0.0069747360617232815 0.17740434085329373 -0.084874402317735895 -0.11174657437205315
leaf_weight=22 22 22 36 37 34 33 22 22 21 21 37 22 26 30 32 22 23 30 29 558 21 34 21 39 27 29 24 24 45 25
leaf_count=22 22 22 36 37 34 33 22 22 21 21 37 22 26 30 32 22 23 30 29 558 21 34 21 39 27 29 24 24 45 25
internal_value=-6.30418e-10 -0.00830237 -0.00458111 0.000277881 -0.00972231 -0.174194 -0.000585005 0.165049 -0.00685687 -0.0978017 -0.0343275 0.00400745 -0.000928222 -0.00815629 -0.000109818 0.0258229 0.105412 -0.00879231 -0.074351 0.00141905 -0.103564 -0.0542357 -0.00454858 0.0351578 -0.00502017 -0.00987069 -0.000991464 0.0921895 -0.00811358 -0.00218864
internal_weight=1390 1368 1346 1310 1273 67 1206 44 1162 124 103 1038 1016 990 913 82 45 883 119 764 77 56 90 69 732 705 676 48 628 583
internal_count=1390 1368 1346 1310 1273 67 1206 44 1162 124 103 1038 1016 990 913 82 45 883 119 764 77 56 90 69 732 705 676 48 628 583
is_linear=0
shrinkage=0.1


Tree=64
num_leaves=31
num_cat=0
split_feature=3 0 1 3 0 3 2 1 0 0 0 3 3 2 1 1 1 3 4 4 1 3 0 1 0 2 5 6 1 3
split_gain=486.605 1134.87 663.364 84.6722 179.891 109.343 93.0518 567.092 219.131 85.3241 86.2279 90.4199 580.272 236.804 86.563 73.7763 118.954 102.554 67.1006 187.972 156.005 274.492 447.526 332.264 124.778 67.4968 84.431 37.4366 37.0331 73.6027
threshold=336.68750000000006 199.25000000000003 391.21875000000006 254.15625000000003 141.12500000000003 231.41666666666669 157.75000000000003 167.68750000000003 183.8666666666667 162.00000000000003 119.28125000000001 125.06666666666668 117.59375000000001 62.41875000000001 114.67187500000001 49.033333333333339 38.000000000000007 70.140625000000014 84.375000000000014 96.125000000000014 332.84375000000006 167.68750000000003 207.30729166666669 230.25000000000003 194.12500000000003 203.18020833333335 16.500000000000004 1.5000000000000002 57.518750000000004 75.160416666666677
decision_type=2 2 2 2 2 2 2 2 2 2 2 2 2 2 2 2 2 2 2 2 2 2 2 2 2 2 2 2 2 2
left_child=2 -2 3 5 -5 6 7 8 9 10 11 12 15 -13 -12 16 -1 -18 -8 -20 21 23 -23 24 25 26 -21 -16 29 -17
right_child=1 -3 -4 4 -6 -7 18 -9 -10 -11 14 13 -14 -15 27 28 17 -19 19 20 -22 22 -24 -25 -26 -27 -28 -29 -30 -31
leaf_value=0.026953103744678877 -0.071405783566561618 0.86897509239968795 -0.5328909158706665 0.01615527511707374 -0.35406040648619336 0.22397649948569864 -0.064398173823259602 -0.4590631101812635 0.31705625624883749 -0.2139448281656951 0.25539839404324688 -0.31789959923309441 0.51694492972677664 -0.002861881770659238 -0.077309646776744304 -0.013357796292338107 -0.087942734254258026 -0.36747224824059582 0.3051759673158328 -0.16165019258342941 -0.2082469317900098 -0.052995451336557226 0.56541516345739362 -0.33370241260528566 0.29644272521138193 0.15435344227231468 0.073931720899418005 0.1038025458753109 -0.011411627087077112 0.22221410874099959
leaf_weight=44 33 21 24 35 21 22 43 28 21 20 24 34 21 80 21 36 35 21 30 29 23 22 25 25 20 26 32 25 528 21
leaf_count=44 33 21 24 35 21 22 43 28 21 20 24 34 21 80 21 36 35 21 30 29 23 22 25 25 20 26 32 25 528 21
internal_value=4.72914e-10 0.294298 -0.0118953 -0.00236487 -0.122676 0.00299931 -0.000940318 -0.0156452 -0.00230933 -0.0096793 -0.00508907 -0.0141834 -0.00083974 -0.0968205 0.101445 -0.0167134 -0.0960898 -0.192766 0.0503396 0.0716057 0.036917 0.0684186 0.275946 -0.00547392 0.071215 0.0194385 -0.0380662 0.0211209 -0.00314483 0.0734319
internal_weight=1390 54 1336 1312 56 1256 1234 959 931 910 890 820 706 114 70 685 100 56 275 232 202 179 47 132 107 87 61 46 585 57
internal_count=1390 54 1336 1312 56 1256 1234 959 931 910 890 820 706 114 70 685 100 56 275 232 202 179 47 132 107 87 61 46 585 57
is_linear=0
shrinkage=0.1


Tree=65
num_leaves=31
num_cat=0
split_feature=1 3 3 3 0 3 0 3 6 2 0 5 1 0 4 3 3 1 4 5 3 0 3 1 3 1 6 2 5 4
split_gain=570.474 137.972 82.101 105.141 362.133 431.941 230.136 227.306 227.258 189.006 189.516 132.84 95.181 273.626 238.896 83.6191 76.8939 478.553 80.278 57.7841 107.639 51.6426 56.4395 73.1122 53.0963 34.1449 67.5095 73.6074 22.1197 21.2334
threshold=396.83333333333343 396.83333333333343 347.46666666666675 157.75000000000003 309.04687500000006 166.75000000000003 323.00000000000006 180.58333333333337 2.5000000000000004 113.66666666666669 97.377976190476204 13.500000000000002 230.25000000000003 203.18020833333335 97.109375000000014 218.75000000000003 111.65625000000001 58.015625000000007 208.25000000000003 14.500000000000002 225.12500000000003 157.75000000000003 116.41666666666667 91.996093750000014 123.21470588235296 49.033333333333339 3.5000000000000004 38.000000000000007 21.500000000000004 147.31250000000003
decision_type=2 2 2 2 2 2 2 2 2 2 2 2 2 2 2 2 2 2 2 2 2 2 2 2 2 2 2 2 2 2
left_child=1 2 3 6 5 -5 12 8 -7 10 -9 -11 13 16 -14 -12 18 -18 25 -13 -21 22 -19 -24 -25 26 27 -1 -27 -23
right_child=-2 -3 -4 4 -6 7 -8 9 -10 11 15 19 14 -15 -16 -17 17 21 -20 20 -22 29 23 24 -26 28 -28 -29 -30 -31
leaf_value=0.15580719582736494 0.50517563332210891 -0.25653093673966149 0.18324882491775182 -0.44428893081519916 -0.45990584634599235 -0.034012204855680468 0.34380060613155367 0.087746689200401309 0.42240877790997433 0.22469786102733305 -0.13288867780140468 -0.16512880414724351 0.069027194273299897 0.37411394208669663 -0.37871425693685357 -0.3625086561102292 0.51961411112919453 0.090404288957436241 -0.21198366954922676 0.18929014420853213 -0.066286784625715675 0.16748139167373832 -0.2299115925317719 -0.1485095733533735 0.031491706134718765 0.005821718263349175 -0.17762823841151071 -0.075564095344055782 -0.058525842453463608 0.025114776790142058
leaf_weight=20 22 22 23 23 21 20 20 25 24 31 35 20 26 20 22 29 20 31 20 26 45 22 21 23 57 565 34 44 59 20
leaf_count=20 22 22 23 23 21 20 20 25 24 31 35 20 26 20 22 29 20 31 20 26 45 22 21 23 57 565 34 44 59 20
internal_value=-8.1139e-10 -0.00812417 -0.00406403 -0.00732041 -0.0594903 -0.0292431 0.00791278 0.00819245 0.214945 -0.0349218 -0.145732 0.0459155 0.00122179 0.008121 -0.136188 -0.236935 0.000300642 0.056355 -0.0143551 -0.0149883 0.0273048 0.0031068 -0.0276235 -0.0638499 -0.0202587 -0.0088806 -0.0637555 -0.00326057 -0.000262426 0.0996878
internal_weight=1390 1368 1346 1323 299 278 1024 255 44 211 89 122 1004 956 48 64 936 194 742 91 71 174 132 101 80 722 98 64 624 42
internal_count=1390 1368 1346 1323 299 278 1024 255 44 211 89 122 1004 956 48 64 936 194 742 91 71 174 132 101 80 722 98 64 624 42
is_linear=0
shrinkage=0.1


Tree=66
num_leaves=31
num_cat=0
split_feature=0 3 1 5 3 3 3 0 4 4 2 0 0 4 1 2 3 1 1 4 4 5 0 0 1 4 3 1 2 2
split_gain=470.76 127.983 971.389 209.344 95.3996 101.307 270.719 144.366 71.8921 79.2988 137.971 391.71 93.8777 74.4398 89.1658 526.726 129.468 74.3457 70.2478 56.4247 52.4974 40.5153 40.6995 82.0782 36.3782 65.5263 79.2478 55.8592 39.5749 30.9308
threshold=396.83333333333343 254.15625000000003 212.25000000000003 13.500000000000002 231.41666666666669 199.25000000000003 212.25000000000003 323.00000000000006 336.68750000000006 185.25000000000003 166.75000000000003 145.46875000000003 90.669146825396837 172.83333333333334 42.015625000000007 50.039062500000007 70.140625000000014 49.033333333333339 54.890625000000007 150.17187500000003 175.21875000000003 22.500000000000004 257.26562500000006 203.18020833333335 175.21875000000003 134.5588235294118 106.69246031746034 59.28768382352942 213.75000000000003 102.46428571428574
decision_type=2 2 2 2 2 2 2 2 2 2 2 2 2 2 2 2 2 2 2 2 2 2 2 2 2 2 2 2 2 2
left_child=1 4 3 -3 5 7 -7 8 9 13 11 12 -11 14 16 -16 -1 -17 -19 -5 -8 22 23 24 25 27 -27 -20 -26 -14
right_child=-2 2 -4 19 -6 6 20 -9 -10 10 -12 -13 29 -15 15 17 -18 18 21 -21 -22 -23 -24 -25 28 26 -28 -29 -30 -31
leaf_value=-0.0025164051111354387 0.45890613360838456 0.26332233437785396 -0.74080135762691501 0.012825381512383877 0.20794419861313973 -0.31826606146991254 -0.055564391277730468 0.22169411609570189 0.14719690202036873 -0.14249778916278194 0.11050357895512736 -0.428980575357714 0.16829630597071216 0.16039477484300735 0.46141636253893376 -0.17785568746427696 -0.28519027854244294 0.13167921144228717 -0.13490306367166341 -0.18287152498960496 0.17081466146877833 -0.10387643057852985 -0.13774350427445911 0.16002794115338476 -0.14885029398890978 -0.0012166764587163926 0.24929956871530284 0.0010624193023878229 0.020991205780402478 0.0041400156915187836
leaf_weight=43 22 27 20 34 22 35 20 30 32 31 31 31 22 30 25 24 26 39 32 26 21 40 21 32 34 28 23 542 23 24
leaf_count=43 22 27 20 34 22 35 20 30 32 31 31 31 22 30 25 24 26 39 32 26 21 40 21 32 34 28 23 542 23 24
internal_value=-4.87521e-10 -0.00738007 -0.112382 0.0320817 0.00152973 -0.00213542 -0.113993 0.00517429 -0.000558798 -0.00485324 -0.0754557 -0.128833 -0.00799419 0.00534815 0.000357378 0.00910339 -0.109031 -0.00439043 0.000724025 -0.0719766 0.0603859 -0.00586598 -0.000532075 0.00350355 -0.0038407 0.00313401 0.111761 -0.00651754 -0.0803178 0.0826495
internal_weight=1390 1368 107 87 1261 1239 76 1163 1133 1101 139 108 77 962 932 863 69 838 814 60 41 775 735 714 682 625 51 574 57 46
internal_count=1390 1368 107 87 1261 1239 76 1163 1133 1101 139 108 77 962 932 863 69 838 814 60 41 775 735 714 682 625 51 574 57 46
is_linear=0
shrinkage=0.1


Tree=67
num_leaves=31
num_cat=0
split_feature=3 2 0 1 0 2 0 0 2 1 3 0 3 1 1 1 0 1 2 0 2 0 0 4 4 5 3 0 3 2
split_gain=488.837 2921.06 2737.14 370.332 265.946 180.516 185.455 100.057 63.4916 124.54 108.069 190.073 48.0278 43.9104 138.51 126.055 32.8792 84.5533 105.311 76.1982 39.1294 63.5124 83.5042 38.8678 47.1595 38.9251 50.1913 38.5945 56.6246 44.5405
threshold=241.12500000000003 212.25000000000003 391.21875000000006 190.33333333333334 170.25000000000003 368.00000000000006 309.04687500000006 250.34375000000003 49.033333333333339 47.093750000000007 85.937500000000014 108.95208333333336 296.31250000000006 230.25000000000003 212.25000000000003 199.25000000000003 112.04687500000001 108.95208333333336 88.984126984127002 185.25000000000003 111.65625000000001 97.855468750000014 95.920833333333363 314.00000000000006 156.50000000000003 16.500000000000004 107.51562500000001 93.377083333333346 146.19669117647064 95.218750000000014
decision_type=2 2 2 2 2 2 2 2 2 2 2 2 2 2 2 2 2 2 2 2 2 2 2 2 2 2 2 2 2 2
left_child=2 3 5 4 12 6 7 8 10 -10 -1 -12 -2 14 15 16 20 -18 -19 23 21 22 27 24 25 26 -20 28 29 -11
right_child=1 -3 -4 -5 -6 -7 -8 -9 9 13 11 -13 -14 -15 -16 -17 17 18 19 -21 -22 -23 -24 -25 -26 -27 -28 -29 -30 -31
leaf_value=0.010168646974489094 0.055080747442053907 1.2963049845397474 -1.1793641757965088 -0.39681138055665155 0.39105247646570207 0.2837704147804867 -0.30725475132465363 0.17423823177814485 0.24375789903459097 0.012621345555281913 -0.34523922214905423 0.05274840999394656 -0.11584333282324576 -0.11944630442247275 0.21302872125059366 -0.20692980527877808 0.22337285327237277 -0.19449139670892196 0.048169275663573957 0.18313298265139263 -0.064840081577432582 0.11272545473083206 -0.21024169947952034 -0.10183032077665513 0.14564654007554054 0.061608904773550133 -0.11441769994968592 0.1276538791304285 -0.16449617878957229 -0.077452772803917477
leaf_weight=64 35 20 20 21 20 22 20 32 21 386 30 20 31 31 30 30 21 22 34 30 111 46 20 26 29 67 43 22 22 64
leaf_count=64 35 20 20 21 20 22 20 32 21 386 30 20 31 31 30 30 21 22 34 30 111 46 20 26 29 67 43 22 22 64
internal_value=1.95058e-11 0.187014 -0.0188051 -0.02033 0.0716015 -0.000131544 -0.00524689 -0.000217622 -0.00499315 0.0026677 -0.0758896 -0.186044 -0.0252018 -0.00222871 0.00139417 -0.00513105 0.00128884 0.0306168 0.0144898 0.0345666 -0.0105997 0.00015155 -0.00992316 0.0121696 0.0293025 0.00587216 -0.042626 -0.00181309 -0.00784757 -0.000189196
internal_weight=1390 127 1263 107 86 1243 1221 1201 1169 1055 114 50 66 1034 1003 973 943 272 251 229 671 560 514 199 173 144 77 494 472 450
internal_count=1390 127 1263 107 86 1243 1221 1201 1169 1055 114 50 66 1034 1003 973 943 272 251 229 671 560 514 199 173 144 77 494 472 450
is_linear=0
shrinkage=0.1


Tree=68
num_leaves=31
num_cat=0
split_feature=0 3 1 4 3 3 0 3 3 4 0 1 0 3 3 1 0 4 3 1 3 3 0 4 1 1 0 1 1 3
split_gain=520.157 138.635 869.807 177.859 70.5536 82.311 344.182 273.129 211.769 224.867 169.549 182.544 159.33 98.7778 69.0048 68.7889 196.764 166.01 66.1141 405.327 68.9699 63.0027 45.4016 42.9263 82.9261 63.8648 31.533 34.7368 39.5045 30.9147
threshold=396.83333333333343 254.15625000000003 212.25000000000003 204.73437500000003 231.41666666666669 157.75000000000003 332.84375000000006 167.68750000000003 180.58333333333337 210.25000000000003 167.68750000000003 97.855468750000014 170.25000000000003 173.87500000000003 199.25000000000003 230.25000000000003 203.18020833333335 97.109375000000014 111.65625000000001 58.015625000000007 107.29166666666667 332.84375000000006 157.75000000000003 111.65625000000001 94.520833333333343 125.06666666666668 27.483333333333338 38.000000000000007 49.033333333333339 95.920833333333363
decision_type=2 2 2 2 2 2 2 2 2 2 2 2 2 2 2 2 2 2 2 2 2 2 2 2 2 2 2 2 2 2
left_child=1 4 3 21 5 6 15 -7 13 10 11 -10 -11 -9 -12 16 18 -17 20 -20 26 -3 23 -21 -25 -26 -1 -28 -29 -30
right_child=-2 2 -4 -5 -6 7 -8 8 9 12 14 -13 -14 -15 -16 17 -18 -19 19 22 -22 -23 -24 24 25 -27 27 28 29 -31
leaf_value=-0.12934950366616249 0.48238271041349928 0.029837350780144337 -0.7116959223151208 0.25131517723202706 0.17902693077921869 -0.33258320679587705 0.41078400001639415 0.024627290219068527 -0.2407376392256646 -0.069746658317744736 -0.144790072332729 0.14928803729957768 0.3294150751829148 0.33169071024114438 -0.37965297595967124 0.059294786705420571 0.31801918763667347 -0.30952523143395139 0.47934873327612881 0.047051951482745949 -0.1456458189197489 -0.1701921573569698 0.09455542103165672 -0.24677205249667167 0.10658834021395217 -0.1003186499433858 0.1162152533729871 -0.091714934625662867 -0.0097440300802748916 0.049010088701023288
leaf_weight=20 22 32 20 24 22 31 21 20 21 20 22 28 20 22 29 26 20 23 20 51 37 31 42 20 26 35 24 50 502 109
leaf_count=20 22 32 20 24 22 31 21 20 21 20 22 28 20 22 29 26 20 23 20 51 37 31 42 20 26 35 24 50 502 109
internal_value=4.99403e-10 -0.00775762 -0.117042 0.0196598 0.00151554 -0.0016364 0.0101074 -0.0582052 -0.0114705 -0.0705527 -0.150707 -0.0178658 0.129834 0.18547 -0.27834 0.00173508 0.00765813 -0.113825 0.00102648 0.0530034 -0.0125632 -0.0685899 0.00399816 -0.0248155 -0.0700654 -0.0121288 -0.00557869 -0.00196494 -0.0062559 0.000737474
internal_weight=1390 1368 107 87 1261 1239 1026 213 182 140 100 49 40 42 51 1005 956 49 936 194 742 63 174 132 81 61 705 685 661 611
internal_count=1390 1368 107 87 1261 1239 1026 213 182 140 100 49 40 42 51 1005 956 49 936 194 742 63 174 132 81 61 705 685 661 611
is_linear=0
shrinkage=0.1


Tree=69
num_leaves=31
num_cat=0
split_feature=3 6 1 1 4 1 2 3 0 2 1 3 0 0 0 0 4 4 4 4 0 4 0 4 2 0 4 2 0 5
split_gain=423.948 2485.42 2463.46 351.395 140.002 62.5202 149.777 194.277 69.7956 58.5599 102.717 94.4777 167.626 43.333 62.5602 89.2847 35.4142 31.9259 30.9956 104.465 71.9347 42.4736 28.489 33.0357 42.5701 37.7646 94.0727 44.2991 49.8982 34.3358
threshold=241.12500000000003 5.5000000000000009 391.21875000000006 185.25000000000003 195.09791666666669 238.30000000000004 283.40625000000006 127.18958333333335 212.25000000000003 49.033333333333339 47.093750000000007 85.937500000000014 108.95208333333336 199.25000000000003 188.75000000000003 180.80208333333337 363.46875000000006 118.56250000000001 156.50000000000003 145.46875000000003 125.06666666666668 220.83333333333334 153.75000000000003 134.5588235294118 170.25000000000003 112.04687500000001 115.60000000000001 111.65625000000001 99.848345588235304 14.500000000000002
decision_type=2 2 2 2 2 2 2 2 2 2 2 2 2 2 2 2 2 2 2 2 2 2 2 2 2 2 2 2 2 2
left_child=2 -2 5 4 17 8 -7 -8 9 11 -11 -1 -13 14 15 16 18 -3 19 22 -20 -22 23 24 25 26 27 28 -12 -27
right_child=1 3 -4 -5 -6 6 7 -9 -10 10 13 12 -14 -15 -16 -17 -18 -19 20 -21 21 -23 -24 -25 -26 29 -28 -29 -30 -31
leaf_value=0.011919190990738571 0.92078899611352072 0.0025788843731528949 -1.0664409783753483 -0.41815453643600153 0.24128346727007913 0.24691033251583577 0.11966070818404358 -0.26906106293201448 -0.13846375424610943 0.22593013672601608 0.0027271159909510725 -0.32104079127311708 0.052708483599126346 0.12733086689754769 -0.17182376186052961 0.19308651487032574 -0.12765498527071692 -0.16053125290643602 -0.0040060304512735461 -0.19678971208631993 0.25335370977630928 0.05452779057351026 0.097191158450883011 0.11126806143050393 -0.11238936350957768 0.15833207194048626 -0.19642932698793281 -0.072285166370535378 0.15710780756040055 0.013384915414181624
leaf_weight=64 33 28 22 24 21 34 36 20 38 21 433 30 20 27 21 24 22 21 96 28 21 22 29 24 37 26 26 76 22 44
leaf_count=64 33 28 22 24 21 34 36 20 38 21 433 30 20 27 21 24 22 21 96 28 21 22 29 24 37 26 26 76 22 44
internal_value=-1.56265e-10 0.17416 -0.0175125 -0.0879543 0.0252572 0.00108249 0.0813502 -0.0191685 -0.00519387 -0.000643778 0.00710481 -0.0685458 -0.171541 0.0024061 -0.00114066 0.00271348 -0.00232952 -0.0673255 0.000789442 -0.00729878 0.04414 0.151629 0.000101142 -0.00399132 -0.00815732 -0.00200646 -0.0107067 -0.00161292 0.0101917 0.0672224
internal_weight=1390 127 1263 94 70 1241 90 56 1151 1113 999 114 50 978 951 930 906 49 884 745 139 43 717 688 664 627 557 531 455 70
internal_count=1390 127 1263 94 70 1241 90 56 1151 1113 999 114 50 978 951 930 906 49 884 745 139 43 717 688 664 627 557 531 455 70
is_linear=0
shrinkage=0.1


Tree=70
num_leaves=31
num_cat=0
split_feature=0 3 1 3 5 4 4 0 2 1 1 3 6 2 3 0 2 3 4 2 5 4 2 4 4 2 5 6 2 3
split_gain=520.207 132.841 728.547 200.864 74.3342 69.8951 87.7702 177.66 115.266 202.869 377.674 104.884 116.415 110.91 95.2549 79.802 650.146 126.992 76.8276 81.4638 75.0433 53.1905 52.5811 33.4651 32.5501 27.5532 26.3713 33.1276 88.5735 68.1705
threshold=396.83333333333343 254.15625000000003 212.25000000000003 382.67187500000006 15.500000000000002 336.68750000000006 150.17187500000003 323.00000000000006 242.41666666666666 218.75000000000003 199.25000000000003 196.25000000000003 3.5000000000000004 75.966666666666683 212.25000000000003 54.046875000000007 55.358333333333341 88.859126984127002 54.312500000000007 58.015625000000007 15.500000000000002 217.50000000000003 59.28768382352942 46.906250000000007 36.031250000000007 94.520833333333343 1.0000000180025095e-35 4.5000000000000009 203.18020833333335 84.375000000000014
decision_type=2 2 2 2 2 2 2 2 2 2 2 2 2 2 2 2 2 2 2 2 2 2 2 2 2 2 2 2 2 2
left_child=1 5 3 4 -3 6 7 15 9 10 11 12 13 21 -13 17 -17 18 22 -20 -7 -8 24 -18 -1 -15 -25 28 -28 -29
right_child=-2 2 -4 -5 -6 20 8 -9 -10 -11 -12 14 -14 25 -16 16 23 -19 19 -21 -22 -23 -24 26 -26 -27 27 29 -30 -31
leaf_value=0.040909418676580704 0.48240551840175283 -0.20288183711193228 -0.65896332681179048 0.27974814063026793 0.01296814902422902 0.26834886945784092 -0.045472438275814063 0.27469768321514126 -0.26642576158046721 0.23795414221286776 -0.47733051906339824 -0.32096222070045771 0.20376231695214908 0.14133018482299078 -0.030679761790312256 0.466435947773918 0.10595090208309038 -0.29576239585876468 -0.025846434281104141 0.22586917862296108 0.00070688385855067863 -0.25619138064591784 -0.21244334171836576 0.065962294445671435 -0.11025022778274685 0.011349488524337339 -0.0084228902107636276 0.00090027331666211899 0.17477942976568428 -0.13349244919773498
leaf_weight=28 22 27 20 21 39 20 25 25 23 25 20 20 27 21 26 31 28 20 36 20 22 23 24 48 29 73 459 99 28 61
leaf_count=28 22 27 20 21 39 20 25 25 23 25 20 20 27 21 26 31 28 20 36 20 22 23 24 48 29 73 459 99 28 61
internal_value=-3.11719e-10 -0.00775798 -0.114735 0.0103754 -0.0753341 0.00131934 -0.00305073 0.0117039 -0.0518504 -0.0328687 -0.0616796 -0.0230144 0.0134249 -0.022766 -0.15689 0.00448668 0.0179922 -0.0603743 -0.0260111 0.064052 0.128155 -0.146442 -0.088277 -0.00123566 -0.0359964 0.0403877 -0.00555396 -0.0108597 0.0021103 -0.050337
internal_weight=1390 1368 107 87 66 1261 1219 936 283 260 235 215 169 142 46 911 754 157 137 56 42 48 81 723 57 94 695 647 487 160
internal_count=1390 1368 107 87 66 1261 1219 936 283 260 235 215 169 142 46 911 754 157 137 56 42 48 81 723 57 94 695 647 487 160
is_linear=0
shrinkage=0.1


Tree=71
num_leaves=31
num_cat=0
split_feature=3 0 1 6 2 1 2 0 0 1 3 3 3 3 2 1 0 1 1 1 1 1 0 2 4 1 1 1 4 4
split_gain=442.518 976.391 586.875 77.5973 248.942 158.918 231.819 207.494 178.796 137.449 282.836 133.026 168.392 108.741 144.813 169.833 96.9623 66.9454 79.5243 87.7506 107.889 56.0611 54.7928 171.625 56.1167 54.2102 51.3788 58.4134 43.3046 40.6777
threshold=336.68750000000006 199.25000000000003 391.21875000000006 2.5000000000000004 222.65000000000003 309.04687500000006 353.25000000000006 253.25000000000003 222.65000000000003 44.593750000000007 108.95208333333336 218.75000000000003 190.33333333333334 148.58333333333334 156.50000000000003 109.51562500000001 145.46875000000003 49.033333333333339 57.518750000000004 60.415873015873025 64.234375000000014 51.953125000000007 188.75000000000003 188.75000000000003 56.031250000000007 58.67460317460317 64.566964285714292 68.902343750000014 50.286458333333336 188.75000000000003
decision_type=2 2 2 2 2 2 2 2 2 2 2 2 2 2 2 2 2 2 2 2 2 2 2 2 2 2 2 2 2 2
left_child=2 -2 3 4 11 7 -7 8 9 10 -5 12 13 16 15 -15 21 -11 -19 -20 -21 28 24 -24 -22 -23 -27 -28 -1 -26
right_child=1 -3 -4 5 -6 6 -8 -9 -10 17 -12 -13 -14 14 -16 -17 -18 18 19 20 22 25 23 -25 29 26 27 -29 -30 -31
leaf_value=-0.0030562730575049366 -0.05855977137883505 0.81369257597696221 -0.50138295634339258 -0.019514418533071877 -0.35213396652885109 0.44303510813486008 -0.026836991593951271 -0.24508953488642171 0.27665000076477347 -0.18461075484752656 0.45986471651121974 -0.21434120563790204 0.20757369252187866 -0.067787970599186217 0.084849437361671817 -0.44398907266912008 0.19076281201839448 0.14535993465946781 -0.21371281863190236 0.21145408683173034 -0.1053549834423595 0.14273698140795416 -0.32330310259546557 0.072102833733610483 0.0047067235826523425 -0.15489282401447946 0.16850643480196595 -0.0087722965893725167 -0.17059071152988409 0.14464732476256112
leaf_weight=27 33 21 24 32 23 21 21 31 26 20 20 32 35 28 21 21 25 36 20 23 45 26 21 23 372 22 20 263 36 22
leaf_count=27 33 21 24 32 23 21 21 31 26 20 20 32 35 28 21 21 25 36 20 23 45 26 21 23 372 22 20 263 36 22
internal_value=5.29355e-11 0.280649 -0.0113436 -0.00237948 -0.0297428 0.0192349 0.208099 0.00775551 0.0196316 0.00909137 0.164862 -0.0164065 -0.00431889 -0.019485 -0.134857 -0.229017 -0.000210455 -0.00482629 0.00157173 -0.00826929 -0.000148988 -0.012328 -0.0102253 -0.116614 0.00043774 0.0041285 -0.0076873 0.00375624 -0.0987902 0.0125207
internal_weight=1390 54 1336 1312 579 733 42 691 660 634 52 556 524 489 70 49 419 582 562 526 506 394 483 44 439 331 305 283 63 394
internal_count=1390 54 1336 1312 579 733 42 691 660 634 52 556 524 489 70 49 419 582 562 526 506 394 483 44 439 331 305 283 63 394
is_linear=0
shrinkage=0.1


Tree=72
num_leaves=31
num_cat=0
split_feature=1 1 3 0 2 3 4 4 4 4 4 0 2 1 3 3 2 0 1 3 5 4 4 1 4 5 4 5 1 0
split_gain=501.939 124.302 121.725 170.244 360.003 133.77 132.324 73.0619 77.028 143.888 200.547 192.437 108.935 140.631 70.2475 57.9948 153.587 47.3484 537.399 106.055 67.2064 88.0242 51.679 35.4088 34.4002 32.8813 28.8807 46.091 42.287 40.1912
threshold=396.83333333333343 353.25000000000006 396.83333333333343 270.03125000000006 296.31250000000006 273.20312500000006 181.58333333333334 336.68750000000006 210.25000000000003 195.09791666666669 185.25000000000003 230.25000000000003 75.966666666666683 172.83333333333334 185.25000000000003 181.58333333333334 101.22916666666669 73.164062500000014 64.86875000000002 107.29166666666667 8.5000000000000018 71.275793650793659 95.127083333333346 152.20312500000003 133.98437500000003 14.500000000000002 54.312500000000007 6.5000000000000009 60.415873015873025 61.093750000000007
decision_type=2 2 2 2 2 2 2 2 2 2 2 2 2 2 2 2 2 2 2 2 2 2 2 2 2 2 2 2 2 2
left_child=1 2 3 5 -5 7 23 8 9 10 11 15 -10 -14 -9 17 -17 19 -19 20 26 -22 -23 -7 -18 -24 28 -28 -1 -30
right_child=-2 -3 -4 4 -6 6 -8 14 12 -11 -12 -13 13 -15 -16 16 24 18 -20 -21 21 22 25 -25 -26 -27 27 -29 29 -31
leaf_value=-0.027182910580720223 0.47385990619659424 -0.25509207636117937 -0.23724369027397851 0.43046405182944403 -0.09616224849224092 0.064695421122014526 -0.31590432325998941 0.011462045566683326 -0.25574348047375678 0.19716509310654493 -0.31711988325230778 0.29517630040645598 0.069416075840592381 -0.23398067124865274 0.26522093079984188 -0.24390292303902764 -0.053034239879774826 0.51841639819599339 0.0023552644343901421 -0.24243003530871299 0.21016454228333067 -0.13573240783065557 0.14038233193366423 -0.12347695261240006 0.10812296565048969 -0.034936904795467856 -0.044068646314308832 0.08504332682261101 -0.2521336566834223 -0.058723750507289722
leaf_weight=70 22 20 22 27 25 20 27 24 28 37 20 22 50 22 20 35 27 21 516 21 28 20 23 20 26 20 95 39 21 22
leaf_count=70 22 20 22 27 25 20 27 24 28 37 20 22 50 22 20 35 27 21 516 21 28 20 23 20 26 20 95 39 21 22
internal_value=-1.1093e-11 -0.00762055 -0.00394887 -7.82166e-05 0.177278 -0.00731726 -0.144851 0.000317199 -0.00446831 0.00342515 -0.00356157 0.0026722 -0.0883759 -0.0232885 0.126807 -0.00386753 -0.0813333 0.00374071 0.0225364 -0.0243743 -0.0108265 0.0626375 -0.00293004 -0.0293908 0.026024 0.0588385 -0.0378922 -0.00649128 -0.0751286 -0.15318
internal_weight=1390 1368 1348 1326 52 1274 67 1207 1163 1063 1026 1006 100 72 44 984 88 896 537 359 338 91 63 40 53 43 247 134 113 43
internal_count=1390 1368 1348 1326 52 1274 67 1207 1163 1063 1026 1006 100 72 44 984 88 896 537 359 338 91 63 40 53 43 247 134 113 43
is_linear=0
shrinkage=0.1


Tree=73
num_leaves=31
num_cat=0
split_feature=1 1 3 0 2 3 4 4 4 3 3 4 0 4 3 3 2 6 0 5 2 1 3 2 1 2 1 4 2 0
split_gain=406.571 100.684 98.5971 137.898 291.602 108.354 107.183 59.1802 66.3433 160.433 96.6389 83.9158 159.053 66.7997 61.5469 299.727 180.49 307.539 139.087 60.8629 32.8343 54.0671 49.1133 43.2277 28.6812 25.9277 76.1879 54.492 24.4192 70.1988
threshold=396.83333333333343 353.25000000000006 396.83333333333343 270.03125000000006 296.31250000000006 273.20312500000006 181.58333333333334 336.68750000000006 199.25000000000003 183.6166666666667 117.09583333333335 190.33333333333334 231.75000000000003 231.75000000000003 125.06666666666668 118.81250000000001 89.804761904761918 4.5000000000000009 141.12500000000003 15.500000000000002 35.645833333333336 49.033333333333339 70.140625000000014 45.300000000000004 152.20312500000003 213.75000000000003 183.16666666666669 125.06666666666668 230.25000000000003 150.70000000000002
decision_type=2 2 2 2 2 2 2 2 2 2 2 2 2 2 2 2 2 2 2 2 2 2 2 2 2 2 2 2 2 2
left_child=1 2 3 5 -5 7 24 8 11 10 -10 12 14 -12 15 20 17 18 -16 -9 -1 22 23 -22 -7 26 27 -18 29 -23
right_child=-2 -3 -4 4 -6 6 -8 19 9 -11 13 -13 -14 -15 16 -17 25 -19 -20 -21 21 28 -24 -25 -26 -27 -28 -29 -30 -31
leaf_value=0.11217910287280877 0.42647388591007751 -0.22958286598324779 -0.21351931528611617 0.38741762671205732 -0.086546021163463605 0.05822587430477142 -0.2843139034730417 0.23173779350790114 -0.15116593984735979 -0.32506742619332818 0.17551118273001454 0.19745462423941884 0.27240138706706823 -0.030382244400680065 -0.45547732710838318 0.38006052048433397 -0.02025400398372075 0.12936530817638744 -0.11502781614661217 -0.0034852124538949946 0.078634796738624571 -0.0012757649628578553 -0.21769222382988251 -0.10993417311579951 -0.11112925581634046 0.11736326783895493 -0.16959352700606636 0.13518151623361252 -0.10656062424182894 0.16346392383178077
leaf_weight=24 22 20 22 27 25 20 27 22 37 21 26 22 21 40 30 21 67 22 20 22 20 616 21 31 20 20 23 34 20 27
leaf_count=24 22 20 22 27 25 20 27 22 37 21 26 22 21 40 30 21 67 22 20 22 20 616 21 31 20 20 23 34 20 27
internal_value=-1.3163e-09 -0.0068585 -0.00355398 -7.0396e-05 0.15955 -0.00658553 -0.130366 0.000285479 -0.00402148 -0.0731577 -0.0217975 0.00422962 4.97235e-05 0.0507273 -0.00569263 0.00738873 -0.0529309 -0.182206 -0.319298 0.114126 -0.00292234 -0.00668076 -0.0889833 -0.0359856 -0.0264517 0.0117067 -0.00533466 0.0320708 0.00225708 0.00564176
internal_weight=1390 1368 1348 1326 52 1274 67 1207 1163 124 103 1039 1017 66 996 780 216 72 50 44 759 735 72 51 40 144 124 101 663 643
internal_count=1390 1368 1348 1326 52 1274 67 1207 1163 124 103 1039 1017 66 996 780 216 72 50 44 759 735 72 51 40 144 124 101 663 643
is_linear=0
shrinkage=0.1


Tree=74
num_leaves=31
num_cat=0
split_feature=3 4 1 3 0 6 2 2 1 3 3 2 0 1 0 2 6 5 6 6 2 2 3 1 0 4 4 6 0 2
split_gain=441.372 771.364 625.843 89.2851 135.369 54.9415 214.673 128.619 127.139 128.182 272.763 122.429 493.383 102.755 174.797 64.7487 126.278 57.574 44.5016 42.7312 41.97 131.536 60.017 58.4366 52.6157 90.9502 60.7675 31.8813 31.7411 148.874
threshold=323.00000000000006 150.70000000000002 391.21875000000006 254.15625000000003 138.46875000000003 2.5000000000000004 222.65000000000003 185.25000000000003 314.00000000000006 212.25000000000003 196.25000000000003 58.015625000000007 82.772916666666688 159.56250000000003 157.75000000000003 58.67460317460317 1.5000000000000002 22.500000000000004 3.5000000000000004 1.0000000180025095e-35 62.41875000000001 65.765625000000014 159.56250000000003 197.83333333333334 152.20312500000003 84.375000000000014 131.63333333333335 5.5000000000000009 64.566964285714292 75.160416666666677
decision_type=2 2 2 2 2 2 2 2 2 2 2 2 2 2 2 2 2 2 2 2 2 2 2 2 2 2 2 2 2 2
left_child=2 -2 3 5 -5 6 7 13 9 10 11 12 18 14 15 16 19 20 -7 -1 -13 -22 24 -24 27 -26 -27 -23 -17 -30
right_child=1 -3 -4 4 -6 8 -8 -9 -10 -11 -12 17 -14 -15 -16 28 -18 -19 -20 -21 21 22 23 -25 25 26 -28 -29 29 -31
leaf_value=-0.10083749331533909 -0.19851165397659593 0.53166711147014911 -0.51819457958141968 0.0052159737629283755 -0.33541699469089514 0.1134200018644333 -0.31997369670349624 0.20066054572484326 0.20424690605141224 0.21306532516920318 -0.36187580063939095 -0.11883948147296906 0.54539438166788645 -0.17767704599782042 0.27527528958661213 -0.066376605780134282 -0.25917807827673611 -0.15629263725907852 -0.065255909415123908 0.068321084382478151 0.25394785184235802 0.0053482443340341452 0.0020359689281100319 -0.23387475822653092 -0.066960697457194338 0.26697717878829547 0.036998397260904314 -0.084458694550330227 0.26905586595336595 -0.0068024546477839457
leaf_weight=28 23 39 24 28 20 20 23 28 36 30 20 27 21 38 21 62 31 24 46 32 21 281 21 21 25 27 20 46 21 286
leaf_count=28 23 39 24 28 20 20 23 28 36 30 20 27 21 38 21 62 31 24 46 32 21 281 21 21 25 27 20 46 21 286
internal_value=7.61591e-10 0.260794 -0.0121756 -0.00286241 -0.136714 0.00225296 -0.0206916 -0.00810754 0.0213177 0.0111862 0.00141788 0.0135277 0.123217 -0.0193706 -0.00686402 -0.0197443 -0.0952934 -0.00507467 -0.0111117 -0.0106196 0.00234707 0.0094294 -0.00221434 -0.115919 0.00975461 0.0871435 0.169114 -0.00728515 -0.00111295 0.0120673
internal_weight=1390 62 1328 1304 48 1256 570 547 686 650 620 600 87 519 481 460 91 513 66 60 489 462 441 42 399 72 47 327 369 307
internal_count=1390 62 1328 1304 48 1256 570 547 686 650 620 600 87 519 481 460 91 513 66 60 489 462 441 42 399 72 47 327 369 307
is_linear=0
shrinkage=0.1


Tree=75
num_leaves=31
num_cat=0
split_feature=1 3 1 0 2 3 5 1 3 1 2 0 3 2 3 1 1 0 6 4 0 3 0 4 0 1 0 1 3 3
split_gain=405.862 113.402 84.578 104.377 259.092 91.2138 107.685 46.5949 263.808 101.082 49.3462 83.161 45.4585 161.786 52.0854 58.7438 127.834 44.6676 38.0414 41.1829 20.3151 135.79 26.4684 31.7119 20.5664 140.298 45.0373 26.7335 175.952 58.1288
threshold=396.83333333333343 396.83333333333343 353.25000000000006 270.03125000000006 296.31250000000006 273.20312500000006 15.500000000000002 45.300000000000004 110.92708333333336 49.033333333333339 47.093750000000007 242.41666666666666 218.75000000000003 121.43750000000001 205.37500000000003 230.25000000000003 212.25000000000003 196.25000000000003 3.5000000000000004 45.562500000000007 51.031250000000007 48.406250000000007 54.046875000000007 46.906250000000007 97.046875000000014 102.46428571428574 95.218750000000014 134.5588235294118 150.70000000000002 152.20312500000003
decision_type=2 2 2 2 2 2 2 2 2 2 2 2 2 2 2 2 2 2 2 2 2 2 2 2 2 2 2 2 2 2
left_child=1 2 3 5 -5 7 -7 8 18 -9 -11 12 14 -14 15 16 17 20 19 -1 21 -12 -22 -24 26 -26 -25 28 -27 -29
right_child=-2 -3 -4 4 -6 6 -8 9 -10 10 11 -13 13 -15 -16 -17 -18 -19 -20 -21 22 -23 23 24 25 27 -28 29 -30 -31
leaf_value=0.13527468554675579 0.4261017865755341 -0.23205811760642311 -0.20728101953864098 0.35356844459418901 -0.09319436126947403 -0.26445265921025446 -0.0085798255174028646 -0.19294595485220531 0.35494590724507968 0.1444106420097144 -0.1175014656214487 -0.20562344029545787 -0.31075659394264221 0.067553356977609488 0.16057287546850385 -0.14991162395477295 0.21587165835246977 -0.13023816003249242 -0.12949848261972269 -0.04764914875850082 -0.10426670039693516 0.23069541087994971 0.10686555395035871 -0.0092322287269038569 0.20334664732217789 0.010674652631781033 -0.16298203233629466 -0.0077999101191759115 -0.27153721604397735 0.13489132153021324
leaf_weight=20 22 22 20 27 25 29 38 28 24 23 21 20 20 26 21 25 28 26 24 32 24 24 28 402 36 147 20 125 26 37
leaf_count=20 22 22 20 27 25 29 38 28 24 23 21 20 20 26 21 25 28 26 24 32 24 24 28 402 36 147 20 125 26 37
internal_value=-2.99254e-10 -0.00685251 -0.00317159 -9.30172e-05 0.138779 -0.00576125 -0.119331 0.000542942 0.0659146 -0.00536236 -0.000494571 -0.00365065 0.000248439 -0.0969292 0.00476376 0.0013871 0.00539395 -0.00103987 -0.0253585 0.0227062 0.00273446 0.0682035 -0.000752055 0.00227395 -0.00141907 0.0157565 -0.0165189 -0.0044024 -0.0317387 0.0247901
internal_weight=1390 1368 1346 1326 52 1274 67 1207 100 1107 1079 1056 1036 46 990 969 944 916 76 52 890 45 845 821 793 371 422 335 173 162
internal_count=1390 1368 1346 1326 52 1274 67 1207 100 1107 1079 1056 1036 46 990 969 944 916 76 52 890 45 845 821 793 371 422 335 173 162
is_linear=0
shrinkage=0.1


Tree=76
num_leaves=31
num_cat=0
split_feature=3 3 1 6 2 1 0 0 1 4 2 1 2 3 0 2 4 4 4 0 2 3 0 1 0 2 3 0 4 0
split_gain=398.663 842.497 581.195 48.4175 172.29 135.89 197.499 124.362 103.692 242.161 87.6895 80.8557 243.766 137.314 213.45 50.841 73.9397 87.5309 128.029 58.116 44.9091 84.4864 29.8205 44.2729 28.8149 181.101 51.7018 27.666 26.2442 83.5897
threshold=336.68750000000006 391.21875000000006 391.21875000000006 2.5000000000000004 222.65000000000003 314.00000000000006 253.25000000000003 222.65000000000003 44.593750000000007 97.855468750000014 185.25000000000003 159.56250000000003 159.56250000000003 218.75000000000003 148.58333333333334 50.039062500000007 180.58333333333337 133.98437500000003 121.87500000000001 170.25000000000003 60.415873015873025 111.40808823529413 35.645833333333336 45.980468750000007 61.093750000000007 74.733333333333348 55.929687500000007 188.75000000000003 54.312500000000007 61.093750000000007
decision_type=2 2 2 2 2 2 2 2 2 2 2 2 2 2 2 2 2 2 2 2 2 2 2 2 2 2 2 2 2 2
left_child=2 -2 3 4 10 6 7 8 9 -5 11 13 -13 14 20 -10 17 18 28 -19 21 22 -1 -24 26 -26 -22 -18 -17 -30
right_child=1 -3 -4 5 -6 -7 -8 -9 15 -11 -12 12 -14 -15 -16 16 27 19 -20 -21 24 -23 23 -25 25 -27 -28 -29 29 -31
leaf_value=-0.1151509217593981 0.64700295403599739 -0.14352152347564698 -0.49842893416062001 0.40613502051149103 -0.2916642532400463 0.19936461149175699 -0.22632834581392156 0.23178790372151595 -0.14915317607962567 -0.033673178380535497 0.1539249099045992 -0.40537654757499697 0.088350196778774259 -0.24908993651118616 0.27960753486706663 -0.056393620212163244 0.19508347833156586 -0.039687066037079388 0.2466215343702407 -0.25522446307269009 0.02649233490228653 -0.24873652214353736 0.13524193067103626 -0.066211632577081528 0.30279929926618937 -0.008568047413556398 -0.18836190728914171 0.039389273098536903 0.15735123552607769 -0.0097120290622474455
leaf_weight=23 28 26 24 21 23 38 35 26 23 31 30 20 20 23 26 84 25 29 21 22 24 22 20 24 20 283 21 21 33 324
leaf_count=23 28 26 24 21 23 38 35 26 23 31 30 20 20 23 26 84 25 29 21 22 24 22 20 24 20 283 21 21 33 324
internal_value=2.54665e-10 0.26638 -0.0107669 -0.00184621 -0.0234608 0.0152272 0.00515931 0.0174352 0.00864467 0.143942 -0.012366 -0.0218503 -0.158513 -0.0106024 0.00124476 -0.00344372 0.00255148 -0.00833915 0.00538502 -0.132664 -0.0153169 -0.0787069 -0.0228763 0.0253582 0.000894956 0.0119843 -0.073773 0.124006 -0.00610243 0.00573079
internal_weight=1390 54 1336 1312 579 733 695 660 634 52 556 526 40 486 463 582 559 513 462 51 437 89 67 44 348 303 45 46 441 357
internal_count=1390 54 1336 1312 579 733 695 660 634 52 556 526 40 486 463 582 559 513 462 51 437 89 67 44 348 303 45 46 441 357
is_linear=0
shrinkage=0.1


Tree=77
num_leaves=31
num_cat=0
split_feature=1 0 3 5 3 3 4 4 4 5 1 1 4 0 4 2 2 2 0 4 0 2 4 1 6 6 2 0 4 2
split_gain=399.826 109.823 552.89 275.534 175.835 119.057 42.8367 140.723 40.1731 117.95 49.1025 171.776 97.8358 89.5347 75.323 72.982 61.4618 53.2403 51.2073 68.6423 26.6392 21.3737 20.9826 36.0908 22.4261 57.7357 107.758 65.8558 43.6104 124.87
threshold=396.83333333333343 273.20312500000006 130.80000000000004 14.500000000000002 382.67187500000006 336.68750000000006 396.83333333333343 336.68750000000006 231.75000000000003 14.500000000000002 42.925781250000007 47.093750000000007 217.50000000000003 45.980468750000007 204.73437500000003 48.031250000000007 35.645833333333336 54.046875000000007 238.30000000000004 188.75000000000003 209.25000000000003 58.015625000000007 173.87500000000003 207.30729166666669 1.5000000000000002 1.0000000180025095e-35 95.218750000000014 70.816666666666677 131.63333333333335 97.377976190476204
decision_type=2 2 2 2 2 2 2 2 2 2 2 2 2 2 2 2 2 2 2 2 2 2 2 2 2 2 2 2 2 2
left_child=1 4 -3 -4 5 6 7 8 10 -10 13 -12 14 16 15 -13 -1 -17 19 20 21 -19 23 24 25 -23 27 -27 -26 -30
right_child=-2 2 3 -5 -6 -7 -8 -9 9 -11 11 12 -14 -15 -16 17 -18 18 -20 -21 -22 22 -24 -25 28 26 -28 -29 29 -31
leaf_value=0.12495597628029911 0.42292149730704048 0.20334307670593266 -0.096917179617143814 -0.60332595841451131 0.2680799732605616 -0.23574577040377664 -0.13938073874874549 0.22717573902121299 -0.21892810384742917 0.040113791594138519 0.26074763215505165 0.18890658065676691 0.19994778918723266 -0.24048523553039716 -0.18324022863222206 -0.16157523464588894 -0.081371341645717632 0.082919660535070217 -0.15130457336252387 0.16323659928300635 -0.10134494622739464 -0.035619447435680275 0.088546992421150217 -0.13712957588955763 -0.001379888999837371 0.081156046333767121 -0.0085263137506054985 0.33470649331808094 -0.29480931293219331 0.01389045185948673
leaf_weight=22 22 30 21 22 24 22 22 27 32 39 26 20 24 23 23 21 42 31 22 26 26 74 25 20 549 21 56 20 20 38
leaf_count=22 22 30 21 22 24 22 22 27 32 39 26 20 24 23 23 21 42 31 22 26 26 74 25 20 549 21 56 20 20 38
internal_value=5.07035e-10 -0.00680137 -0.126139 -0.35601 -7.42337e-05 -0.00513773 -0.00107578 0.00140402 -0.00367584 -0.0766375 0.000912531 0.00693855 0.000443439 -0.0712612 -0.00438328 -0.000137964 -0.0104463 -0.00412204 -0.000558986 0.0031015 -0.00162976 0.00140606 -0.00166431 -0.00449048 -0.00108074 0.030907 0.0816591 0.204839 -0.0100921 -0.0925577
internal_weight=1390 1368 73 43 1295 1271 1249 1227 1200 71 1129 1042 1016 87 992 969 64 949 928 906 880 854 823 798 778 171 97 41 607 58
internal_count=1390 1368 73 43 1295 1271 1249 1227 1200 71 1129 1042 1016 87 992 969 64 949 928 906 880 854 823 798 778 171 97 41 607 58
is_linear=0
shrinkage=0.1


Tree=78
num_leaves=31
num_cat=0
split_feature=3 2 0 1 0 2 0 0 1 1 4 2 2 1 1 1 0 3 1 1 1 4 1 0 4 4 1 1 5 2
split_gain=366.359 2344.49 2251.76 247.605 177.585 161.68 217.983 89.6144 53.4597 122.334 194.206 104.329 80.6597 38.1499 103.377 78.8553 50.2978 38.3376 43.1324 105.923 45.9119 97.368 57.4748 85.1199 79.5636 36.0467 28.4908 35.0882 55.6453 29.947
threshold=241.12500000000003 212.25000000000003 391.21875000000006 190.33333333333334 170.25000000000003 368.00000000000006 309.04687500000006 250.34375000000003 36.140625000000007 44.593750000000007 89.804761904761918 35.645833333333336 50.039062500000007 230.25000000000003 212.25000000000003 199.25000000000003 201.30000000000004 212.25000000000003 167.68750000000003 180.80208333333337 139.65625000000003 132.62500000000003 122.88970588235296 119.28125000000001 127.18958333333335 187.41666666666669 49.033333333333339 54.890625000000007 7.5000000000000009 64.566964285714292
decision_type=2 2 2 2 2 2 2 2 2 2 2 2 2 2 2 2 2 2 2 2 2 2 2 2 2 2 2 2 2 2
left_child=2 3 5 4 25 6 7 8 11 10 -10 -1 -11 14 15 16 17 18 20 -20 22 -22 23 26 -24 -2 -14 28 -28 -29
right_child=1 -3 -4 -5 -6 -7 -8 -9 9 12 -12 -13 13 -15 -16 -17 -18 -19 19 -21 21 -23 24 -25 -26 -27 27 29 -30 -31
leaf_value=0.043435868620872502 -0.078275574445724486 1.1556994555145503 -1.0689208787679672 -0.33169872210848905 0.31235548377037053 0.26933943310075187 -0.33160760402679446 0.16636982617201285 0.39378191996365786 -0.15454550709043233 -0.041628668279874895 -0.24845833402872086 -0.11309251033741495 -0.10948881045464548 0.18599206571777663 -0.16208430200815202 0.15948576450347901 0.11238770013321833 -0.22867828708674229 0.035759874986428207 -0.031979003625038346 0.19777208261191848 -0.016170575511641801 0.20560727775096896 -0.256541812703723 0.080392145400955572 -0.023964485942962625 -0.079204379212038198 0.20910280883312227 0.00076178237592661679
leaf_weight=24 45 20 20 21 20 22 20 32 20 35 21 25 23 31 30 30 20 29 28 33 39 35 40 20 21 21 21 51 20 573
leaf_count=24 45 20 20 21 20 22 20 32 20 35 21 25 23 31 30 30 20 29 28 33 39 35 40 20 21 21 21 51 20 573
internal_value=-8.06633e-10 0.1619 -0.0162797 -0.0238573 0.0513133 0.000657407 -0.00418371 0.00126881 -0.00325064 0.00122233 0.170767 -0.10549 -0.00522005 -0.000213927 0.00313012 -0.00245061 0.00257459 -0.000788997 -0.00441967 -0.0856216 0.00145615 0.0766871 -0.00578323 0.00224138 -0.0989213 -0.0277904 -0.00367042 0.000114105 0.0897269 -0.00577391
internal_weight=1390 127 1263 107 86 1243 1221 1201 1169 1120 41 49 1079 1044 1013 983 953 933 904 61 843 74 769 708 61 66 688 665 41 624
internal_count=1390 127 1263 107 86 1243 1221 1201 1169 1120 41 49 1079 1044 1013 983 953 933 904 61 843 74 769 708 61 66 688 665 41 624
is_linear=0
shrinkage=0.1


Tree=79
num_leaves=31
num_cat=0
split_feature=0 3 1 5 4 0 1 4 2 0 0 2 4 3 2 2 3 3 2 1 2 0 0 4 3 3 3 3 3 4
split_gain=463.416 124.199 658.962 129.378 56.1676 48.7666 189.73 43.5066 154.838 150.373 128.905 90.5382 85.4116 133.347 66.7026 81.0544 97.4279 55.8678 45.4369 41.5954 35.4217 24.6477 32.8575 69.2496 60.9517 31.8271 70.1875 48.528 31.0525 34.0832
threshold=396.83333333333343 254.15625000000003 212.25000000000003 13.500000000000002 150.17187500000003 41.203125000000007 45.980468750000007 150.17187500000003 53.291666666666679 242.41666666666666 332.84375000000006 55.358333333333341 156.50000000000003 212.25000000000003 66.129166666666677 167.68750000000003 150.17187500000003 153.75000000000003 107.29166666666667 36.140625000000007 49.033333333333339 250.34375000000003 166.75000000000003 128.84926470588238 93.515625000000014 116.41666666666667 129.63333333333335 112.73333333333336 159.56250000000003 94.834821428571445
decision_type=2 2 2 2 2 2 2 2 2 2 2 2 2 2 2 2 2 2 2 2 2 2 2 2 2 2 2 2 2 2
left_child=1 5 3 -3 -5 19 -7 10 -9 12 11 -8 -10 14 -14 16 -16 -17 -18 -1 -21 22 25 24 -24 27 -27 -13 -28 -30
right_child=-2 2 -4 4 -6 6 7 8 9 -11 -12 21 13 -15 15 17 18 -19 -20 20 -22 -23 23 -25 -26 26 28 -29 29 -31
leaf_value=-0.16040665615688673 0.45531269637021154 0.19001228538928208 -0.62834681123495106 0.011029192301280358 -0.18422143353292575 0.23255510272251234 0.16424068541211242 -0.2765995758275191 -0.17555225393311547 -0.22389478802680973 0.23964809589087965 -0.0017302723050687089 0.16900836342776365 0.24878740310668945 0.01272502174531972 -0.0051197128969111619 -0.26740760901213989 0.20280099326337223 -0.080589986046155304 0.066759169429540632 -0.11178929984569551 -0.098189809001409098 0.11577336376621611 0.22375359497964384 -0.1281537510827184 -0.18537764783327781 0.066214925489004914 0.15675267949700356 0.028537569642066957 -0.1560787231847644
leaf_weight=33 22 27 20 34 26 36 34 24 22 30 24 569 22 25 81 28 23 24 30 25 20 26 21 20 20 30 34 20 20 20
leaf_count=33 22 27 20 34 26 36 34 24 22 30 24 569 22 25 81 28 23 24 30 25 20 26 21 20 20 30 34 20 20 20
internal_value=8.0886e-10 -0.00732228 -0.11076 0.00822491 -0.0735794 0.00145479 0.00650441 -0.000590468 -0.0326634 -0.0121214 0.0112359 0.00450144 0.0127931 0.0305768 0.00434956 -0.0151262 -0.0562489 0.0908437 -0.161662 -0.0751311 -0.0125957 -0.00246156 0.000839418 0.0712006 -0.00321547 -0.00535399 -0.0563543 0.00365115 -0.00404751 -0.0637706
internal_weight=1390 1368 107 87 60 1261 1183 1147 309 285 838 814 255 233 208 186 134 52 53 78 45 780 754 61 41 693 104 589 74 40
internal_count=1390 1368 107 87 60 1261 1183 1147 309 285 838 814 255 233 208 186 134 52 53 78 45 780 754 61 41 693 104 589 74 40
is_linear=0
shrinkage=0.1


Tree=80
num_leaves=31
num_cat=0
split_feature=0 3 1 3 5 1 2 6 3 3 3 0 4 4 4 4 0 1 0 4 4 5 1 0 0 1 1 3 3 1
split_gain=375.367 100.601 533.759 121.434 52.3326 44.5939 135.051 409.147 54.698 37.4283 263.337 223.077 89.9292 140.421 140.395 111.013 118.886 65.3225 147.057 104.559 39.1307 28.7466 23.8238 22.4638 18.1833 36.3871 23.7785 40.7213 66.813 24.0408
threshold=396.83333333333343 254.15625000000003 212.25000000000003 382.67187500000006 15.500000000000002 42.925781250000007 51.031250000000007 3.5000000000000004 97.377976190476204 159.56250000000003 167.68750000000003 332.84375000000006 173.87500000000003 196.25000000000003 146.19669117647064 220.83333333333334 183.8666666666667 230.25000000000003 199.25000000000003 97.109375000000014 157.41666666666671 10.500000000000002 38.000000000000007 29.921875000000004 64.566964285714292 67.77500000000002 67.77500000000002 84.763764880952394 65.054166666666674 52.984375000000007
decision_type=2 2 2 2 2 2 2 2 2 2 2 2 2 2 2 2 2 2 2 2 2 2 2 2 2 2 2 2 2 2
left_child=1 5 3 4 -3 8 7 -7 22 11 -11 17 14 -14 21 -15 -17 18 24 -19 -16 -12 23 -1 26 -26 27 28 29 -8
right_child=-2 2 -4 -5 -6 6 9 -9 -10 10 12 -13 13 15 20 16 -18 19 -20 -21 -22 -23 -24 -25 25 -27 -28 -29 -30 -31
leaf_value=-0.047204415854953587 0.40978137579831214 -0.16625957787036896 -0.56551212698221209 0.21684904950005668 0.014850996281856148 -0.071055522618879527 -0.11447380769252778 0.51687156684696678 -0.20019166547319164 -0.35825668968584229 -0.031324592512100936 0.32996261687505818 0.26586761937405051 -0.1985179861386617 -0.30775762327015399 -0.071158048361539841 0.24757913296872919 0.02537889721301886 0.24567384423315525 -0.26732472058223639 -0.10994278714060784 0.13619290173408533 -0.10396315297138328 0.10087992405518889 0.12822682332868379 0.0027538014097139244 -0.12837454690819694 -0.12055780407041312 0.14264244971604184 -0.0019595540069703814
leaf_weight=21 22 27 20 21 39 29 25 20 23 23 20 21 26 21 20 25 22 26 25 23 20 21 22 20 24 625 21 30 29 79
leaf_count=21 22 27 20 21 39 29 25 20 23 23 20 21 26 21 20 25 22 26 25 23 20 21 22 20 24 625 21 30 29 79
internal_value=-4.78346e-10 -0.00659005 -0.0996844 0.00740242 -0.0592397 0.00130931 0.00639688 0.168915 -0.0682011 -0.000675389 -0.0401459 0.00774612 0.00166298 0.0682071 -0.0755611 -0.00736894 0.0780381 0.000285755 0.00669906 -0.112013 -0.20885 0.0544771 -0.020014 0.0250318 -0.000473048 0.00739379 -0.0282208 -0.0153175 0.00842091 -0.0290062
internal_weight=1390 1368 107 87 66 1261 1175 49 86 1126 198 928 175 94 81 68 47 907 858 49 40 41 63 41 833 649 184 163 133 104
internal_count=1390 1368 107 87 66 1261 1175 49 86 1126 198 928 175 94 81 68 47 907 858 49 40 41 63 41 833 649 184 163 133 104
is_linear=0
shrinkage=0.1


Tree=81
num_leaves=31
num_cat=0
split_feature=3 0 2 4 4 4 2 0 0 2 1 3 0 0 1 0 0 2 0 4 6 0 1 5 3 3 3 4 2 0
split_gain=350.188 2124.37 2019.82 214.603 463.055 125.227 96.4363 167.972 91.3292 46.835 97.2337 75.6821 111.418 31.3413 26.8936 65.3011 47.8607 113.323 45.8505 36.8568 23.1315 17.21 99.2444 29.081 44.0309 46.4518 21.2651 14.2973 13.7191 79.1687
threshold=241.12500000000003 391.21875000000006 212.25000000000003 227.73437500000003 187.41666666666669 127.18958333333335 368.00000000000006 309.04687500000006 250.34375000000003 49.033333333333339 47.093750000000007 85.937500000000014 108.95208333333336 227.00000000000003 212.25000000000003 209.25000000000003 188.75000000000003 136.44583333333335 180.80208333333337 363.46875000000006 3.5000000000000004 125.06666666666668 124.35625000000002 12.500000000000002 142.50000000000003 116.41666666666667 181.58333333333334 46.906250000000007 109.51562500000001 100.70504712301589
decision_type=2 2 2 2 2 2 2 2 2 2 2 2 2 2 2 2 2 2 2 2 2 2 2 2 2 2 2 2 2 2
left_child=1 6 3 4 5 -2 7 8 9 11 -11 20 -13 14 16 -16 18 -18 19 21 27 26 -23 -24 25 -25 28 -1 29 -12
right_child=2 -3 -4 -5 -6 -7 -8 -9 -10 10 13 12 -14 -15 15 -17 17 -19 -20 -21 -22 22 23 24 -26 -27 -28 -29 -30 -31
leaf_value=0.11368504498153925 0.047584519762959743 -1.0383471316099167 1.0807113945484161 -0.29250091747804124 0.46538149075848723 -0.23438952581158709 0.20804087817668915 -0.29062435671687131 0.16825527301989496 0.21662544608116152 6.5995296858912731e-05 -0.27793812297595044 0.026772657558321956 -0.10508323003138816 -0.041661023100217187 0.2108193722367287 -0.27660483837127686 0.060030656754970546 0.14286332933799081 -0.12796241083097729 -0.072120948459791098 0.24132614225149154 -0.072949638439191361 0.05905093526411237 0.12453245637994824 -0.11967332845983597 -0.092048759609819036 -0.0044543145313149408 -0.025095694193739939 0.19812586713759672
leaf_weight=20 36 20 20 22 21 28 22 20 32 21 518 30 20 28 21 20 20 20 23 22 23 20 37 33 33 26 26 21 166 21
leaf_count=20 36 20 20 22 21 28 22 20 32 21 518 30 20 28 21 20 20 20 23 22 23 20 37 33 33 26 26 21 166 21
internal_value=-1.13796e-09 -0.0159164 0.158286 -0.0141297 0.0579194 -0.0757791 0.000534663 -0.00320419 0.00158216 -0.00298032 0.00359935 -0.0638712 -0.156054 -0.000727096 0.00217745 0.0815001 -0.00119274 -0.108287 0.00343837 -0.000116813 0.00814654 0.00307933 0.0340546 0.00191945 0.0320298 -0.0197089 -0.00323437 0.0531746 4.10547e-05 0.00778261
internal_weight=1390 1263 127 107 85 64 1243 1221 1201 1169 1055 114 50 1034 1006 41 965 40 925 902 64 880 149 129 92 59 731 41 705 539
internal_count=1390 1263 127 107 85 64 1243 1221 1201 1169 1055 114 50 1034 1006 41 965 40 925 902 64 880 149 129 92 59 731 41 705 539
is_linear=0
shrinkage=0.1


Tree=82
num_leaves=31
num_cat=0
split_feature=0 3 6 6 0 3 2 1 3 2 1 3 4 1 3 1 2 3 2 3 1 1 0 3 5 2 2 1 2 5
split_gain=408.099 112.013 49.1054 113.427 177.561 161.18 389.834 420.097 105.435 77.663 163.094 90.3959 67.1125 56.1764 111.155 136.058 63.329 51.4265 49.7837 103.11 54.18 47.2069 42.4606 92.4901 44.3806 37.0743 68.6625 34.5634 30.0367 29.246
threshold=396.83333333333343 396.83333333333343 5.5000000000000009 4.5000000000000009 242.41666666666666 114.67187500000001 101.63333333333335 323.00000000000006 332.84375000000006 49.033333333333339 49.033333333333339 111.40808823529413 163.35000000000002 180.80208333333337 227.00000000000003 167.68750000000003 175.21875000000003 197.83333333333334 70.418750000000017 128.32812500000003 67.77500000000002 50.039062500000007 64.566964285714292 54.269531250000007 6.5000000000000009 203.18020833333335 225.12500000000003 32.367187500000007 115.60000000000001 15.500000000000002
decision_type=2 2 2 2 2 2 2 2 2 2 2 2 2 2 2 2 2 2 2 2 2 2 2 2 2 2 2 2 2 2
left_child=1 2 3 4 9 29 -7 -8 12 11 -11 27 21 14 15 17 -15 18 19 22 -20 -4 23 -12 -25 -18 -27 -1 -23 -5
right_child=-2 -3 8 5 -6 6 7 -9 -10 10 13 -13 -14 16 -16 -17 25 -19 20 -21 -22 28 -24 24 -26 26 -28 -29 -30 -31
leaf_value=0.079823046109893103 0.42727445038882172 -0.23069322285327046 -0.18803912013769153 0.039818117395043373 -0.27778392429463566 0.54547563693062828 -0.30726146675646304 0.31939610709314764 -0.22560393260470751 0.28206639800752914 0.055405304650234626 -0.23285041590531669 0.13207132422924042 0.2156272892637745 -0.24225874811410908 -0.22776368886339837 -0.073576162040233622 0.14607540625333787 0.16336899729364593 -0.2533836752176285 0.0064848007836704087 0.070757496025827191 0.11590670742094518 -0.050523617388680581 -0.26119075804948805 0.18170683485056674 -0.046300468623638152 -0.080132952215416095 -0.049052567124086364 -0.067534543139239164
leaf_weight=22 22 22 20 86 24 22 20 23 29 21 43 30 25 23 20 26 25 25 23 22 513 27 20 20 20 28 25 35 93 36
leaf_count=22 22 22 20 86 24 22 20 23 29 21 43 30 25 23 20 26 25 25 23 22 513 27 20 20 20 28 25 35 93 36
internal_value=-3.22211e-10 -0.00687137 -0.00321307 0.00462514 -0.00918787 0.0759062 0.203098 0.0279275 -0.0497575 -0.00233739 0.00683206 -0.0923455 -0.0188511 -0.000106625 -0.0097529 -0.00322184 0.069805 0.0052885 -3.62729e-05 -0.0568653 0.0132168 -0.0458016 -0.0148905 -0.0464079 -0.155857 0.0268061 0.0741562 -0.0183955 -0.0220953 0.00814028
internal_weight=1390 1368 1346 1152 965 187 65 43 194 941 854 87 165 833 732 712 101 686 661 125 536 140 103 83 40 78 53 57 120 122
internal_count=1390 1368 1346 1152 965 187 65 43 194 941 854 87 165 833 732 712 101 686 661 125 536 140 103 83 40 78 53 57 120 122
is_linear=0
shrinkage=0.1


Tree=83
num_leaves=31
num_cat=0
split_feature=0 3 6 6 1 1 1 3 2 2 3 3 4 2 2 1 3 3 1 2 0 0 5 0 3 3 4 4 5 2
split_gain=330.56 90.7306 39.7754 91.8756 143.997 136.348 515.871 361.185 146.761 117.158 85.402 57.6334 62.8863 98.8338 85.6167 365.608 57.5168 47.1991 44.3372 248.613 72.4025 67.999 33.2708 31.1756 29.391 35.3676 29.0909 28.1084 25.0226 15.4042
threshold=396.83333333333343 396.83333333333343 5.5000000000000009 4.5000000000000009 227.00000000000003 283.40625000000006 187.41666666666669 124.46666666666668 347.46666666666675 216.08333333333334 332.84375000000006 36.031250000000007 153.75000000000003 58.67460317460317 51.031250000000007 42.015625000000007 248.93750000000003 100.53203125000002 128.43750000000003 113.66666666666669 203.18020833333335 114.67187500000001 7.5000000000000009 84.763764880952394 194.12500000000003 159.56250000000003 59.875000000000007 347.46666666666675 14.500000000000002 83.960317460317469
decision_type=2 2 2 2 2 2 2 2 2 2 2 2 2 2 2 2 2 2 2 2 2 2 2 2 2 2 2 2 2 2
left_child=1 2 3 4 9 6 7 22 -7 11 16 -1 14 -14 15 -13 17 26 21 -20 27 29 23 -5 25 -16 -4 28 -21 -15
right_child=-2 -3 10 5 -6 8 -8 -9 -10 -11 -12 12 13 18 24 -17 -18 -19 19 20 -22 -23 -24 -25 -26 -27 -28 -29 -30 -31
leaf_value=-0.13790423788595946 0.38454708944667471 -0.20762390250509438 -0.10372325587272645 -0.09015328161972197 -0.20172695026204393 0.40333998752440414 -0.43893332197552637 0.44521191138774158 0.055395484853673863 0.22745979319919241 -0.20304353810076059 -0.061993716979348981 -0.19517624245302098 -0.087110348157584672 0.0045408480803319122 0.45278628116304226 0.089156678223457089 -0.14850240247590202 -0.37992595702409748 0.086102978195995106 0.16823436997153543 0.19514744527637962 0.096766213774681087 0.052732874549782052 0.12256404537707569 -0.1195661999906103 0.022941859766389384 -0.13371518802913754 -0.072082324130460618 0.014442362469005383
leaf_weight=32 22 22 25 37 37 22 21 24 27 22 29 37 37 20 531 22 39 35 20 20 22 20 30 26 20 24 66 22 20 59
leaf_count=32 22 22 25 37 37 22 21 24 27 22 29 37 37 20 531 22 39 35 20 20 22 20 30 26 20 24 66 22 20 59
internal_value=6.8675e-10 -0.00618424 -0.00289176 0.00416263 -0.00826909 0.0683156 0.0174337 0.0993458 0.211615 -0.000555787 -0.0447817 -0.00609259 -0.00126653 -0.044864 0.0152372 0.129958 -0.016966 -0.0498135 -0.0174672 -0.0630643 0.012379 0.0304327 0.01009 -0.0311844 0.00346588 -0.000825943 -0.0118562 -0.0429245 0.00701033 -0.0112672
internal_weight=1390 1368 1346 1152 965 187 138 117 49 928 194 906 874 240 634 59 165 126 203 104 84 99 93 63 575 555 91 62 40 79
internal_count=1390 1368 1346 1152 965 187 138 117 49 928 194 906 874 240 634 59 165 126 203 104 84 99 93 63 575 555 91 62 40 79
is_linear=0
shrinkage=0.1


Tree=84
num_leaves=31
num_cat=0
split_feature=3 1 6 0 4 0 1 2 0 0 0 1 2 0 4 2 0 0 4 3 0 0 0 3 3 5 3 6 0 2
split_gain=338.333 2068.41 1860.04 271.326 59.5618 73.1811 42.4754 138.11 126.602 48.8339 36.9665 129.878 77.631 59.6052 39.8906 41.3811 26.3168 45.1322 27.0036 13.8199 29.9769 57.5755 45.0632 28.817 23.5809 57.3017 33.0875 15.3236 11.1304 14.3618
threshold=241.12500000000003 391.21875000000006 5.5000000000000009 194.12500000000003 195.09791666666669 139.65625000000003 238.30000000000004 283.40625000000006 314.00000000000006 212.25000000000003 41.203125000000007 45.980468750000007 50.039062500000007 199.25000000000003 91.355406746031761 45.980468750000007 188.75000000000003 180.80208333333337 363.46875000000006 132.25000000000003 170.25000000000003 125.06666666666668 150.70000000000002 167.68750000000003 116.41666666666667 16.500000000000004 113.16666666666669 1.0000000180025095e-35 147.31250000000003 110.26041666666667
decision_type=2 2 2 2 2 2 2 2 2 2 2 2 2 2 2 2 2 2 2 2 2 2 2 2 2 2 2 2 2 2
left_child=1 6 -2 4 5 -4 9 -8 -9 10 14 -12 -13 16 15 -1 17 18 19 24 21 23 -23 -21 26 -26 27 -14 29 -29
right_child=2 -3 3 -5 -6 -7 7 8 -10 -11 11 12 13 -15 -16 -17 -18 -19 -20 20 -22 22 -24 -25 25 -27 -28 28 -30 -31
leaf_value=-0.030473948347157449 0.80148547576232387 -0.97679528594017029 -0.14156677306940157 -0.39796886637806894 0.16457350321114064 0.092710526660084724 0.22653617219013325 0.10124438696075232 -0.20258802473545076 -0.11525432044934286 0.2002278438783392 -0.15983551755547523 -0.055587205546012576 0.15286297487238279 0.044227952996025915 -0.20421276860512219 -0.11130993195942469 0.13724006172269584 -0.11113480282100766 0.053509292833936906 -0.084246543962508441 0.2387604304335334 0.044298951356456832 -0.069687041479188042 -0.17634817324578764 0.020863754663835554 0.11371610879898071 0.0077567900611694024 0.072521433376130609 -0.028212536865224444
leaf_weight=29 33 22 30 20 20 24 34 32 24 38 33 30 52 26 23 26 21 24 22 39 20 22 26 37 26 34 25 427 21 150
leaf_count=29 33 22 30 20 20 24 34 32 24 38 33 30 52 26 23 26 21 24 22 39 20 22 26 37 26 34 25 427 21 150
internal_value=-1.9139e-10 -0.0156446 0.155584 -0.0711687 0.0171557 -0.0374435 0.00139431 0.0675549 -0.0289695 -0.00377898 2.70078e-05 0.00503004 -0.00139863 0.0034914 -0.0663594 -0.112605 -0.000613951 0.00189915 -0.00170594 0.0010329 0.0293612 0.047685 0.133427 -0.00646787 -0.00451714 -0.0645947 0.000823092 -0.00351895 0.00100873 -0.00159399
internal_weight=1390 1263 127 94 74 54 1241 90 56 1151 1113 1035 1002 972 78 55 946 925 901 879 144 124 48 76 735 60 675 650 598 577
internal_count=1390 1263 127 94 74 54 1241 90 56 1151 1113 1035 1002 972 78 55 946 925 901 879 144 124 48 76 735 60 675 650 598 577
is_linear=0
shrinkage=0.1


Tree=85
num_leaves=31
num_cat=0
split_feature=0 0 3 3 3 5 3 1 2 4 3 1 0 1 5 3 1 3 5 2 2 1 2 0 0 3 2 1 2 5
split_gain=350.928 160.99 560.15 152.837 94.3376 166.396 56.658 32.475 79.732 437.928 56.2539 35.5945 36.2553 27.2128 45.0864 20.4884 100.012 78.3729 125.376 38.1423 39.2676 34.5555 90.6977 64.8369 52.6182 21.0292 20.6003 19.7676 18.4898 82.1573
threshold=368.00000000000006 273.20312500000006 121.87500000000001 382.67187500000006 273.20312500000006 15.500000000000002 248.93750000000003 42.925781250000007 50.039062500000007 158.59375000000003 97.377976190476204 49.033333333333339 242.41666666666666 54.890625000000007 7.5000000000000009 128.93750000000003 218.75000000000003 116.41666666666667 16.500000000000004 64.566964285714292 88.984126984127002 165.75000000000003 185.25000000000003 196.25000000000003 153.75000000000003 113.16666666666669 109.51562500000001 38.000000000000007 64.566964285714292 6.5000000000000009
decision_type=2 2 2 2 2 2 2 2 2 2 2 2 2 2 2 2 2 2 2 2 2 2 2 2 2 2 2 2 2 2
left_child=1 3 -3 4 6 -6 7 10 9 -9 27 -10 13 14 -13 17 19 25 -19 -17 -21 24 23 -23 26 28 -22 -1 29 -15
right_child=-2 2 -4 -5 5 -7 -8 8 11 -11 -12 12 -14 15 -16 16 -18 18 -20 20 21 22 -24 -25 -26 -27 -28 -29 -30 -31
leaf_value=0.02765652126655346 0.31731600060182463 0.19692196226119996 -0.41924157672458229 0.24952529296278955 -0.32472955012321475 0.01109678258912431 0.16783360630273819 0.47442650506272915 -0.12297982126474381 -0.17940928022421543 -0.19911524396051061 -0.019643719210511165 -0.12986075377003067 0.074405788406729706 0.19014888748526573 0.12499479427933693 0.2326545000519781 -0.28948487679287793 0.011504409324017265 -0.11840750644249576 0.086140675710557849 -0.008135253049078443 0.073359147831797603 -0.24873883314430714 0.17958498584187552 0.092259615225096556 -0.021389630722302586 -0.089845111085609955 0.0013383910504548898 -0.21222508318722247
leaf_weight=41 34 25 36 24 25 36 20 20 24 21 22 21 21 20 20 24 21 25 31 28 25 21 38 24 23 24 62 22 592 20
leaf_count=41 34 25 36 24 25 36 20 20 24 21 22 21 21 20 20 24 21 25 31 28 25 21 38 24 23 24 62 22 592 20
internal_value=5.11984e-11 -0.0079563 -0.166716 -0.000478067 -0.00519882 -0.126537 0.000918224 -0.00188708 0.00269465 0.139535 -0.0614495 -0.00257833 0.000200164 0.00288052 0.0826941 -0.000465454 0.0232147 -0.00931224 -0.122866 0.00526267 -0.00773991 0.00831549 -0.0403967 -0.136457 0.045071 0.00038136 0.00950988 -0.0133758 -0.00310769 -0.0689096
internal_weight=1390 1356 61 1295 1271 61 1210 1190 1105 41 85 1064 1040 1019 41 978 266 712 56 245 221 193 83 45 110 656 87 63 632 40
internal_count=1390 1356 61 1295 1271 61 1210 1190 1105 41 85 1064 1040 1019 41 978 266 712 56 245 221 193 83 45 110 656 87 63 632 40
is_linear=0
shrinkage=0.1


Tree=86
num_leaves=31
num_cat=0
split_feature=3 0 1 3 4 0 2 5 4 4 2 3 3 4 1 0 1 1 4 2 0 4 2 0 2 0 0 0 1 3
split_gain=321.293 713.973 499.512 45.8642 109.45 40.6841 287.235 103.664 33.4389 46.0178 99.5952 84.1423 374.859 73.4593 67.7582 63.5352 95.1781 47.6042 63.3833 89.8124 52.7192 38.2107 33.1351 33.1304 26.1055 31.361 24.3363 36.0645 46.1581 23.1446
threshold=336.68750000000006 199.25000000000003 391.21875000000006 254.15625000000003 206.50000000000003 250.34375000000003 290.98437500000006 19.500000000000004 309.04687500000006 112.73333333333336 52.984375000000007 113.16666666666669 121.10000000000001 86.577083333333363 45.980468750000007 204.25000000000003 218.75000000000003 146.19669117647064 125.06666666666668 183.16666666666669 156.50000000000003 347.46666666666675 205.37500000000003 126.18750000000001 83.960317460317469 75.503968253968267 41.203125000000007 36.140625000000007 36.140625000000007 107.29166666666667
decision_type=2 2 2 2 2 2 2 2 2 2 2 2 2 2 2 2 2 2 2 2 2 2 2 2 2 2 2 2 2 2
left_child=2 -2 3 5 -5 8 -7 -8 9 11 14 26 -13 -14 -11 17 -17 20 -19 -20 23 -10 -21 24 25 -12 27 28 -1 -28
right_child=1 -3 -4 4 -6 6 7 -9 21 10 15 12 13 -15 -16 16 -18 18 19 22 -22 -23 -24 -25 -26 -27 29 -29 -30 -31
leaf_value=-0.10022826845999118 -0.050927394346305825 0.6949562912895566 -0.46176206767559053 0.014260466345715234 -0.27750669240951542 0.34986139890551571 -0.2151093470553557 0.078807188353190824 0.17225283960933271 -0.040981764495372774 -0.020968539836919972 0.45890125190754505 -0.1254003372276202 0.075712432889711301 -0.26748267305748807 -0.2608790392676989 0.023794970175494319 -0.10241326302289964 0.21252539442801799 -0.093109316257759936 -0.17956261515617372 0.0063290840626827318 0.075418049748986971 0.11294851541519164 0.0074895164378139438 -0.17473837153187821 0.0071531422593050509 -0.16925023258441974 0.094903889569369237 -0.095290310875229212
leaf_weight=27 33 21 24 36 20 25 24 24 23 25 36 22 32 42 28 24 23 20 37 20 20 35 28 20 98 21 536 21 22 23
leaf_count=27 33 21 24 36 20 25 24 24 23 25 36 22 32 42 28 24 23 20 37 20 20 35 28 20 98 21 536 21 22 23
internal_value=3.61172e-10 0.239138 -0.00966578 -0.00139572 -0.0899421 0.0025522 0.0750039 -0.0681511 -0.00191861 -0.00573604 -0.0329647 0.00928664 0.0964889 -0.0112553 -0.160643 -0.0134634 -0.12157 0.00347337 0.057759 0.0954466 -0.0257573 0.0721264 0.00519831 -0.0081796 -0.023809 -0.0776206 -0.00402246 -0.0596076 -0.0126179 0.00293812
internal_weight=1390 54 1336 1312 56 1256 73 48 1183 1125 400 725 96 74 53 347 47 300 105 85 195 58 48 175 155 57 629 70 49 559
internal_count=1390 54 1336 1312 56 1256 73 48 1183 1125 400 725 96 74 53 347 47 300 105 85 195 58 48 175 155 57 629 70 49 559
is_linear=0
shrinkage=0.1


Tree=87
num_leaves=31
num_cat=0
split_feature=0 0 5 3 3 5 3 6 6 1 0 1 1 0 0 4 4 1 4 3 1 1 3 4 3 3 3 3 3 3
split_gain=331.832 144.929 497.637 97.0595 73.3073 132.698 50.5534 24.2768 30.3731 142.647 71.4567 78.6243 125.354 68.0786 114.058 33.5863 90.8679 62.5466 37.8135 30.3071 24.5613 34.005 28.7384 47.2768 53.6609 30.7614 23.9944 27.4619 40.4351 40.052
threshold=368.00000000000006 273.20312500000006 16.500000000000004 382.67187500000006 273.20312500000006 15.500000000000002 248.93750000000003 5.5000000000000009 2.5000000000000004 44.593750000000007 231.75000000000003 205.37500000000003 180.80208333333337 213.75000000000003 185.25000000000003 195.09791666666669 133.98437500000003 80.041666666666686 115.60000000000001 100.53203125000002 47.093750000000007 39.484375000000007 145.46875000000003 113.16666666666669 167.68750000000003 133.59375000000003 107.51562500000001 95.920833333333363 99.265625000000014 88.859126984127002
decision_type=2 2 2 2 2 2 2 2 2 2 2 2 2 2 2 2 2 2 2 2 2 2 2 2 2 2 2 2 2 2
left_child=1 3 -3 4 6 -6 7 8 13 -10 11 12 15 14 20 16 18 -18 26 -9 21 -1 25 -24 -25 -22 27 29 -29 -11
right_child=-2 2 -4 -5 5 -7 -8 19 9 10 -12 -13 -14 -15 -16 -17 17 -19 -20 -21 22 -23 23 24 -26 -27 -28 28 -30 -31
leaf_value=-0.0096540573363502816 0.30856199571314979 -0.45840086710864103 0.11353512834757568 0.1985870039711396 -0.28835505437850956 0.011544452188536525 0.15865593913011256 -0.01325399206930792 0.24922248355041329 0.0043668383526431253 0.19366369227878752 -0.19333157893270256 0.21812430322170259 -0.18935145061640513 0.2171819128773429 0.10341695105587995 -0.029542942375410348 -0.27963609084486962 0.12854836071315021 -0.12390802279114724 -0.0027799933548112946 -0.17127015668412915 0.068773932273810109 -0.22852975499062311 -0.042390362620038001 0.11009777849540114 -0.098267041623592385 0.18149890517815948 -0.0033272317899712203 -0.12478334881986182
leaf_weight=30 34 29 32 24 25 36 20 91 26 217 20 20 27 21 22 27 20 20 23 34 338 23 24 21 59 26 25 20 29 27
leaf_count=30 34 29 32 24 25 36 20 91 26 217 20 20 27 21 22 27 20 20 23 34 338 23 24 21 59 26 25 20 29 27
internal_value=-9.71155e-10 -0.00773681 -0.158369 -0.000641396 -0.00440338 -0.111365 0.000988909 -0.00166096 0.00323234 0.0211504 0.00866643 0.000534681 0.00944807 -0.0126842 -0.00585177 -0.00436138 -0.0119992 -0.15459 0.00472692 -0.0433519 -0.0152697 -0.0797893 -0.00796299 -0.0543229 -0.091252 0.0052827 -0.00422872 0.00379502 0.072112 -0.00992437
internal_weight=1390 1356 61 1295 1271 61 1210 1190 1065 501 475 455 435 564 543 408 381 40 341 125 521 53 468 104 80 364 318 293 49 244
internal_count=1390 1356 61 1295 1271 61 1210 1190 1065 501 475 455 435 564 543 408 381 40 341 125 521 53 468 104 80 364 318 293 49 244
is_linear=0
shrinkage=0.1


Tree=88
num_leaves=31
num_cat=0
split_feature=0 3 1 0 0 3 1 2 1 6 2 0 2 0 3 3 4 3 1 3 3 3 3 4 5 0 1 2 3 2
split_gain=274.091 98.4088 46.5335 114.697 175.714 69.7461 31.554 72.1558 48.7146 171.427 42.8109 90.0369 85.5177 32.6186 22.9184 37.4605 57.0469 31.8029 69.4611 33.567 24.2706 69.4236 54.9367 20.0454 13.2338 15.9373 14.7592 103.42 63.7554 20.1166
threshold=396.83333333333343 396.83333333333343 363.46875000000006 309.04687500000006 270.03125000000006 332.84375000000006 32.367187500000007 38.000000000000007 44.593750000000007 3.5000000000000004 47.093750000000007 242.41666666666666 52.984375000000007 225.12500000000003 283.40625000000006 218.75000000000003 146.19669117647064 190.33333333333334 138.46875000000003 175.21875000000003 156.50000000000003 150.17187500000003 143.59375000000003 180.58333333333337 1.5000000000000002 93.377083333333346 57.518750000000004 64.566964285714292 79.669642857142875 93.968750000000014
decision_type=2 2 2 2 2 2 2 2 2 2 2 2 2 2 2 2 2 2 2 2 2 2 2 2 2 2 2 2 2 2
left_child=1 2 3 4 5 6 -1 -8 9 -9 -10 12 -12 14 15 17 -17 19 -19 20 21 22 24 -22 25 -14 28 -28 -26 -29
right_child=-2 -3 -4 -5 -6 -7 7 8 10 -11 11 -13 13 -15 -16 16 -18 18 -20 -21 23 -23 -24 -25 26 -27 27 29 -30 -31
leaf_value=0.093730140370761925 0.35016395124522126 -0.21542147411541507 0.14919465661048889 -0.20117278376529957 0.27385133178499727 -0.15080126026878135 -0.17207396912574768 -0.054986344494391243 0.14034698240458965 0.32297626942396168 -0.18241471533591933 -0.20755975361574783 0.0002154777159116098 0.11402233146131038 0.10184006527332323 0.031694681161925913 -0.18990483627869534 -0.041630029305815698 0.19182286867513682 -0.10124919313718291 0.0033999260692369375 -0.17904532383280725 0.16466389190405609 0.13999059117314491 -0.025887617942256233 0.087010537756278247 -0.20033326878079347 0.017530867176543532 0.18662145920563489 -0.019117450967533541
leaf_weight=34 22 22 20 29 23 32 25 30 20 20 26 22 56 25 21 21 26 25 26 34 21 22 20 22 48 34 28 257 20 359
leaf_count=34 22 22 20 29 23 32 25 30 20 20 26 22 56 25 21 21 26 25 26 34 21 22 20 22 48 34 28 257 20 359
internal_value=6.7755e-10 -0.00563129 -0.00220233 -0.00448584 -8.80616e-05 -0.00503359 -0.0012779 -0.00395197 -0.000399097 0.0961987 -0.00466202 -0.00726775 -0.00322887 0.00114563 -0.00156776 -0.00369883 -0.0908923 0.000517313 0.0773852 -0.00373921 -1.5139e-06 -0.00373523 0.000956767 0.0732835 -0.0031257 0.0330047 -0.00769275 -0.0123712 0.0366151 -0.00382749
internal_weight=1390 1368 1346 1326 1297 1274 1242 1208 1183 50 1133 1113 1091 1065 1040 1019 47 972 51 921 887 844 822 43 802 90 712 644 68 616
internal_count=1390 1368 1346 1326 1297 1274 1242 1208 1183 50 1133 1113 1091 1065 1040 1019 47 972 51 921 887 844 822 43 802 90 712 644 68 616
is_linear=0
shrinkage=0.1


Tree=89
num_leaves=31
num_cat=0
split_feature=3 5 1 3 0 0 3 4 2 4 3 1 1 4 2 1 0 3 0 3 1 6 3 1 1 0 2 1 2 3
split_gain=297.94 654.603 524.251 57.9595 82.7716 36.1751 179.429 277.518 182.57 161.704 125.83 31.2781 109.679 176.846 86.3183 62.4989 25.9201 75.3272 28.9973 48.2729 17.9784 68.2626 51.3753 31.5809 29.4548 40.0006 25.7923 19.9382 30.8939 30.7412
threshold=323.00000000000006 15.500000000000002 391.21875000000006 254.15625000000003 138.46875000000003 207.30729166666669 171.30000000000004 167.68750000000003 231.75000000000003 104.78125000000001 97.377976190476204 36.140625000000007 45.980468750000007 85.250000000000014 35.645833333333336 49.033333333333339 188.75000000000003 171.30000000000004 180.80208333333337 218.75000000000003 62.966666666666669 4.5000000000000009 74.733333333333348 65.765625000000014 68.902343750000014 65.077450980392172 60.415873015873025 77.550781250000014 81.260416666666671 93.515625000000014
decision_type=2 2 2 2 2 2 2 2 2 2 2 2 2 2 2 2 2 2 2 2 2 2 2 2 2 2 2 2 2 2
left_child=2 -2 3 5 -5 11 7 9 -8 10 -7 14 13 -13 -1 -14 18 -18 19 20 21 22 26 -22 -25 -26 -17 29 -29 -27
right_child=1 -3 -4 4 -6 6 8 -9 -10 -11 -12 12 15 -15 -16 16 17 -19 -20 -21 23 -23 -24 24 25 27 -28 28 -30 -31
leaf_value=0.054061782623951643 0.50914084841223328 -0.14378892545189179 -0.47313427651921913 0.0016587712735469853 -0.2647001802176237 0.11328980738208408 0.38653337405278138 -0.3601155897416175 -0.0098978824558712195 0.25387537513894065 -0.23288670508634476 -0.048619269894865841 -0.17378703606399626 0.31356390544346402 -0.21144384628534318 -0.047289929806214312 0.044093156120051512 -0.22126433868892492 0.10419962527946786 -0.12556043743125853 -0.10680712661866486 0.15282601113948557 -0.1255579051182226 0.087798084504902368 -0.1318204092482726 -0.0094116568751633177 0.083905574263528349 0.10287109748009714 0.00036364749278219649 -0.1516367630589576
leaf_weight=24 34 28 24 28 20 21 26 20 21 27 21 26 22 28 25 23 23 20 26 31 29 36 27 36 24 55 43 31 570 21
leaf_count=24 34 28 24 28 20 21 26 20 21 27 21 26 22 28 25 23 23 20 26 31 29 36 27 36 24 55 43 31 570 21
internal_value=2.9129e-10 0.214269 -0.0100035 -0.00147966 -0.109324 0.00264179 0.0513441 -0.032126 0.209405 0.0629435 -0.0597984 -0.00327207 0.000302423 0.139179 -0.0814003 -0.00707158 -0.00338541 -0.0793289 4.48167e-05 -0.00287962 0.00136966 0.0359065 -0.0093526 -0.0044466 -0.000418845 -0.00494924 0.0381859 -0.000451595 0.00565105 -0.0487107
internal_weight=1390 62 1328 1304 48 1256 136 89 47 69 42 1120 1071 54 49 1017 995 43 952 926 895 129 93 766 737 701 66 677 601 76
internal_count=1390 62 1328 1304 48 1256 136 89 47 69 42 1120 1071 54 49 1017 995 43 952 926 895 129 93 766 737 701 66 677 601 76
is_linear=0
shrinkage=0.1


Tree=90
num_leaves=31
num_cat=0
split_feature=1 3 1 0 2 3 1 2 2 3 3 0 0 4 4 1 2 2 1 0 4 3 4 1 2 2 4 2 2 0
split_gain=285.009 103.654 85.6527 95.2497 273.325 69.3643 26.9862 58.8201 36.342 146.852 489.499 131.011 72.0779 45.226 26.5792 24.8934 34.9288 36.0252 26.3516 77.395 36.097 83.7416 54.6364 43.4976 27.5617 51.8008 36.902 24.7138 35.7002 28.3228
threshold=396.83333333333343 396.83333333333343 353.25000000000006 270.03125000000006 283.40625000000006 332.84375000000006 32.367187500000007 38.000000000000007 61.734375000000007 96.614583333333357 141.12500000000003 145.46875000000003 242.41666666666666 36.031250000000007 53.683333333333337 59.28768382352942 65.765625000000014 67.77500000000002 230.25000000000003 207.30729166666669 231.75000000000003 145.46875000000003 203.66666666666669 153.75000000000003 71.785156250000014 70.140625000000014 49.745833333333337 78.406250000000014 82.640625000000014 187.41666666666669
decision_type=2 2 2 2 2 2 2 2 2 2 2 2 2 2 2 2 2 2 2 2 2 2 2 2 2 2 2 2 2 2
left_child=1 2 3 5 -5 6 -1 -8 9 13 -11 -12 15 -9 -15 -10 -17 -18 19 20 22 -22 24 -23 25 -19 -26 -28 -29 -30
right_child=-2 -3 -4 4 -6 -7 7 8 12 10 11 -13 -14 14 -16 16 17 18 -20 -21 21 23 -24 -25 26 -27 27 28 29 -31
leaf_value=0.08706819353734746 0.35707037530162117 -0.22105051549998198 -0.20762526035308837 0.36280095084355429 -0.095729288573448479 -0.14990791416494176 -0.15506045509874822 0.083504391633547281 -0.088849994698257162 0.57252137321047492 -0.13993619613109096 0.18834297731518745 -0.18649319044568324 -0.13557081298135662 -0.020498127486480743 0.12403406463563443 -0.12989271242510189 -0.033996804077178241 -0.097685308533686177 0.15527058638399469 0.03343227989971638 -0.063333240151405332 0.15243470664136113 -0.2600147166035392 -0.11220463004804426 0.19360113687813285 -0.06350568301256812 0.10340303333742279 0.0042334178637032744 -0.1026119582928144
leaf_weight=34 22 22 20 26 26 32 25 26 33 20 31 20 22 34 49 22 22 20 27 32 45 23 24 22 31 20 57 35 542 26
leaf_count=34 22 22 20 26 26 32 25 26 33 20 31 20 22 34 49 22 22 20 27 32 45 23 24 22 31 20 57 35 542 26
internal_value=1.05162e-09 -0.00574236 -0.00222321 0.000874864 0.133536 -0.00453987 -0.000794477 -0.00326743 -5.96343e-05 0.0413142 0.153229 -0.0111993 -0.00748466 -0.0315844 -0.0676363 -0.00347019 -0.000498112 -0.00345676 -0.000379779 0.00261594 -0.00316506 -0.0630282 0.00397094 -0.159489 -0.000903383 0.0798022 -0.00557519 -0.000566843 0.0053826 -0.000657392
internal_weight=1390 1368 1346 1326 52 1274 1242 1208 1183 180 71 51 1003 109 83 981 948 926 904 877 845 90 755 45 731 40 691 660 603 568
internal_count=1390 1368 1346 1326 52 1274 1242 1208 1183 180 71 51 1003 109 83 981 948 926 904 877 845 90 755 45 731 40 691 660 603 568
is_linear=0
shrinkage=0.1


Tree=91
num_leaves=31
num_cat=0
split_feature=3 0 2 4 4 2 0 4 0 1 1 3 0 4 1 3 3 6 4 2 0 3 2 0 2 0 0 2 4 5
split_gain=279.959 1911.74 1531.49 151.668 289.421 116.812 122.355 101.624 66.3293 32.6015 68.5193 48.0093 27.3618 23.1535 29.7733 181.173 88.7463 22.5972 22.9106 19.3021 33.0547 49.8154 36.0267 38.7034 11.7294 13.5869 23.7085 28.4957 27.5683 29.5337
threshold=241.12500000000003 391.21875000000006 212.25000000000003 227.73437500000003 187.41666666666669 368.00000000000006 309.04687500000006 147.31250000000003 250.34375000000003 42.925781250000007 47.093750000000007 97.377976190476204 137.54687500000003 391.21875000000006 199.25000000000003 159.56250000000003 120.21875000000001 3.5000000000000004 53.187500000000007 50.039062500000007 199.25000000000003 216.08333333333334 54.890625000000007 180.80208333333337 57.518750000000004 51.031250000000007 64.566964285714292 71.785156250000014 88.984126984127002 7.5000000000000009
decision_type=2 2 2 2 2 2 2 2 2 2 2 2 2 2 2 2 2 2 2 2 2 2 2 2 2 2 2 2 2 2
left_child=1 5 3 4 7 6 8 12 9 11 -11 17 -2 14 19 16 -16 18 -1 -12 21 22 -21 24 -24 -26 28 -28 29 -27
right_child=2 -3 -4 -5 -6 -7 -8 -9 -10 10 13 -13 -14 -15 15 -17 -18 -19 -20 20 -22 -23 23 -25 25 26 27 -29 -30 -31
leaf_value=0.093246051931584431 -0.039494319175454706 -0.98414547353982929 0.94474192483816299 -0.24262647249481897 0.37409648192780365 0.22975333549759608 -0.24804709821939472 -0.22784590111537414 0.1433859004813712 0.16573779030144217 -0.081971721563335181 -0.19350537657737732 0.12211667999625207 0.10481941372156144 -0.087403987752539769 -0.30810146108269693 0.14300722061889246 -0.1067305376380682 -0.052780435198829294 0.12355984076857568 0.13096577756106853 0.14627808587544638 -0.078256046047899874 -0.13696340864354914 0.061142793586751558 -0.030215461904299447 0.085725268111564223 -0.0013370453284168617 0.039937132352898863 -0.15112458885677402
leaf_weight=22 22 20 20 22 21 22 20 22 32 25 27 21 20 20 35 22 32 20 21 22 20 23 20 22 34 58 40 625 29 31
leaf_count=22 22 20 20 22 21 22 20 22 32 25 27 21 20 20 35 22 32 20 21 22 20 23 20 22 34 58 40 625 29 31
internal_value=1.83753e-10 -0.0142311 0.141527 -0.00860661 0.0519632 0.00137488 -0.00274004 -0.0537367 0.001345 -0.0025432 0.00210341 -0.0625619 0.0374633 -0.00175589 -0.00380542 -0.0591139 0.0226432 -0.0189141 0.0219308 0.00137067 0.003806 0.000992729 -0.00280019 -0.00603642 -0.00259509 -0.000742925 -0.00343017 0.00389979 -0.0447388 -0.0723299
internal_weight=1390 1263 127 107 85 1243 1221 64 1201 1169 1085 84 42 1060 1040 89 67 63 43 951 924 904 881 859 837 817 783 665 118 89
internal_count=1390 1263 127 107 85 1243 1221 64 1201 1169 1085 84 42 1060 1040 89 67 63 43 951 924 904 881 859 837 817 783 665 118 89
is_linear=0
shrinkage=0.1


Tree=92
num_leaves=31
num_cat=0
split_feature=0 3 3 1 1 1 4 1 0 5 2 0 2 3 0 0 2 2 0 3 0 3 1 1 2 1 2 5 5 1
split_gain=311.973 101.621 39.4941 125.218 100.946 90.8889 185.966 100.123 109.52 49.5587 117.897 47.0683 40.8756 32.2525 22.4537 167.809 68.0017 115.457 104.66 29.9657 29.0688 28.0448 56.0414 51.4013 29.327 22.0805 24.3135 24.5746 25.287 57.8934
threshold=396.83333333333343 396.83333333333343 199.25000000000003 203.18020833333335 172.83333333333334 283.40625000000006 104.78125000000001 230.25000000000003 203.18020833333335 11.500000000000002 88.984126984127002 187.41666666666669 128.43750000000003 157.75000000000003 82.772916666666688 84.375000000000014 62.41875000000001 91.996093750000014 111.65625000000001 32.500000000000007 172.83333333333334 134.5588235294118 38.000000000000007 47.093750000000007 88.387500000000017 175.21875000000003 182.08333333333334 2.5000000000000004 16.500000000000004 107.29166666666667
decision_type=2 2 2 2 2 2 2 2 2 2 2 2 2 2 2 2 2 2 2 2 2 2 2 2 2 2 2 2 2 2
left_child=1 2 5 4 9 7 -7 8 11 -4 -11 14 -12 -10 19 -16 18 -18 -17 -1 25 22 -21 -24 -25 26 27 -19 29 -29
right_child=-2 -3 3 -5 -6 6 -8 -9 13 10 12 -13 -14 -15 15 16 17 20 -20 21 -22 -23 23 24 -26 -27 -28 28 -30 -31
leaf_value=-0.12878294952256097 0.37357917482202707 -0.21919440119103953 0.075835183156388153 -0.21002346277236938 0.18341036960482598 -0.073701051622629174 0.30261251803102168 -0.16587965016563733 0.25581461027264596 -0.2568448614615661 0.095202441163361073 -0.12821883292033756 -0.065596240130794611 0.076224869936704631 0.27350738379172984 -0.28495634205639364 0.21498194932937623 0.047233282221067291 0.021954267190769317 0.11266945533846554 0.10236012263016568 -0.11221230199933052 -0.12839196349183721 0.0088891893194291416 -0.073095473081019588 -0.088878204236770508 0.09906871300190688 0.046406248336037001 0.0010566478827386163 -0.12743586623724901
leaf_weight=22 22 22 28 37 24 24 29 36 20 26 25 29 43 20 24 20 27 72 25 38 27 25 36 302 51 29 24 30 200 53
leaf_count=22 22 22 28 37 24 24 29 36 20 26 25 29 43 20 24 20 27 72 25 38 27 25 36 302 51 29 24 30 200 53
internal_value=-9.21859e-11 -0.00600785 -0.00252338 -0.0457059 -0.00406377 0.00427146 0.132206 -0.00183714 0.00366149 -0.0409439 -0.0757292 -0.00261929 -0.00647908 0.16602 0.00100497 0.0151272 0.00289617 0.014326 -0.11445 -0.0148155 0.00187153 -0.00926839 -0.00324123 -0.0145641 -0.00295562 -0.00477845 0.00165663 -0.00492898 -0.0181999 -0.0646014
internal_weight=1390 1368 1346 183 146 1163 53 1110 1074 122 94 1034 68 40 1005 531 507 462 45 474 435 452 427 389 353 408 379 355 283 83
internal_count=1390 1368 1346 183 146 1163 53 1110 1074 122 94 1034 68 40 1005 531 507 462 45 474 435 452 427 389 353 408 379 355 283 83
is_linear=0
shrinkage=0.1


Tree=93
num_leaves=31
num_cat=0
split_feature=0 0 3 3 3 1 1 0 1 3 1 6 1 3 4 3 2 6 0 5 0 1 1 2 0 4 0 1 6 2
split_gain=254.314 148.97 440.97 81.2155 61.2812 49.3953 66.2193 80.6706 25.3339 206.812 46.4126 40.7239 31.3114 42.7226 26.3788 24.3787 78.7679 89.4722 57.1621 52.4252 44.2781 18.278 25.5954 28.7306 23.427 31.126 26.6224 41.4495 32.5388 18.9647
threshold=368.00000000000006 273.20312500000006 166.75000000000003 382.67187500000006 332.84375000000006 257.26562500000006 227.00000000000003 222.65000000000003 45.300000000000004 110.92708333333336 49.033333333333339 3.5000000000000004 57.518750000000004 81.015625000000014 45.562500000000007 200.55000000000004 95.920833333333363 1.5000000000000002 203.18020833333335 18.500000000000004 187.41666666666669 59.875000000000007 62.966666666666669 57.518750000000004 60.415873015873025 47.560416666666676 89.804761904761918 96.614583333333357 4.5000000000000009 95.920833333333363
decision_type=2 2 2 2 2 2 2 2 2 2 2 2 2 2 2 2 2 2 2 2 2 2 2 2 2 2 2 2 2 2
left_child=1 3 -3 4 5 6 7 8 9 11 -10 14 13 -12 -1 18 -17 -18 20 -19 21 -14 -23 -24 -25 -26 28 -28 29 -27
right_child=-2 2 -4 -5 -6 -7 -8 -9 10 -11 12 -13 15 -15 -16 16 17 19 -20 -21 -22 22 23 24 25 26 27 -29 -30 -31
leaf_value=0.1018518171273172 0.27012718600385333 0.080106245331904469 -0.46120608639385968 0.18266396960243583 -0.15496652183624415 0.15222087973906173 -0.15176577298291799 0.195433427748226 -0.13389438353478908 0.28876340160003078 -0.0095869131075839217 -0.14571966214110338 -0.090397096133750424 0.14631465927232057 -0.044547488912940025 -0.21278704747674057 -0.1712400651820328 0.18321340666575867 0.16029074745518823 -0.016075561156101297 -0.13038340051259315 0.080118064464707137 -0.11404074223955041 -0.093782814190937924 0.11995199183002114 0.0036662305870871111 0.13060442676831938 0.0065849006221904071 -0.096880726818812504 -0.076309042189802445
leaf_weight=20 34 34 27 24 26 21 29 21 28 26 39 24 23 32 32 24 23 22 21 33 28 38 23 26 22 194 29 381 51 35
leaf_count=20 34 34 27 24 26 21 29 21 28 26 39 24 23 32 32 24 23 22 21 33 28 38 23 26 22 194 29 381 51 35
internal_value=-9.81385e-11 -0.0067731 -0.159491 0.000420562 -0.0030207 0.000152467 -0.00245655 0.00116685 -0.0023081 0.0453146 -0.00683937 -0.0379705 -0.00343176 0.0606786 0.0117599 -0.00810991 -0.0543648 -0.00561949 -0.00269315 0.06364 -0.00671981 -0.00250742 2.25666e-05 -0.00397695 -0.000546773 0.00285791 -0.000875521 0.015357 -0.0246446 -0.00855706
internal_weight=1390 1356 61 1295 1271 1245 1224 1195 1174 102 1072 76 1044 71 52 973 102 78 871 55 850 822 799 761 738 712 690 410 280 229
internal_count=1390 1356 61 1295 1271 1245 1224 1195 1174 102 1072 76 1044 71 52 973 102 78 871 55 850 822 799 761 738 712 690 410 280 229
is_linear=0
shrinkage=0.1


Tree=94
num_leaves=31
num_cat=0
split_feature=3 2 0 2 3 3 1 3 3 0 0 4 4 1 3 0 6 3 3 2 2 3 2 2 3 1 1 3 2 2
split_gain=259.273 2044.33 1827.29 171.934 135.72 105.431 137.195 97.9617 89.2949 252.855 126.669 80.1306 109.749 55.3024 50.0919 99.5329 45.3234 36.145 209.575 176.813 105.384 68.9168 60.8818 47.2199 58.3644 34.2046 70.0302 55.9012 33.0888 31.8421
threshold=212.25000000000003 257.26562500000006 382.67187500000006 188.75000000000003 382.67187500000006 199.25000000000003 341.78125000000006 225.12500000000003 173.87500000000003 205.37500000000003 270.03125000000006 199.25000000000003 157.41666666666671 96.614583333333357 159.56250000000003 162.00000000000003 1.5000000000000002 118.81250000000001 122.60937500000001 62.41875000000001 212.25000000000003 115.60000000000001 185.25000000000003 162.00000000000003 146.19669117647064 47.093750000000007 38.000000000000007 48.406250000000007 55.358333333333341 137.54687500000003
decision_type=2 2 2 2 2 2 2 2 2 2 2 2 2 2 2 2 2 2 2 2 2 2 2 2 2 2 2 2 2 2
left_child=2 3 5 4 7 6 8 -2 10 13 14 12 29 -10 17 -16 -15 21 -19 -20 22 25 23 24 -21 26 -1 -28 -27 -9
right_child=1 -3 -4 -5 -6 -7 -8 11 9 -11 -12 -13 -14 16 15 -17 -18 18 19 20 -22 -23 -24 -25 -26 28 27 -29 -30 -31
leaf_value=0.028798399984159253 0.19615625828504563 1.0652269320935011 -0.96447866141796124 -0.24292204458839617 0.27837540745735168 -0.17163987996322769 0.2641640737652779 -0.16010488681495191 0.12503898487142895 0.40960364282131201 -0.25104417701562248 -0.20512598181764286 0.19111245091665874 0.03688301589339972 0.04077416970616296 -0.27093566417694093 -0.17601000171154738 0.33135100982405924 -0.24198499011993407 0.071530016641630681 0.2596239521354437 -0.18191145427726127 -0.14309669094426292 0.17324507839300418 -0.12872573713010008 0.12558971145613626 -0.024010724648833276 -0.24831213068962099 0.00099381295659808086 0.0064520237120715062
leaf_weight=44 20 20 20 26 20 35 20 24 23 20 21 24 22 20 21 20 20 22 25 43 20 22 21 22 22 22 20 25 684 22
leaf_count=44 20 20 20 26 20 35 20 24 23 20 21 24 22 20 21 20 20 22 25 43 20 22 21 22 22 22 20 25 684 22
internal_value=-7.38065e-10 0.112697 -0.0165512 -0.00787634 0.0384205 -0.000646396 0.00452627 -0.00442855 -4.08002e-05 0.0998245 -0.00790495 -0.0480339 0.00741031 0.00148186 -0.00296214 -0.111279 -0.0695635 0.00151468 0.0427586 0.0012617 0.0487708 -0.0073197 0.00972394 0.0466117 0.00375115 -0.00248823 -0.0609089 -0.148623 0.0048764 -0.0804472
internal_weight=1390 178 1212 158 132 1192 1157 112 1137 83 1054 92 68 63 1033 41 40 992 175 153 128 817 108 87 65 795 89 45 706 46
internal_count=1390 178 1212 158 132 1192 1157 112 1137 83 1054 92 68 63 1033 41 40 992 175 153 128 817 108 87 65 795 89 45 706 46
is_linear=0
shrinkage=0.1


Tree=95
num_leaves=31
num_cat=0
split_feature=0 0 3 4 4 1 2 0 6 6 4 0 1 3 3 3 4 4 1 1 2 1 3 2 4 0 1 1 0 3
split_gain=252.602 135.677 397.801 76.6917 107.351 49.5144 301.431 59.0704 50.7164 92.3607 26.559 63.149 138.701 50.6417 242.62 39.7778 51.3225 39.7356 87.1599 74.564 79.5636 44.7324 30.1649 28.7313 24.227 21.3585 32.876 61.4516 25.2858 106.125
threshold=368.00000000000006 273.20312500000006 121.87500000000001 336.68750000000006 396.83333333333343 199.25000000000003 204.25000000000003 203.18020833333335 4.5000000000000009 2.5000000000000004 117.09583333333335 56.031250000000007 58.67460317460317 111.65625000000001 121.10000000000001 147.31250000000003 103.59375000000001 122.98345588235296 146.19669117647064 122.88970588235296 134.5588235294118 175.21875000000003 177.25000000000003 73.062500000000014 146.19669117647064 27.483333333333338 38.000000000000007 47.093750000000007 51.031250000000007 48.406250000000007
decision_type=2 2 2 2 2 2 2 2 2 2 2 2 2 2 2 2 2 2 2 2 2 2 2 2 2 2 2 2 2 2
left_child=1 3 -3 5 -5 7 -7 10 9 -8 13 -12 -13 25 -15 16 -16 -14 19 22 -21 24 23 -19 -20 -1 -27 -28 29 -29
right_child=-2 2 -4 4 -6 6 8 -9 -10 -11 11 12 17 14 15 -17 -18 18 21 20 -22 -23 -24 -25 -26 26 27 28 -30 -31
leaf_value=-0.10531194388866426 0.26921615556758993 0.15394752806425094 -0.36530289236042235 0.24666998811901131 -0.046269591017202905 -0.39101102902837426 -0.062669077774752752 0.14237243002601738 -0.067429506415274093 0.21243120720610023 0.12542395938474399 -0.23780285778545562 -0.12480054520070555 0.33207410375277202 -0.19539096213877202 0.044669149485134493 0.028440568330032487 -0.12314097208695279 0.23400065988302232 -0.30172918424010281 -0.019658940955996514 -0.0026728102471679453 0.069873461838027368 -0.0053723833806226771 0.084976792785649513 0.11970988803289154 -0.13324017301734006 -0.057897478741194525 -0.0034556634688061045 0.23559924194758591
leaf_weight=20 34 25 36 29 22 23 23 29 41 26 26 31 30 27 20 66 21 27 20 20 20 32 38 89 24 22 35 28 484 22
leaf_count=20 34 25 36 29 22 23 23 29 41 26 26 31 30 27 20 66 21 27 20 20 20 32 38 89 24 22 35 28 484 22
internal_value=-4.37705e-10 -0.00675026 -0.152495 0.000114954 0.120304 -0.00481241 -0.0679296 0.00149373 0.0146357 0.0833025 -0.0022136 -0.02464 -0.0364275 0.008533 0.064206 -0.00338695 -0.0807455 -0.0156187 -0.00348738 -0.0390491 -0.160694 0.0872885 -0.00745297 -0.032784 0.152715 -0.00367678 -0.000237353 -0.00487503 0.00353841 0.0712411
internal_weight=1390 1356 61 1295 51 1244 113 1131 90 49 1102 357 331 745 134 107 41 300 270 194 40 76 154 116 44 611 591 569 534 50
internal_count=1390 1356 61 1295 51 1244 113 1131 90 49 1102 357 331 745 134 107 41 300 270 194 40 76 154 116 44 611 591 569 534 50
is_linear=0
shrinkage=0.1


Tree=96
num_leaves=31
num_cat=0
split_feature=3 1 6 0 4 0 1 2 0 0 1 1 4 2 0 1 2 0 3 2 3 0 0 4 2 1 0 1 0 3
split_gain=238.31 1646.4 1406.4 328.553 47.1134 66.5799 44.9617 157.911 101.144 45.8413 36.8253 105.004 176.09 68.3916 21.5138 16.6944 23.1695 13.4283 68.6626 17.6824 34.6732 40.3348 16.5248 24.6764 16.5711 22.9475 41.5653 23.9922 12.1106 35.0331
threshold=241.12500000000003 391.21875000000006 5.5000000000000009 194.12500000000003 195.09791666666669 139.65625000000003 238.30000000000004 283.40625000000006 314.00000000000006 212.25000000000003 36.140625000000007 44.593750000000007 89.804761904761918 35.645833333333336 199.25000000000003 49.033333333333339 47.093750000000007 51.031250000000007 48.406250000000007 57.518750000000004 216.08333333333334 187.41666666666669 54.046875000000007 46.906250000000007 213.75000000000003 167.68750000000003 157.75000000000003 180.80208333333337 85.109375000000014 61.992559523809526
decision_type=2 2 2 2 2 2 2 2 2 2 2 2 2 2 2 2 2 2 2 2 2 2 2 2 2 2 2 2 2 2
left_child=1 6 -2 4 5 -4 9 -8 -9 10 13 12 -12 -1 15 -13 -17 18 -18 -19 21 22 -21 -24 25 26 28 -27 -25 -30
right_child=2 -3 3 -5 -6 -7 7 8 -10 -11 11 14 -14 -15 -16 16 17 19 -20 20 -22 -23 23 24 -26 27 -28 -29 29 -31
leaf_value=0.036253191468616323 0.69221696978378477 -0.87064165174961095 -0.11727788930137953 -0.42621264170855283 0.16170855849981308 0.10618339094022911 0.24013744583901239 0.083316340204328307 -0.18825415310760341 -0.11125651251916822 0.37361852072179319 -0.075395634677261125 -0.04098628816150484 -0.200079513669014 0.08612930300059142 0.099468052048574798 -0.083094564612422678 -0.085238844468923547 0.16450573389107984 -0.089660755680366008 0.11944075416434895 -0.14135328761555932 0.092165290412527551 -0.021987446726754654 0.08253706965063301 -0.14492903944725793 0.1358365820986884 -0.0097628203188550883 0.13368498168885709 -0.0022918640337755074
leaf_weight=24 33 22 30 20 20 24 34 32 24 38 20 32 21 25 27 22 21 28 24 22 22 22 27 301 21 24 21 29 20 360
leaf_count=24 33 22 30 20 20 24 34 32 24 38 20 32 21 25 27 22 21 28 24 22 22 22 27 301 21 24 21 29 20 360
internal_value=2.81089e-10 -0.01313 0.130576 -0.0665959 0.0305978 -0.0179618 0.0020717 0.0701411 -0.033071 -0.00325085 0.00043668 0.00434017 0.16126 -0.0843247 -0.0019489 -0.00433656 -0.00197775 -0.00434697 0.0489589 -0.00702118 -0.00450094 -0.0077202 -0.00415665 -0.00181407 -0.00508398 -0.00752112 -0.0027308 -0.0709702 -0.00700381 0.00486481
internal_weight=1390 1263 127 94 74 54 1241 90 56 1151 1113 1064 41 49 1023 996 964 942 45 897 869 847 825 803 776 755 702 53 681 380
internal_count=1390 1263 127 94 74 54 1241 90 56 1151 1113 1064 41 49 1023 996 964 942 45 897 869 847 825 803 776 755 702 53 681 380
is_linear=0
shrinkage=0.1


Tree=97
num_leaves=31
num_cat=0
split_feature=0 0 3 2 1 1 0 0 0 4 3 0 3 5 4 0 1 4 4 4 0 4 3 2 4 0 5 4 5 1
split_gain=277.049 107.021 357.639 62.6918 35.8829 57.4987 74.1732 85.713 54.9966 37.1495 56.7927 192.678 38.3568 51.659 47.0408 35.5935 43.155 65.0246 36.0136 35.6051 30.1176 25.8047 23.2585 22.6453 16.9592 30.7003 66.1547 106.535 20.4057 20.2265
threshold=368.00000000000006 273.20312500000006 166.75000000000003 27.483333333333338 257.26562500000006 227.00000000000003 225.12500000000003 212.25000000000003 199.25000000000003 117.09583333333335 114.67187500000001 84.375000000000014 234.43750000000003 15.500000000000002 125.06666666666668 107.08333333333336 114.67187500000001 142.50000000000003 141.12500000000003 170.25000000000003 173.87500000000003 194.12500000000003 107.29166666666667 82.640625000000014 44.775000000000006 54.890625000000007 7.5000000000000009 79.204166666666694 7.5000000000000009 66.516666666666694
decision_type=2 2 2 2 2 2 2 2 2 2 2 2 2 2 2 2 2 2 2 2 2 2 2 2 2 2 2 2 2 2
left_child=1 3 -3 -1 5 6 7 8 9 10 22 -12 14 -14 -11 18 -17 -18 -16 -20 21 -19 24 -21 28 26 -26 -28 -5 -27
right_child=-2 2 -4 4 -6 -7 -8 -9 -10 12 11 -13 13 -15 15 16 17 20 19 23 -22 -23 -24 -25 25 29 27 -29 -30 -31
leaf_value=0.1747031781077385 0.2819427412441548 0.079262849337914415 -0.4082271993160248 0.00071162989958085954 0.12004543345259584 -0.14517005810449865 0.1836155408195087 -0.21124528892338279 0.13859776986969843 -0.12713997583304135 0.35373826541006564 0.014284713805068797 -0.18509387531701257 0.0001811048498860112 -0.16847323063760997 0.11101011747147803 0.12212663721293211 0.070651991125838517 0.068228376852329672 -0.11982757457915474 -0.11333254253542102 -0.050850621577013623 -0.090588027313351638 -0.011694957531160779 -0.048152850056067113 -0.057580758710620843 0.26885682601067756 -0.031457485648847761 -0.10193471431677395 0.004544409741716389
leaf_weight=20 34 34 27 45 23 29 21 20 27 35 20 102 34 27 20 43 32 29 31 34 37 44 30 45 32 61 27 21 34 372
leaf_count=20 34 34 27 45 23 29 21 20 27 35 20 102 34 27 20 43 32 29 31 34 37 44 30 45 32 61 27 21 34 372
internal_value=-1.12755e-09 -0.00706936 -0.136511 -0.000972091 -0.00372778 -0.00600157 -0.00270158 -0.00595671 -0.00248313 -0.00578112 0.00754857 0.0699328 -0.0299108 -0.103087 -0.0171572 -0.00493693 0.0232414 -0.00333642 -0.0450369 -0.0225939 -0.0398348 -0.00258246 -0.00468757 -0.058233 -0.000334505 0.00630747 0.0632204 0.137469 -0.0434653 -0.00420763
internal_weight=1390 1356 61 1295 1275 1252 1223 1202 1182 1155 744 122 411 61 350 315 185 142 130 110 110 73 622 79 592 513 80 48 79 433
internal_count=1390 1356 61 1295 1275 1252 1223 1202 1182 1155 744 122 411 61 350 315 185 142 130 110 110 73 622 79 592 513 80 48 79 433
is_linear=0
shrinkage=0.1


Tree=98
num_leaves=31
num_cat=0
split_feature=3 3 2 0 1 0 0 6 4 3 1 1 3 3 1 1 0 0 1 0 2 0 3 4 3 4 0 5 4 2
split_gain=240.164 573.934 393.248 1353.36 470.343 118.176 58.9167 26.9219 81.3852 71.0372 62.9916 111.574 73.0526 59.7958 52.3167 229.41 37.2222 65.8002 27.3516 40.5956 36.2291 23.3714 36.3241 25.6757 17.8753 15.8429 53.3818 35.3354 14.8194 14.3248
threshold=323.00000000000006 363.46875000000006 323.00000000000006 382.67187500000006 283.40625000000006 253.25000000000003 323.00000000000006 2.5000000000000004 195.09791666666669 181.58333333333334 209.25000000000003 183.8666666666667 218.75000000000003 197.83333333333334 39.484375000000007 45.980468750000007 213.75000000000003 195.09791666666669 156.50000000000003 134.5588235294118 36.140625000000007 141.12500000000003 152.20312500000003 133.98437500000003 110.92708333333336 54.312500000000007 61.093750000000007 6.5000000000000009 45.562500000000007 60.415873015873025
decision_type=2 2 2 2 2 2 2 2 2 2 2 2 2 2 2 2 2 2 2 2 2 2 2 2 2 2 2 2 2 2
left_child=2 -2 4 6 5 7 -4 10 14 -10 11 12 13 18 -9 -16 17 21 19 20 -1 23 24 25 -23 27 -27 -17 -22 -30
right_child=1 -3 3 -5 -6 -7 -8 8 9 -11 -12 -13 -14 -15 15 16 -18 -19 -20 -21 28 22 -24 -25 -26 26 -28 -29 29 -31
leaf_value=-0.13915464065291666 0.57521903365850446 -0.049420387023373653 -0.050843173563480386 -0.93138628140091895 0.47227821747461962 -0.23466340596364305 0.1889774678008897 -0.12592947113017242 0.018638330454436632 0.25472487020492557 0.13544941068841862 -0.24448422450064258 -0.17177194431424142 0.1593799100035713 0.34224385630339382 0.010587700070347638 0.12198626684105916 -0.18142464955647786 -0.10386643183057108 0.11453108829087938 0.068847368719677129 0.055667110319648473 0.15926424678076398 -0.097100774949837126 -0.068113569542765623 0.12390741710151945 -0.0068805435874512329 -0.12398351707379335 -0.061462571886459406 -0.0044217546875386137
leaf_weight=22 24 38 20 20 21 22 21 30 26 25 26 22 28 21 20 50 23 21 31 26 24 28 22 31 20 35 288 32 51 322
leaf_count=22 24 38 20 20 21 22 21 30 26 25 26 22 28 21 20 50 23 21 31 26 24 28 22 31 20 35 288 32 51 322
internal_value=5.75259e-10 0.192376 -0.00898139 -0.256985 0.00295879 -0.00495109 0.0719918 -0.000822277 0.0130916 0.134367 -0.0166302 -0.0238589 -0.0146136 -0.00575963 0.00278322 0.00955757 -0.00254011 -0.00797485 -0.0130452 -0.00671832 -0.0142422 -0.000776339 0.0528603 -0.00938773 0.00409183 -0.00267389 0.00729153 -0.0419279 -0.00732005 -0.0122209
internal_weight=1390 62 1328 61 1267 1246 41 1224 651 51 573 547 525 497 600 570 550 527 476 445 419 506 70 436 48 405 323 82 397 373
internal_count=1390 62 1328 61 1267 1246 41 1224 651 51 573 547 525 497 600 570 550 527 476 445 419 506 70 436 48 405 323 82 397 373
is_linear=0
shrinkage=0.1


Tree=99
num_leaves=31
num_cat=0
split_feature=1 3 1 2 1 2 3 2 5 1 1 1 1 4 0 1 2 3 2 1 0 1 2 1 0 1 2 0 0 2
split_gain=318.778 88.4326 361.154 106.207 80.3643 116.396 59.7463 51.6733 27.6842 37.9977 52.8165 61.1204 74.9146 50.6295 39.4103 23.514 99.9488 36.6676 17.9108 16.5427 20.5248 11.0168 14.6545 10.3719 15.3359 28.2132 16.3966 33.2748 16.0936 25.216
threshold=396.83333333333343 218.75000000000003 225.12500000000003 51.953125000000007 167.68750000000003 109.51562500000001 204.25000000000003 175.21875000000003 22.500000000000004 296.31250000000006 230.25000000000003 212.25000000000003 199.25000000000003 111.65625000000001 185.25000000000003 42.925781250000007 51.031250000000007 97.377976190476204 107.08333333333336 38.000000000000007 29.921875000000004 175.21875000000003 182.08333333333334 156.50000000000003 114.18750000000001 120.70312500000001 109.51562500000001 97.377976190476204 93.968750000000014 95.920833333333363
decision_type=2 2 2 2 2 2 2 2 2 2 2 2 2 2 2 2 2 2 2 2 2 2 2 2 2 2 2 2 2 2
left_child=1 6 3 -3 5 -5 8 -6 9 10 11 12 14 -11 15 17 -17 19 -10 20 -1 22 23 24 26 -26 27 28 29 -18
right_child=-2 2 -4 4 7 -7 -8 -9 18 13 -12 -13 -14 -15 -16 16 21 -19 -20 -21 -22 -23 -24 -25 25 -27 -28 -29 -30 -31
leaf_value=-0.046719653010368345 0.37763189294121485 0.19573702532798054 -0.4626585103216625 -0.28088239100244311 0.17460814699530602 -0.022301732817170572 0.13183331672634399 -0.052709512673318387 -0.014701151928434578 -0.018650870947610764 -0.11860571592240721 0.14611512494498288 -0.15953252428564535 0.19610967152630507 0.1109768022416216 0.16110067101052175 0.0078862161348075121 -0.16911261014640333 -0.13324696937948466 -0.083046005530790848 0.096545174121856703 -0.056804724399828248 0.078411756715048922 -0.068735084374961647 0.13255989127185033 0.0077168344750123867 -0.039586977159589039 0.096921561307766857 -0.087051476457196741 -0.060168000553098934
leaf_weight=20 22 20 21 27 20 49 35 20 26 21 37 29 29 23 33 39 401 20 25 22 20 36 23 23 23 85 121 34 23 63
leaf_count=20 22 20 21 27 20 49 35 20 26 21 37 29 29 23 33 39 401 20 25 22 20 36 23 23 23 85 121 34 23 63
internal_value=-9.18883e-10 -0.00607303 -0.0766861 -0.0170875 -0.0537814 -0.114166 0.0030816 0.0609493 -0.000750293 0.0025165 -0.0011913 0.00296994 -0.00111992 0.0936103 0.00353927 -0.00018102 0.00463862 -0.051375 -0.0728118 -0.0133952 0.0249128 -0.00269553 -0.000248385 -0.00258886 -0.000560371 0.0343038 -0.00642537 0.00127627 -0.00540122 -0.0013539
internal_weight=1390 1368 157 136 116 76 1211 40 1176 1125 1081 1044 1015 44 986 953 871 82 51 62 40 832 796 773 750 108 642 521 487 464
internal_count=1390 1368 157 136 116 76 1211 40 1176 1125 1081 1044 1015 44 986 953 871 82 51 62 40 832 796 773 750 108 642 521 487 464
is_linear=0
shrinkage=0.1


Tree=100
num_leaves=31
num_cat=0
split_feature=0 3 1 4 3 4 0 4 4 0 2 1 2 3 2 2 1 4 4 5 0 1 0 4 1 4 6 5 0 3
split_gain=267.276 79.4887 362.786 95.831 54.6271 25.3921 40.1307 36.0575 52.7135 103.816 60.737 35.7415 250.537 70.2098 36.3384 46.8252 192.267 133.276 47.1194 38.7689 22.4838 41.1491 39.4062 26.1052 15.0065 13.8643 11.629 9.81582 15.7758 11.0329
threshold=396.83333333333343 254.15625000000003 212.25000000000003 204.73437500000003 332.84375000000006 302.62500000000006 156.50000000000003 199.25000000000003 225.39166666666668 207.30729166666669 83.039682539682545 42.925781250000007 50.039062500000007 107.29166666666667 368.00000000000006 231.75000000000003 212.25000000000003 148.58333333333334 183.6166666666667 18.500000000000004 150.17187500000003 172.83333333333334 139.65625000000003 137.54687500000003 120.70312500000001 91.355406746031761 1.5000000000000002 1.5000000000000002 94.520833333333343 70.77500000000002
decision_type=2 2 2 2 2 2 2 2 2 2 2 2 2 2 2 2 2 2 2 2 2 2 2 2 2 2 2 2 2 2
left_child=1 5 3 4 -3 7 24 11 9 -9 -10 13 -13 25 15 16 18 19 20 -17 22 -22 27 -23 -7 26 -1 28 -14 -29
right_child=-2 2 -4 -5 -6 6 -8 8 10 -11 -12 12 14 -15 -16 17 -18 -19 -20 -21 21 23 -24 -25 -26 -27 -28 29 -30 -31
leaf_value=0.012831353857403711 0.34578344388441606 0.026846512928023005 -0.47235364453867085 0.17001585848629475 -0.15941300853005341 0.065338718078353189 0.18045134950429201 -0.017758684500586243 -0.13304615080356599 -0.30819067716598514 0.081294987541742816 0.27992699019836659 -0.0016275566874765883 -0.22263025608845055 0.12987460792064667 0.075450993161047669 0.30235205023061662 -0.29999738211743532 -0.13918778917193414 -0.091921712517738341 -0.04649815023426087 0.15505359015060646 -0.14407928243279458 0.022466685167617267 -0.05434594243764878 0.061370910517871385 -0.092407734621138812 0.010848772981667846 0.09179347146834646 -0.016184057736524728
leaf_weight=21 22 32 20 24 31 22 20 32 20 20 39 33 51 20 21 31 21 20 25 25 31 33 20 27 20 20 21 244 28 396
leaf_count=21 22 32 20 24 31 22 20 32 20 20 39 33 51 20 21 31 21 20 25 25 31 33 20 27 20 20 21 244 28 396
internal_value=2.41457e-11 -0.00556084 -0.0883122 -2.68304e-05 -0.064805 0.00146088 0.0638639 -0.00176596 -0.0560586 -0.129463 0.00863697 0.00377309 0.00894773 -0.0597109 -0.000242732 -0.00311297 0.00341948 -0.078408 -0.00392272 0.000731035 0.000151526 0.0470541 -0.00562403 0.0953895 0.00834602 -0.00715622 -0.0397882 -0.0017727 0.0314837 -0.00587779
internal_weight=1390 1368 107 87 63 1261 62 1199 111 52 59 1088 1006 82 973 952 876 76 855 56 830 91 739 60 42 62 42 719 79 640
internal_count=1390 1368 107 87 63 1261 62 1199 111 52 59 1088 1006 82 973 952 876 76 855 56 830 91 739 60 42 62 42 719 79 640
is_linear=0
shrinkage=0.1


Tree=101
num_leaves=31
num_cat=0
split_feature=3 3 2 0 1 0 0 1 3 1 2 2 2 3 1 0 1 3 4 4 1 3 1 0 3 3 2 0 6 0
split_gain=239.888 514.176 387.057 1193.8 385.836 69.2151 36.58 26.0258 179.697 41.4731 65.3495 130.785 39.325 67.0456 31.7146 23.1819 25.8889 16.6207 46.1116 29.8814 71.8036 40.7833 33.4865 68.1004 28.9124 26.6778 50.244 39.5235 22.2657 28.424
threshold=336.68750000000006 391.21875000000006 323.00000000000006 382.67187500000006 283.40625000000006 253.25000000000003 323.00000000000006 44.593750000000007 110.92708333333336 47.093750000000007 45.300000000000004 52.984375000000007 61.734375000000007 90.218750000000014 38.000000000000007 227.00000000000003 218.75000000000003 225.12500000000003 146.19669117647064 382.67187500000006 205.37500000000003 197.83333333333334 180.80208333333337 155.23333333333338 146.19669117647064 129.63333333333335 64.566964285714292 115.60000000000001 1.0000000180025095e-35 56.031250000000007
decision_type=2 2 2 2 2 2 2 2 2 2 2 2 2 2 2 2 2 2 2 2 2 2 2 2 2 2 2 2 2 2
left_child=2 -2 4 6 5 7 -4 8 14 -9 -11 -12 13 -13 -1 16 17 19 -19 20 21 22 23 25 -24 26 -14 -27 -28 -30
right_child=1 -3 3 -5 -6 -7 -8 9 -10 10 11 12 15 -15 -16 -17 -18 18 -20 -21 -22 -23 24 -25 -26 27 28 -29 29 -31
leaf_value=0.021015906205312129 0.50398389212787154 -0.11358761604015644 -0.042243827432394028 -0.88783140957355511 0.42851567821843289 -0.17950847636569631 0.14672455461252304 -0.14400974923656101 0.27392992583604964 0.1725750078048025 -0.24687053385106 -0.011194323558205118 -0.14626209886314778 0.17080495385719197 -0.1163803433533758 -0.094197929933153346 0.08959615353880257 0.012948260522292308 -0.16831754277581756 0.11794978544116019 -0.18402081348679283 0.11551595078460103 0.011953062464793524 -0.1409149249133311 0.16717441152781248 0.0042389963863088808 -0.059198348737801568 0.16214354844844861 0.10232742412222758 -0.002905780173202332
leaf_weight=42 28 26 20 20 21 22 21 21 26 21 22 48 26 35 28 29 29 36 23 20 22 29 30 38 20 51 66 23 27 520
leaf_count=42 28 26 20 20 21 22 21 21 26 21 22 48 26 35 28 29 29 36 23 20 22 29 30 38 20 51 66 23 27 520
internal_value=7.30937e-10 0.206635 -0.008352 -0.254431 0.00342119 -0.00369762 0.0545449 -0.000558136 0.0494395 -0.00478329 -0.00216109 -0.00551526 -0.00056207 0.0655524 -0.0339426 -0.0061106 -0.00344963 -0.00634794 -0.0577147 -0.00287244 -0.00570864 -0.000982295 -0.00520008 -0.0104758 0.0740416 -0.00352396 -0.0101065 0.0533174 -0.00433158 0.00228855
internal_weight=1390 54 1336 61 1275 1254 41 1232 96 1136 1115 1094 1072 83 70 989 960 931 59 872 852 830 801 751 50 713 639 74 613 547
internal_count=1390 54 1336 61 1275 1254 41 1232 96 1136 1115 1094 1072 83 70 989 960 931 59 872 852 830 801 751 50 713 639 74 613 547
is_linear=0
shrinkage=0.1


Tree=102
num_leaves=31
num_cat=0
split_feature=1 1 6 0 0 2 2 1 3 2 4 0 1 4 4 0 2 1 3 0 1 0 1 5 1 0 4 2 3 3
split_gain=298.606 79.0201 65.187 215.824 120.504 216.676 119.496 64.0574 54.061 41.9687 27.4313 27.2164 31.4061 24.3588 124.628 90.5533 50.4429 77.8801 51.001 29.3772 23.3064 118.437 45.6148 26.9917 18.9882 17.0714 36.6205 52.6695 89.4959 49.2012
threshold=396.83333333333343 353.25000000000006 5.5000000000000009 216.08333333333334 270.03125000000006 283.40625000000006 42.925781250000007 56.031250000000007 234.43750000000003 209.25000000000003 60.514583333333341 110.26041666666667 129.80000000000004 183.6166666666667 194.12500000000003 227.00000000000003 170.25000000000003 150.70000000000002 159.56250000000003 90.669146825396837 54.890625000000007 55.358333333333341 36.140625000000007 7.5000000000000009 101.22916666666669 178.84375000000003 155.15000000000003 64.566964285714292 88.859126984127002 121.87500000000001
decision_type=2 2 2 2 2 2 2 2 2 2 2 2 2 2 2 2 2 2 2 2 2 2 2 2 2 2 2 2 2 2
left_child=1 2 4 6 8 -6 -4 -8 13 10 -9 -12 -13 15 -15 20 17 18 19 -16 21 22 -1 -24 -21 26 27 28 -22 -28
right_child=-2 -3 3 -5 5 -7 7 9 -10 -11 11 12 -14 14 16 -17 -18 -19 -20 24 25 -23 23 -25 -26 -27 29 -29 -30 -31
leaf_value=-0.1073699704701862 0.36548823226581922 -0.20319066286087037 0.20404081866145135 -0.36621455520391466 0.3584372857442269 -0.058238687847430505 -0.18703603301463384 -0.10423457140102983 -0.15203248848733697 -0.13727323023172527 0.12841899769380691 -0.10072463201763837 0.037368423515802315 -0.25919593260401774 -0.12656572001135868 0.21519794009980703 0.10796565351021642 -0.17361651391818608 0.12176028786847988 0.085751001818571246 0.018161231623246118 0.22607790139902917 -0.022982835035238947 0.10211974976255614 -0.036393561368542063 -0.060962238551481911 -0.021097554899752142 0.0041899168942617663 -0.25939711460045406 0.19561604708433153
leaf_weight=31 22 20 21 20 26 24 28 20 23 26 20 23 58 21 23 21 34 29 30 20 26 28 35 34 35 46 20 583 21 22
leaf_count=31 22 20 21 20 26 24 28 20 23 26 20 23 58 21 23 21 34 29 30 20 26 28 35 34 35 46 20 583 21 22
internal_value=5.44106e-10 -0.00587773 -0.00295024 -0.0532924 0.00665568 0.158433 -0.0213616 -0.0484098 -0.000358052 -0.0220049 0.00276356 0.0239513 -0.00184318 0.00293611 -0.0292923 0.0100732 -0.0010585 -0.0281156 0.0109541 -0.0316637 0.00498144 0.0442921 -0.00660797 0.0386619 0.00802264 -0.00202658 0.0020077 -0.00401972 -0.105854 0.0924191
internal_weight=1390 1368 1348 216 1132 50 196 175 1082 147 121 101 81 1059 192 867 171 137 108 78 846 128 100 69 55 718 672 630 47 42
internal_count=1390 1368 1348 216 1132 50 196 175 1082 147 121 101 81 1059 192 867 171 137 108 78 846 128 100 69 55 718 672 630 47 42
is_linear=0
shrinkage=0.1


Tree=103
num_leaves=31
num_cat=0
split_feature=0 0 5 3 3 1 1 0 1 2 1 5 2 0 4 4 2 1 4 2 0 2 2 1 0 2 1 0 4 5
split_gain=246.709 94.893 274.077 75.3499 84.8589 28.1449 38.7294 52.2786 22.8846 61.1162 39.346 125 43.3113 17.2938 24.5151 16.547 39.7179 29.6168 20.9998 57.3497 40.4377 26.3535 13.6411 21.3548 42.2645 31.7511 17.3863 25.3449 25.3708 12.7603
threshold=368.00000000000006 273.20312500000006 16.500000000000004 382.67187500000006 332.84375000000006 257.26562500000006 227.00000000000003 222.65000000000003 32.367187500000007 38.000000000000007 44.593750000000007 9.5000000000000018 50.039062500000007 204.25000000000003 353.25000000000006 188.75000000000003 69.684523809523824 138.46875000000003 153.75000000000003 91.996093750000014 172.83333333333334 147.31250000000003 55.358333333333341 53.291666666666679 51.031250000000007 64.566964285714292 64.234375000000014 61.093750000000007 47.560416666666676 13.500000000000002
decision_type=2 2 2 2 2 2 2 2 2 2 2 2 2 2 2 2 2 2 2 2 2 2 2 2 2 2 2 2 2 2
left_child=1 3 -3 4 5 6 7 8 -1 -10 11 -11 -12 14 15 18 -17 29 20 -20 22 -21 -14 -24 -25 -26 -27 -28 -29 -18
right_child=-2 2 -4 -5 -6 -7 -8 -9 9 10 12 -13 13 -15 -16 16 17 -19 19 21 -22 -23 23 24 25 26 27 28 -30 -31
leaf_value=0.07833842698703794 0.26605765205972337 -0.35122063905964129 0.073230015416629615 0.17460930962115528 -0.18304692783321327 0.11427766368502663 -0.11666611772159051 0.15667897715410661 -0.1595470086336136 -0.04385268113265435 -0.12605365730565171 0.27889552272856238 0.063999968866507218 -0.087890875533871038 -0.084974606278719333 0.16666714783757927 -0.092537056486166669 0.091998627173403902 -0.16247781605042261 0.089305369210584712 0.10783771547888006 -0.066121149361133585 -0.099630689815334655 0.12871484231824679 -0.093916322329105476 0.067541306955473765 -0.10565507505089045 0.10988253089599312 -0.0047161314808730715 0.0041491075395009456
leaf_weight=34 34 29 32 24 26 21 29 21 25 30 29 20 30 23 33 20 21 30 29 24 35 20 23 24 39 35 24 20 567 39
leaf_count=34 34 29 32 24 26 21 29 21 25 30 29 20 30 23 33 20 21 30 29 24 35 20 23 24 39 35 24 20 567 39
internal_value=-3.71951e-10 -0.00667106 -0.128558 -0.00092967 -0.00424433 -0.000510302 -0.0024797 0.000291348 -0.00250605 -0.0049172 -0.00145016 0.0852466 -0.00552043 -0.00214643 -0.000199618 0.00265505 0.0391985 0.0108722 -0.00196539 -0.0533007 0.00273659 0.018657 -0.00209089 -0.00479953 -0.0017232 -0.0062933 -0.00100336 -0.00492982 -0.000811577 -0.029691
internal_weight=1390 1356 61 1295 1271 1245 1224 1195 1174 1140 1115 50 1065 1036 1013 980 110 90 870 73 797 44 762 732 709 685 646 611 587 60
internal_count=1390 1356 61 1295 1271 1245 1224 1195 1174 1140 1115 50 1065 1036 1013 980 110 90 870 73 797 44 762 732 709 685 646 611 587 60
is_linear=0
shrinkage=0.1


Tree=104
num_leaves=31
num_cat=0
split_feature=3 0 0 2 2 0 0 4 1 2 1 3 0 6 2 0 0 3 0 2 1 5 0 0 0 2 1 2 4 2
split_gain=223.692 1494.21 1393.9 86.251 59.6188 86.5983 54.5495 48.0861 46.4468 26.1242 101.506 52.7085 89.1253 27.0847 18.3273 54.6405 22.4283 19.6386 36.2448 12.3566 22.4245 28.7383 19.0192 10.7537 31.5226 16.4381 21.2701 12.731 13.3933 23.9164
threshold=241.12500000000003 391.21875000000006 257.26562500000006 56.031250000000007 368.00000000000006 309.04687500000006 250.34375000000003 118.56250000000001 152.20312500000003 49.033333333333339 47.093750000000007 85.937500000000014 95.920833333333363 3.5000000000000004 253.25000000000003 216.08333333333334 203.18020833333335 216.08333333333334 187.41666666666669 213.75000000000003 167.68750000000003 15.500000000000002 157.75000000000003 146.19669117647064 134.5588235294118 166.75000000000003 134.5588235294118 54.890625000000007 167.68750000000003 82.640625000000014
decision_type=2 2 2 2 2 2 2 2 2 2 2 2 2 2 2 2 2 2 2 2 2 2 2 2 2 2 2 2 2 2
left_child=1 4 3 -2 5 6 9 -5 -9 11 -11 13 -13 -1 15 16 17 18 19 20 22 -22 23 24 25 26 27 -12 -29 -30
right_child=2 -3 -4 7 -6 -7 -8 8 -10 10 14 12 -14 -15 -16 -17 -18 -19 -20 -21 21 -23 -24 -25 -26 -27 -28 28 29 -31
leaf_value=0.061395608761529552 0.1649665463538397 -0.87020127058029184 0.89279248774051667 0.043744393309642526 0.16423184790394524 -0.20823695242404938 0.13038492283085362 -0.22417808210720189 -0.040180477762923522 0.2206171458675748 0.073993001523472018 -0.26332130792240299 0.0039135414820451004 -0.074184518912807113 0.086807989993173143 -0.14381268526668903 0.09388951599597932 0.085413707017898563 -0.10732845262144551 0.077099373787641534 -0.13502934250448431 0.012479994460940362 0.093381845341487371 -0.071478936714785432 0.12190031136075657 -0.087476810338822278 0.097093701125545939 0.00018989026877082568 -0.12669010826308902 -0.0093810611981011566
leaf_weight=41 21 20 20 29 22 20 32 23 34 21 21 24 26 23 23 27 25 25 33 20 28 25 22 21 21 22 22 612 24 63
leaf_count=41 21 20 20 29 22 20 32 23 34 21 21 24 26 23 23 27 25 25 33 20 28 25 22 21 21 22 22 612 24 63
internal_value=-6.18165e-10 -0.0127209 0.126508 -0.0167229 0.00107604 -0.0018637 0.00157299 -0.0610889 -0.114425 -0.00195309 0.00296097 -0.0474297 -0.124359 0.0126715 -0.00145951 -0.00346757 0.000383359 -0.00205424 -0.00439546 -0.000625435 -0.0023899 -0.0654495 0.00164652 -0.000857423 0.00103181 -0.00229049 0.000235253 -0.00272431 -0.00502912 -0.0417422
internal_weight=1390 1263 127 107 1243 1221 1201 86 57 1169 1055 114 50 64 1034 1011 984 959 934 901 881 53 828 806 785 764 742 720 699 87
internal_count=1390 1263 127 107 1243 1221 1201 86 57 1169 1055 114 50 64 1034 1011 984 959 934 901 881 53 828 806 785 764 742 720 699 87
is_linear=0
shrinkage=0.1


Tree=105
num_leaves=31
num_cat=0
split_feature=0 3 1 4 3 1 1 4 2 1 2 2 3 3 3 3 1 0 3 2 3 3 3 3 3 5 5 6 0 4
split_gain=277.829 80.8298 330.063 75.2957 44.7025 23.8493 79.1404 143.333 52.6982 36.65 45.3073 35.738 73.5583 31.2897 76.0793 74.1829 51.1885 70.5483 30.2137 33.815 29.5849 30.9724 66.7722 46.9658 49.3529 68.9473 44.6171 37.2286 23.754 34.4059
threshold=396.83333333333343 254.15625000000003 212.25000000000003 204.73437500000003 332.84375000000006 36.140625000000007 45.980468750000007 85.250000000000014 35.645833333333336 49.033333333333339 47.093750000000007 57.518750000000004 139.65625000000003 212.25000000000003 199.25000000000003 225.12500000000003 314.00000000000006 248.14062500000003 188.75000000000003 61.734375000000007 175.21875000000003 156.50000000000003 150.17187500000003 133.59375000000003 116.41666666666667 16.500000000000004 14.500000000000002 1.5000000000000002 150.70000000000002 86.033333333333346
decision_type=2 2 2 2 2 2 2 2 2 2 2 2 2 2 2 2 2 2 2 2 2 2 2 2 2 2 2 2 2 2
left_child=1 5 3 4 -3 8 7 -7 -1 -8 -11 12 -12 14 16 -15 17 18 19 -13 21 22 23 24 28 -26 -25 -23 -21 -30
right_child=-2 2 -4 -5 -6 6 9 -9 -10 10 11 13 -14 15 -16 -17 -18 -19 -20 20 -22 27 -24 26 25 -27 -28 -29 29 -31
leaf_value=0.038858141967405876 0.35254382057623435 0.02058278957847506 -0.45542795054614543 0.1458202252785365 -0.14790965876271647 -0.046561551738816959 -0.12917997593229466 0.27950335860784564 -0.16859506592154505 0.14005836377973144 0.027970598622535665 0.092385329649244494 -0.23169919148087503 0.21680467535148967 -0.15881425681213537 -0.026710804166464971 0.11664220914979906 -0.15809468829206058 0.11376034349668772 -0.0033087696266168656 -0.10329480099266973 0.18187572866678239 -0.17288255062885582 0.2087196096777916 -0.18587297528982163 0.00866048127706898 0.019434508765962991 -0.0066353481262922294 -0.0080440845340490341 0.16187380206855861
leaf_weight=24 22 32 20 24 31 26 22 28 25 23 24 38 20 22 30 29 38 28 24 592 29 20 23 20 35 38 33 22 26 22
leaf_count=24 22 32 20 24 31 26 22 28 25 23 24 38 20 22 30 29 38 28 24 592 29 20 23 20 35 38 33 22 26 22
internal_value=1.04092e-09 -0.00566956 -0.0891161 -0.00490649 -0.0623262 0.00141115 0.00417636 0.122509 -0.0669853 -0.00134175 0.00113399 -0.00173687 -0.0900611 0.00189855 -0.00193078 0.0783351 0.00283289 -0.00171948 0.00302944 7.00362e-05 -0.00400901 -0.000544165 -0.0049984 4.25078e-05 -0.00670851 -0.084609 0.0908628 0.0831318 0.00217701 0.0698349
internal_weight=1390 1368 107 87 63 1261 1212 54 49 1158 1136 1113 44 1069 1018 51 988 950 922 898 860 831 789 766 713 73 53 42 640 48
internal_count=1390 1368 107 87 63 1261 1212 54 49 1158 1136 1113 44 1069 1018 51 988 950 922 898 860 831 789 766 713 73 53 42 640 48
is_linear=0
shrinkage=0.1


Tree=106
num_leaves=31
num_cat=0
split_feature=0 3 1 3 2 1 0 5 1 1 3 1 2 0 3 4 3 1 2 4 3 1 1 0 1 1 6 0 0 2
split_gain=225.041 67.8617 301.142 67.9475 77.7931 67.0066 61.6057 24.0619 57.7727 167.364 142.532 38.8645 242.182 131.817 50.9047 61.6541 31.3781 22.4296 58.8398 239.205 32.2969 20.0044 15.4634 18.3574 14.9066 13.1979 10.863 15.7743 17.8663 15.6733
threshold=396.83333333333343 218.75000000000003 225.12500000000003 382.67187500000006 113.66666666666669 90.265625000000014 159.56250000000003 22.500000000000004 238.30000000000004 273.20312500000006 133.59375000000003 167.68750000000003 157.75000000000003 182.08333333333334 125.06666666666668 180.58333333333337 100.53203125000002 42.925781250000007 51.031250000000007 139.65625000000003 97.377976190476204 109.51562500000001 38.000000000000007 29.921875000000004 143.59375000000003 199.25000000000003 1.0000000180025095e-35 134.5588235294118 148.58333333333334 166.75000000000003
decision_type=2 2 2 2 2 2 2 2 2 2 2 2 2 2 2 2 2 2 2 2 2 2 2 2 2 2 2 2 2 2
left_child=1 7 3 4 5 -3 24 8 11 -10 -11 13 -13 17 16 25 -14 20 19 -19 22 -9 23 -1 -6 -16 -20 29 -29 -28
right_child=-2 2 -4 -5 6 -7 -8 21 9 10 -12 12 14 -15 15 -17 -18 18 26 -21 -22 -23 -24 -25 -26 -27 27 28 -30 -31
leaf_value=-0.043536573648452759 0.31728942475535654 -0.02247618938034231 -0.4294913637638092 0.14699785506183452 0.0091561121466968744 -0.26658860281433749 0.16965763591229918 -0.015173646392808719 0.31563015424686935 0.11746605856193078 -0.20395214000547474 -0.33857010935122767 -2.1098112618481672e-05 0.25482683692659652 0.040367884337902074 0.17257102320591611 -0.16528012648224832 0.37065859928727152 -0.024656243650796272 -0.11256941819474811 -0.15897142842411996 -0.14191793315112591 -0.080169275026260464 0.091953052841126925 -0.10229852272286302 -0.07451412066817284 0.0046090724723057584 0.12729457681151954 -0.0016580640914894288 -0.085413789451122282
leaf_weight=20 22 22 20 22 28 23 20 33 23 37 22 24 27 21 20 30 20 20 143 21 20 20 22 20 21 20 586 22 21 20
leaf_count=20 22 22 20 22 28 23 20 33 23 37 22 24 27 21 20 30 20 20 143 21 20 20 22 20 21 20 586 22 21 20
internal_value=3.33182e-10 -0.00510261 -0.0671835 -0.013903 -0.044954 -0.147245 0.0217573 0.00288801 0.00590108 0.0868145 -0.0023848 -0.000259457 -0.0492032 0.00711348 0.0101541 0.0642029 -0.0703441 0.00142825 0.00634054 0.123152 -0.0484735 -0.0630017 -0.0128289 0.0242082 -0.0386102 -0.0170731 0.000293509 0.00579091 0.0643177 0.00163802
internal_weight=1390 1368 156 136 114 45 69 1212 1159 82 59 1077 141 936 117 70 47 915 833 41 82 53 62 40 49 40 792 649 43 606
internal_count=1390 1368 156 136 114 45 69 1212 1159 82 59 1077 141 936 117 70 47 915 833 41 82 53 62 40 49 40 792 649 43 606
is_linear=0
shrinkage=0.1


Tree=107
num_leaves=31
num_cat=0
split_feature=3 0 0 2 2 0 0 5 2 1 3 0 6 0 1 0 0 2 0 0 4 6 0 4 2 0 3 1 0 2
split_gain=214.179 1398.53 1202.07 60.4895 41.3732 69.1343 49.8418 33.5619 22.9314 75.1105 43.0105 61.5869 23.7757 16.7638 19.7964 51.6441 21.2953 49.1026 23.9414 13.2111 13.0192 9.68532 19.8329 23.3241 18.1772 17.7385 14.3726 17.0166 22.3022 21.8913
threshold=241.12500000000003 391.21875000000006 257.26562500000006 56.031250000000007 368.00000000000006 309.04687500000006 250.34375000000003 15.500000000000002 49.033333333333339 47.093750000000007 85.937500000000014 95.920833333333363 3.5000000000000004 227.00000000000003 212.25000000000003 209.25000000000003 188.75000000000003 136.44583333333335 180.80208333333337 170.25000000000003 122.98345588235296 1.0000000180025095e-35 150.17187500000003 131.63333333333335 180.80208333333337 132.62500000000003 146.19669117647064 54.890625000000007 47.093750000000007 61.992559523809526
decision_type=2 2 2 2 2 2 2 2 2 2 2 2 2 2 2 2 2 2 2 2 2 2 2 2 2 2 2 2 2 2
left_child=1 4 3 -2 5 6 8 -5 10 -10 12 -12 -1 14 16 -16 18 -18 19 21 -9 -11 24 -24 25 26 27 28 -23 -29
right_child=2 -3 -4 7 -6 -7 -8 20 9 13 11 -13 -14 -15 15 -17 17 -19 -20 -21 -22 22 23 -25 -26 -27 -28 29 -30 -31
leaf_value=0.055486657942940554 0.14293350378672284 -0.84202147677540795 0.83539463996887209 -0.12752759638242425 0.13681636886163193 -0.18594183415174484 0.12465040881652385 -0.042204296008373304 0.18998537886710395 -0.021667156263497796 -0.22946366639807822 -0.007318450052004594 -0.071541649979822666 -0.077368147298693665 -0.040394234586329687 0.18413741439580919 -0.18404593348503115 0.037545073106884957 0.10202457982560863 -0.07018893791569604 0.056610755653431023 -0.0064153252612976809 0.0029223380731823651 0.15058070275932553 -0.080430530183590379 0.093100306628779939 -0.067007417051956578 -0.091005944132804883 0.13932471791991877 0.0047478933510609091
leaf_weight=41 21 20 20 32 22 20 32 30 21 157 24 26 23 28 21 20 20 20 23 27 24 21 23 20 26 22 29 25 21 531
leaf_count=41 21 20 20 32 22 20 32 30 21 157 24 26 23 28 21 20 20 20 23 27 24 21 23 20 26 22 29 25 21 531
internal_value=2.44472e-11 -0.0124475 0.123789 -0.00922196 0.000900472 -0.00154846 0.0015222 -0.0463762 -0.00184829 0.0027557 -0.0444554 -0.113948 0.00983586 -0.00104684 0.00107741 0.0691334 -0.00181408 -0.0732504 0.00127506 -0.00129395 0.0017135 0.000831957 0.00575168 0.0716006 0.00155686 0.0048414 0.0017446 0.00507873 0.0664547 0.000442415
internal_weight=1390 1263 127 107 1243 1221 1201 86 1169 1055 114 50 64 1034 1006 41 965 40 925 902 54 875 718 43 675 649 627 598 42 556
internal_count=1390 1263 127 107 1243 1221 1201 86 1169 1055 114 50 64 1034 1006 41 965 40 925 902 54 875 718 43 675 649 627 598 42 556
is_linear=0
shrinkage=0.1


Tree=108
num_leaves=31
num_cat=0
split_feature=0 3 0 0 3 2 2 1 0 1 2 0 0 1 2 1 0 1 3 3 3 2 2 1 2 3 6 0 0 0
split_gain=248.631 88.3737 386.15 71.5747 40.7109 33.1014 72.3171 202.583 146.493 45.1549 110.603 72.0193 22.8996 127.118 46.2895 32.6667 30.0321 26.7908 21.7437 15.6193 16.3072 10.8891 6.49377 42.8947 36.1593 25.4112 120.952 40.2572 25.0638 16.2429
threshold=391.21875000000006 254.15625000000003 218.75000000000003 177.25000000000003 332.84375000000006 368.00000000000006 242.41666666666666 218.75000000000003 270.03125000000006 199.25000000000003 213.75000000000003 203.18020833333335 41.203125000000007 45.980468750000007 52.984375000000007 66.129166666666677 36.140625000000007 36.140625000000007 107.29166666666667 216.08333333333334 200.55000000000004 55.358333333333341 70.418750000000017 67.77500000000002 65.765625000000014 70.77500000000002 4.5000000000000009 51.031250000000007 65.077450980392172 171.30000000000004
decision_type=2 2 2 2 2 2 2 2 2 2 2 2 2 2 2 2 2 2 2 2 2 2 2 2 2 2 2 2 2 2
left_child=1 5 3 4 -3 6 7 9 18 11 -11 12 16 -14 15 -15 17 -1 -8 20 21 -16 24 -24 25 27 -27 -23 -25 -30
right_child=-2 2 -4 -5 -6 -7 8 -9 -10 10 -12 -13 13 14 19 -17 -18 -19 -20 -21 -22 22 23 28 -26 26 -28 -29 29 -31
leaf_value=-0.070964053298036261 0.3063307821750641 0.001851143203675747 -0.48931237012147905 0.14514481117948891 -0.16750839840282095 0.12313474448905751 -0.047782185673713687 0.26630783709215711 -0.26637954923634727 -0.2732981261610985 0.051626424068077048 0.17764390992081686 0.18737292967012362 -0.020883336805161978 0.073174114972352974 -0.19945809297263623 -0.14112606920086995 0.074321660700000153 0.099675255790352829 0.069245922996196904 -0.088939557189033153 -0.017835084575673808 0.11953256732473772 -0.09202723102954527 -0.089704018406104299 -0.16070457889788575 0.13831663715342682 0.17615382403135302 -0.0018578288273821617 0.07740500067119245
leaf_weight=30 26 40 20 24 22 22 20 29 30 20 22 23 36 21 20 20 26 22 20 32 21 23 30 30 50 31 24 20 609 27
leaf_count=30 26 40 20 24 22 22 20 29 30 20 22 23 36 21 20 20 26 22 20 32 21 23 30 30 50 31 24 20 609 27
internal_value=-1.44439e-10 -0.00583915 -0.0935275 -0.00148446 -0.0582442 0.00154953 -0.000614607 0.00531207 -0.0993361 -0.00134482 -0.1031 0.00255811 -0.0011984 0.00289581 -0.00403652 -0.107993 -0.0533734 -0.00949702 0.0259465 0.000611477 -0.00187022 0.000246048 -0.00148211 0.00256275 -0.0205039 0.0148023 -0.0302226 0.0723923 -0.00270616 0.0015071
internal_weight=1390 1364 106 86 62 1258 1236 1166 70 1137 42 1095 1072 994 958 41 78 52 40 917 885 864 844 696 148 98 55 43 666 636
internal_count=1390 1364 106 86 62 1258 1236 1166 70 1137 42 1095 1072 994 958 41 78 52 40 917 885 864 844 696 148 98 55 43 666 636
is_linear=0
shrinkage=0.1


Tree=109
num_leaves=31
num_cat=0
split_feature=3 0 2 0 1 0 1 0 3 1 2 1 3 2 3 3 6 4 2 3 0 3 3 3 6 2 2 4 4 1
split_gain=207.934 439.893 374.204 999.744 376.187 81.4281 28.1202 102.392 25.7955 24.3382 58.2243 54.5507 125.038 75.1701 14.9696 46.0269 42.2412 46.9803 19.8936 18.492 24.0293 20.1164 24.7458 32.7021 14.7447 62.6951 37.1685 14.9178 19.0948 13.4863
threshold=323.00000000000006 199.25000000000003 323.00000000000006 382.67187500000006 283.40625000000006 253.25000000000003 231.75000000000003 222.65000000000003 121.87500000000001 32.367187500000007 40.265625000000007 44.593750000000007 58.864583333333336 50.039062500000007 200.55000000000004 190.33333333333334 1.5000000000000002 166.75000000000003 126.18750000000001 172.83333333333334 155.23333333333338 156.50000000000003 150.17187500000003 143.59375000000003 5.5000000000000009 203.18020833333335 185.25000000000003 79.731250000000003 59.347058823529423 57.518750000000004
decision_type=2 2 2 2 2 2 2 2 2 2 2 2 2 2 2 2 2 2 2 2 2 2 2 2 2 2 2 2 2 2
left_child=2 -2 4 8 5 6 7 9 -4 -1 -11 12 -12 -13 15 19 -16 18 -18 21 -21 22 23 24 25 26 29 28 -26 -15
right_child=1 -3 3 -5 -6 -7 -8 -9 -10 10 11 13 -14 14 16 -17 17 -19 -20 20 -22 -23 -24 -25 27 -27 -28 -29 -30 -31
leaf_value=0.081483315764104614 -0.011629466966884893 0.55118823587184862 0.10987720787525178 -0.8299182422459126 0.42301361936898463 -0.19446457570249387 -0.10127777533122787 0.22628714231774213 -0.048809111267328266 -0.1332732200732126 -0.067726354779941697 -0.17990026138722898 0.26977345046141876 0.043584388806758557 -0.15345439886053402 0.14581509643996304 -0.1288766870647669 0.12972299493849279 0.00076396664411857221 0.010463971307035537 -0.1445499412342906 0.074646566002755557 -0.11059363685548305 0.12829305931925775 -0.089704909785227341 0.14997618028095791 -0.13698080465197565 -0.11708108447492123 0.029186400026082995 -0.0033434256239999816
leaf_weight=34 41 21 21 20 21 22 27 20 20 34 21 24 23 68 24 22 20 20 29 20 20 37 20 20 22 28 20 20 35 616
leaf_count=34 41 21 21 20 21 22 27 20 20 34 21 24 23 68 24 22 20 20 29 20 20 37 20 20 22 28 20 20 35 616
internal_value=-3.70954e-10 0.179002 -0.00835704 -0.250281 0.00329043 -0.00378355 -0.000356279 0.00192015 0.0324692 -0.00189238 -0.00437249 -0.000420623 0.108694 -0.00492865 -0.000894717 0.00286121 -0.0391809 0.000566394 -0.0521506 -0.000535106 -0.067043 0.00246751 -0.000678106 0.00197366 -0.0011492 0.00322938 -0.00260714 -0.0427741 -0.0167015 0.00132191
internal_weight=1390 62 1328 61 1267 1246 1224 1197 41 1177 1143 1109 44 1065 1041 948 93 69 49 926 40 886 849 829 809 732 704 77 57 684
internal_count=1390 62 1328 61 1267 1246 1224 1197 41 1177 1143 1109 44 1065 1041 948 93 69 49 926 40 886 849 829 809 732 704 77 57 684
is_linear=0
shrinkage=0.1


Tree=110
num_leaves=31
num_cat=0
split_feature=0 0 3 4 0 1 1 2 0 6 6 4 1 2 0 0 6 2 2 1 0 0 1 0 2 0 2 6 0 0
split_gain=270.48 111.274 218.71 52.1912 64.1856 54.5529 47.6444 217.472 102.773 49.135 75.3939 40.8867 24.5269 103.31 185.832 79.9152 64.211 27.3069 17.03 30.0673 16.1429 35.0328 13.1079 29.7993 25.5245 18.0098 92.2373 34.0067 26.0636 39.6475
threshold=368.00000000000006 273.20312500000006 121.87500000000001 302.62500000000006 159.56250000000003 116.41666666666667 185.25000000000003 170.25000000000003 197.83333333333334 2.5000000000000004 4.5000000000000009 263.68333333333339 42.925781250000007 51.031250000000007 82.772916666666688 36.140625000000007 2.5000000000000004 54.046875000000007 195.09791666666669 170.25000000000003 162.00000000000003 143.59375000000003 53.291666666666679 51.031250000000007 62.41875000000001 85.109375000000014 95.218750000000014 4.5000000000000009 56.031250000000007 60.415873015873025
decision_type=2 2 2 2 2 2 2 2 2 2 2 2 2 2 2 2 2 2 2 2 2 2 2 2 2 2 2 2 2 2
left_child=1 3 -3 6 5 -5 8 -8 11 -9 -11 12 15 14 -14 16 -1 -15 19 20 21 22 -19 -24 -25 27 -27 28 -26 -30
right_child=-2 2 -4 4 -6 -7 7 9 -10 10 -12 -13 13 17 -16 -17 -18 18 -20 -21 -22 -23 23 24 25 26 -28 -29 29 -31
leaf_value=-0.077401633085682986 0.27858064946006328 0.088248275279998789 -0.29676712751388551 0.1437147040452276 0.22929777190798806 -0.067919214712134732 -0.35697594206957595 -0.11387235698374837 0.2207149761063712 0.13389134524533383 -0.049294479388111045 -0.13456542911412925 -0.091284495815634734 -0.11290389722721145 0.30223854057490829 -0.1570745681722959 0.15159393244733413 -0.063819820185502377 -0.085009168153223791 0.10410139874688216 -0.066755281668156391 0.11586749403056905 0.11019391609976691 -0.08174513992017661 0.10745508798531123 0.19104009036506928 0.0019527919439985078 -0.080446017522078306 -0.12268429772445449 0.0065716035302956499
leaf_weight=25 34 25 36 21 21 29 21 33 21 39 53 23 20 22 30 39 24 33 23 28 36 26 24 39 21 28 328 65 27 196
leaf_count=25 34 25 36 21 21 29 21 33 21 39 53 23 20 22 30 39 24 33 23 28 36 26 24 39 21 28 328 65 27 196
internal_value=-4.78392e-11 -0.00698506 -0.138974 -0.000767824 0.082586 0.020967 -0.00560289 -0.0592132 0.00165788 -0.00918906 0.0283604 -0.00269425 0.000239053 0.00493644 0.144829 -0.0502579 0.0347595 -0.00287008 -0.000100349 0.00219448 -0.00127258 0.00172282 -0.002177 0.000617247 -0.00311832 0.00149288 0.0168248 -0.0161711 0.000951291 -0.00907821
internal_weight=1390 1356 61 1295 71 50 1224 146 1078 125 92 1057 1034 946 50 88 49 896 874 851 823 787 761 728 704 665 356 309 244 223
internal_count=1390 1356 61 1295 71 50 1224 146 1078 125 92 1057 1034 946 50 88 49 896 874 851 823 787 761 728 704 665 356 309 244 223
is_linear=0
shrinkage=0.1


Tree=111
num_leaves=31
num_cat=0
split_feature=0 3 1 3 4 2 1 2 1 2 3 2 3 1 4 0 3 0 0 3 0 1 2 0 0 5 1 3 3 4
split_gain=221.139 65.994 269.198 111.201 53.2425 21.4698 25.1015 84.3172 67.3407 48.8222 22.4411 48.6384 45.539 45.2028 130.824 92.0584 32.5985 16.033 28.5263 19.233 14.6547 14.5561 10.2189 35.0933 19.4787 19.1286 15.5458 13.9428 34.8218 20.114
threshold=396.83333333333343 254.15625000000003 199.25000000000003 368.00000000000006 181.58333333333334 29.921875000000004 36.140625000000007 45.300000000000004 44.593750000000007 52.984375000000007 212.25000000000003 136.44583333333335 199.25000000000003 296.31250000000006 107.02083333333336 248.14062500000003 190.33333333333334 216.08333333333334 203.18020833333335 171.30000000000004 163.35000000000002 195.09791666666669 109.51562500000001 97.377976190476204 104.78125000000001 11.500000000000002 107.29166666666667 116.09375000000001 122.60937500000001 126.18750000000001
decision_type=2 2 2 2 2 2 2 2 2 2 2 2 2 2 2 2 2 2 2 2 2 2 2 2 2 2 2 2 2 2
left_child=1 5 3 4 -3 -1 -7 -8 -9 -10 12 -12 13 15 -15 16 17 18 19 20 22 -22 23 -11 26 -25 -24 -26 -29 -30
right_child=-2 2 -4 -5 -6 6 7 8 9 10 11 -13 -14 14 -16 -17 -18 -19 -20 -21 21 -23 24 25 27 -27 -28 28 29 -31
leaf_value=-0.098927118664696112 0.31452638493342833 0.014038071076612216 -0.36772245943546294 0.2055956248726164 -0.17720594555139543 -0.080445132919454154 0.15010040429158089 0.18253914613276723 -0.1263362062704419 -0.0021023847195715739 -0.011932098233338559 0.18274719062305633 -0.12376027350624404 -0.09681494757533074 0.24062438555044571 -0.21570371180772782 0.12739194322377442 -0.070095642441601477 0.11081106802043708 -0.071593484556988662 0.10527744081157904 0.0038179358933120968 -0.021242274453534798 0.16035375815062297 0.016296674231961957 0.02692322846163403 -0.12090628029585913 -0.1505219671688974 0.076597343317487021 -0.05577933310220639
leaf_weight=21 22 37 25 21 24 35 39 20 31 494 33 21 30 20 27 20 20 33 23 38 26 31 34 21 127 22 29 20 22 24
leaf_count=21 22 37 25 21 24 35 39 20 31 494 33 21 30 20 27 20 20 33 23 38 26 31 34 21 127 22 29 20 22 24
internal_value=1.10715e-09 -0.00505817 -0.0804588 0.00712163 -0.0612055 0.00133982 0.00303789 0.0054627 0.000624907 -0.00254986 0.000891732 0.0637765 -0.00230881 0.00122518 0.0970332 -0.00335102 0.00105464 -0.001622 0.000858386 -0.00198949 0.00112222 0.0500977 -0.00239809 0.00543978 -0.0188392 0.092087 -0.0671194 -0.0030794 -0.0403637 0.00753125
internal_weight=1390 1368 107 82 61 1261 1240 1205 1166 1146 1115 54 1061 1031 47 984 964 944 911 888 850 57 793 537 256 43 63 193 66 46
internal_count=1390 1368 107 82 61 1261 1240 1205 1166 1146 1115 54 1061 1031 47 984 964 944 911 888 850 57 793 537 256 43 63 193 66 46
is_linear=0
shrinkage=0.1


Tree=112
num_leaves=31
num_cat=0
split_feature=3 0 6 0 3 4 2 2 1 0 0 2 2 0 3 0 6 1 0 0 2 1 0 1 2 5 2 6 0 0
split_gain=195.804 1255.39 1109.87 177.2 33.7996 59.2693 24.3806 53.0673 185.552 134.291 79.7299 24.8613 71.565 47.2377 38.1202 51.9846 25.25 20.8535 23.7618 14.7764 20.3546 20.4476 18.5241 42.8077 20.5726 77.1478 16.6087 15.9819 19.6488 30.878
threshold=241.12500000000003 391.21875000000006 5.5000000000000009 194.12500000000003 290.98437500000006 173.87500000000003 368.00000000000006 242.41666666666666 218.75000000000003 270.03125000000006 212.25000000000003 49.033333333333339 53.291666666666679 197.83333333333334 85.937500000000014 108.95208333333336 3.5000000000000004 53.291666666666679 51.031250000000007 187.41666666666669 212.25000000000003 175.21875000000003 114.18750000000001 120.70312500000001 64.566964285714292 7.5000000000000009 182.08333333333334 4.5000000000000009 56.937500000000007 60.415873015873025
decision_type=2 2 2 2 2 2 2 2 2 2 2 2 2 2 2 2 2 2 2 2 2 2 2 2 2 2 2 2 2 2
left_child=1 6 -2 4 -4 -6 7 8 10 -9 11 14 -13 17 16 -16 -1 -14 -19 20 21 22 24 -24 25 -20 -25 28 -26 -30
right_child=2 -3 3 -5 5 -7 -8 9 -10 -11 -12 12 13 -15 15 -17 -18 18 19 -21 -22 -23 23 26 27 -27 -28 -29 29 -31
leaf_value=0.055225304823096212 0.61729027698888927 -0.79787631615996357 0.11212955579782527 -0.32089740216732027 0.056654578658441701 -0.16558642506599427 0.10508061092008243 0.032467733193188908 0.25371272950593771 -0.25016263091358643 -0.19097865231821992 0.16115721130165561 -0.074410076880533457 0.14023163424183924 -0.19160853751003742 0.016527235209941867 -0.075682202127316731 0.099384769548972463 0.080620577931404119 -0.086441052723093895 0.10020814439281822 -0.072570779575751379 0.15442540322740872 -0.0028418352383427149 0.10078227576755344 -0.17653048426977225 0.093055923691108114 -0.038907794037120462 -0.11372750574214892 0.0077093323385815059
leaf_weight=41 33 20 24 20 30 20 22 40 29 29 22 29 38 24 30 20 23 24 20 20 20 39 24 129 21 28 21 94 22 434
leaf_count=41 33 20 24 20 30 20 22 40 29 29 22 29 38 24 30 20 23 24 20 20 20 39 24 129 21 28 21 94 22 434
internal_value=4.25385e-10 -0.0119015 0.118359 -0.0567971 0.0145813 -0.0322418 0.000744873 -0.00113505 0.00396711 -0.0863189 -0.00248224 0.00128426 0.00639122 0.00170624 -0.0429313 -0.108354 0.00818042 -0.0018533 0.00122389 -0.00147779 0.000516653 -0.00187978 0.00159683 0.0304241 -0.00650646 -0.0693842 0.0105839 -0.00122077 0.00620602 0.00185054
internal_weight=1390 1263 127 94 74 50 1243 1221 1152 69 1123 1101 987 958 114 50 64 934 896 872 852 832 793 174 619 48 150 571 477 456
internal_count=1390 1263 127 94 74 50 1243 1221 1152 69 1123 1101 987 958 114 50 64 934 896 872 852 832 793 174 619 48 150 571 477 456
is_linear=0
shrinkage=0.1


Tree=113
num_leaves=31
num_cat=0
split_feature=0 3 0 2 2 0 2 2 1 0 3 1 0 1 0 1 4 3 1 1 3 1 1 4 4 5 1 3 2 4
split_gain=250.91 80.7913 312.894 58.7764 130.564 56.8829 30.6407 40.9195 166.893 107.207 48.0086 38.9457 50.052 21.3566 20.019 98.2091 31.3353 35.0191 15.3864 45.679 33.3802 18.6137 13.4681 52.7378 58.7467 54.6365 50.4562 21.7429 16.8322 32.3024
threshold=391.21875000000006 218.75000000000003 250.34375000000003 51.953125000000007 112.83333333333334 171.30000000000004 368.00000000000006 231.75000000000003 218.75000000000003 270.03125000000006 101.59365079365081 199.25000000000003 201.30000000000004 145.46875000000003 41.203125000000007 45.980468750000007 91.355406746031761 43.677083333333343 167.68750000000003 180.80208333333337 197.83333333333334 50.039062500000007 72.165178571428584 136.44583333333335 103.59375000000001 8.5000000000000018 77.550781250000014 84.375000000000014 65.765625000000014 54.312500000000007
decision_type=2 2 2 2 2 2 2 2 2 2 2 2 2 2 2 2 2 2 2 2 2 2 2 2 2 2 2 2 2 2
left_child=1 6 3 -3 -5 13 7 8 11 10 -9 12 14 -6 16 -16 17 -1 20 -20 21 -17 23 24 25 28 27 -24 -23 -30
right_child=-2 2 -4 4 5 -7 -8 9 -10 -11 -12 -13 -14 -15 15 18 -18 -19 19 -21 -22 22 26 -25 -26 -27 -28 -29 29 -31
leaf_value=-0.021436293609440327 0.30773151837862456 0.13907256126403808 -0.4429713135957718 -0.22602106458197038 0.011046077253957912 0.12739931921164194 0.12258720369566055 -0.085360489234976147 0.26639250082274279 -0.23017453965903434 0.11483129255473615 -0.10103687688305572 0.16003248482942581 -0.11460353213672836 0.17377080585468899 -0.094999633800415761 0.052126311578533868 -0.18320511930986594 -0.14470381601048368 0.026658623772008078 0.10532230218251547 0.03789132389205474 -0.049361133542569248 0.14229979284948879 -0.15203060873530128 0.13936059784609825 0.0018524926645628545 -0.17877796689669292 -0.11686733822027842 0.01255211857388969
leaf_weight=32 26 20 20 30 31 30 21 23 24 27 25 37 20 24 33 21 22 23 28 35 30 54 34 31 22 32 530 21 30 54
leaf_count=32 26 20 20 30 31 30 21 23 24 27 25 37 20 24 33 21 22 23 28 35 30 54 34 31 22 32 530 21 30 54
internal_value=-6.3881e-10 -0.00586585 -0.0738367 -0.0191501 -0.046667 0.0166344 0.00284836 0.000731761 0.00554946 -0.070763 0.0189061 -0.000199143 0.00334743 -0.0437828 0.0003109 0.00426571 -0.048739 -0.0890851 -0.00180118 -0.0495025 0.00169728 -0.00205272 0.000362983 0.0212739 0.00173329 0.0216321 -0.0076082 -0.0987748 -0.0056672 -0.0336691
internal_weight=1390 1364 155 135 115 85 1209 1188 1113 75 48 1089 1052 55 1032 955 77 55 922 63 859 829 808 223 192 170 585 55 138 84
internal_count=1390 1364 155 135 115 85 1209 1188 1113 75 48 1089 1052 55 1032 955 77 55 922 63 859 829 808 223 192 170 585 55 138 84
is_linear=0
shrinkage=0.1


Tree=114
num_leaves=31
num_cat=0
split_feature=0 0 3 3 3 1 2 1 1 0 0 0 1 2 0 4 3 3 4 6 3 4 3 3 4 5 3 2 3 3
split_gain=205.247 72.7176 176.601 57.6102 36.346 25.3269 49.6804 23.3552 59.033 37.3586 21.7242 21.5951 83.3875 43.8954 19.9027 17.1556 22.1818 52.0319 31.4672 30.6392 17.6038 31.1343 16.946 12.4628 27.178 40.0897 18.3645 28.801 11.6642 18.3772
threshold=368.00000000000006 273.20312500000006 121.87500000000001 382.67187500000006 336.68750000000006 32.367187500000007 38.000000000000007 257.26562500000006 227.00000000000003 222.65000000000003 204.25000000000003 42.925781250000007 50.039062500000007 53.291666666666679 36.140625000000007 347.46666666666675 197.83333333333334 181.58333333333334 173.87500000000003 3.5000000000000004 142.50000000000003 150.70000000000002 156.50000000000003 115.60000000000001 134.5588235294118 16.500000000000004 95.920833333333363 83.039682539682545 83.406250000000014 85.109375000000014
decision_type=2 2 2 2 2 2 2 2 2 2 2 2 2 2 2 2 2 2 2 2 2 2 2 2 2 2 2 2 2 2
left_child=1 3 -3 4 5 -1 -7 8 9 10 11 14 -13 -14 -8 16 17 20 19 -18 23 22 -22 26 25 -25 28 -28 -15 -30
right_child=-2 2 -4 -5 -6 6 7 -9 -10 -11 -12 12 13 15 -16 -17 18 -19 -20 -21 21 -23 -24 24 -26 -27 27 -29 29 -31
leaf_value=0.083412531062084086 0.24267298228600445 0.091396023869514467 -0.25457507802380458 0.15243189859514436 -0.13137353773821484 -0.14360560917854309 0.0042721876608473918 0.10335990417571295 -0.14393595117947153 0.13268676776261557 -0.098120394867399471 0.16502361331255205 -0.12273886681630695 0.0037630383294131407 -0.11035431357044163 -0.065638538698355356 0.1075503305842479 -0.14857081235588895 0.15617727224122396 -0.034714650221895883 0.056720633024261113 0.12678479754155683 -0.071897081136703497 -0.17198952837632253 0.014142741203042014 0.013777775925007604 0.12589001357555391 0.014447359063628096 -0.11699541402714593 -0.014268965308791869
leaf_weight=34 34 25 36 24 22 25 28 21 29 21 23 31 29 368 33 36 24 23 22 41 21 31 20 26 56 21 28 135 21 102
leaf_count=34 34 25 36 24 22 25 28 21 29 21 23 31 29 368 33 36 24 23 22 41 21 31 20 26 56 21 28 135 21 102
internal_value=-4.15192e-10 -0.00608472 -0.112784 -0.00105875 -0.00395708 -0.00171275 -0.00409486 -0.00116396 -0.00304163 0.000542519 -0.0019374 8.10385e-05 0.00348878 -0.00149885 -0.0577389 0.00210727 0.00470455 -0.000206849 0.0528024 0.017814 0.0039094 0.05116 -0.00601972 -0.000584712 -0.0329165 -0.0889871 0.0045073 0.0335909 -0.00514774 -0.0318076
internal_weight=1390 1356 61 1295 1271 1249 1215 1190 1169 1140 1119 1096 1035 1004 61 975 939 852 87 65 829 72 41 757 103 47 654 163 491 123
internal_count=1390 1356 61 1295 1271 1249 1215 1190 1169 1140 1119 1096 1035 1004 61 975 939 852 87 65 829 72 41 757 103 47 654 163 491 123
is_linear=0
shrinkage=0.1


Tree=115
num_leaves=31
num_cat=0
split_feature=3 3 2 0 1 0 1 0 3 0 4 1 1 1 3 1 0 4 3 3 4 2 1 1 3 1 4 2 2 2
split_gain=202.698 415.641 347.905 933.691 350.958 47.2365 21.9519 72.271 25.9174 40.9325 19.8734 23.3543 22.3686 29.0759 19.8461 19.8061 73.5246 53.0298 29.2681 173.338 63.3148 100.747 27.4982 80.7636 48.935 26.0051 23.549 19.4805 40.8496 15.012
threshold=323.00000000000006 363.46875000000006 323.00000000000006 382.67187500000006 283.40625000000006 253.25000000000003 231.75000000000003 222.65000000000003 200.55000000000004 173.87500000000003 336.68750000000006 209.25000000000003 180.80208333333337 167.68750000000003 146.19669117647064 132.62500000000003 145.46875000000003 135.15625000000003 113.16666666666669 121.10000000000001 172.83333333333334 62.41875000000001 47.093750000000007 38.000000000000007 48.406250000000007 29.921875000000004 112.73333333333336 55.358333333333341 122.88970588235296 136.44583333333335
decision_type=2 2 2 2 2 2 2 2 2 2 2 2 2 2 2 2 2 2 2 2 2 2 2 2 2 2 2 2 2 2
left_child=2 -2 4 -4 5 6 7 8 10 27 11 12 13 15 -14 16 18 26 22 -20 21 -21 23 25 -25 -1 -17 -10 -29 -24
right_child=1 -3 3 -5 -6 -7 -8 -9 9 -11 -12 -13 14 -15 -16 17 -18 -19 19 20 -22 -23 29 24 -26 -27 -28 28 -30 -31
leaf_value=-0.044030212834477424 0.50253303532178206 -0.029033294359320089 0.03173076815721465 -0.80168091326951973 0.40838412152869363 -0.14908397631211714 -0.090411121287831561 0.18926724098622799 -0.098114843937483709 -0.16395371469358605 0.078769022993969207 -0.091844283209906688 0.017195133371826481 -0.10548166252242833 0.14083823412656785 0.04786725397118264 -0.17918575341286869 0.17367557901112984 0.26627348517732963 -0.20709117207676175 0.093017479484459681 0.030562170086671937 0.0044257525182793342 -0.035695129185914991 -0.24555585792660717 0.11188345227552497 -0.081670609699643182 0.12570672617072151 -0.043201155071146788 -0.079764044788581401
leaf_weight=20 24 38 41 20 21 22 27 20 22 24 33 27 34 26 21 36 23 24 28 30 38 44 568 20 25 23 23 21 45 22
leaf_count=20 24 38 41 20 21 22 27 20 22 24 33 27 34 26 21 36 23 24 28 30 38 44 568 20 25 23 23 21 45 22
internal_value=-1.63596e-10 0.176734 -0.00825115 -0.241519 0.00297958 -0.00385308 -0.00124272 0.000768597 -0.00243444 -0.0481931 0.00237774 -6.50059e-05 0.00240071 -0.00118898 0.0644043 0.00174567 -0.00285376 0.0483495 0.00210423 0.0437309 -0.0119048 -0.0657838 -0.00649125 -0.0586373 -0.152284 0.0393655 -0.00263056 -0.016622 0.0105423 0.00128647
internal_weight=1390 62 1328 61 1267 1246 1224 1197 1177 112 1065 1032 1005 950 55 924 841 83 818 140 112 74 678 88 45 43 59 88 66 590
internal_count=1390 62 1328 61 1267 1246 1224 1197 1177 112 1065 1032 1005 950 55 924 841 83 818 140 112 74 678 88 45 43 59 88 66 590
is_linear=0
shrinkage=0.1


Tree=116
num_leaves=31
num_cat=0
split_feature=0 3 1 3 4 4 2 3 3 4 4 3 0 0 1 4 1 3 6 0 1 3 4 5 6 4 0 0 2 4
split_gain=226.7 63.4163 214.002 52.4756 56.1579 51.4254 42.5433 28.0159 112.7 118.548 109.324 91.0483 109.815 89.1898 58.5507 138.728 54.3031 38.2592 17.3557 23.5453 185.116 28.6949 41.4534 45.5622 44.7591 27.5201 22.6719 24.0111 18.9976 16.631
threshold=396.83333333333343 218.75000000000003 225.12500000000003 368.00000000000006 199.25000000000003 157.41666666666671 128.43750000000003 173.87500000000003 180.58333333333337 210.25000000000003 185.25000000000003 157.75000000000003 162.00000000000003 332.84375000000006 231.75000000000003 97.109375000000014 213.75000000000003 195.09791666666669 1.0000000180025095e-35 54.046875000000007 57.518750000000004 84.763764880952394 44.775000000000006 7.5000000000000009 3.5000000000000004 46.906250000000007 90.669146825396837 77.015625000000014 62.41875000000001 86.033333333333346
decision_type=2 2 2 2 2 2 2 2 2 2 2 2 2 2 2 2 2 2 2 2 2 2 2 2 2 2 2 2 2 2
left_child=1 7 3 4 5 6 -3 11 -9 10 17 13 -13 14 16 -16 18 -10 26 21 -21 22 24 -24 -20 -22 27 -1 -27 -30
right_child=-2 2 -4 -5 -6 -7 -8 8 9 -11 -12 12 -14 -15 15 -17 -18 -19 19 20 25 -23 23 -25 -26 28 -28 -29 29 -31
leaf_value=-0.033412067936259809 0.31845642761750659 -0.17766156431287528 -0.37055718109011648 0.10754760274520288 -0.17269367277622225 0.1144426556614538 0.0025250743290311413 0.25261840518902651 -0.078602041304111483 0.16818880033679307 -0.26203971937298776 0.016453500837087631 -0.27708087675631621 0.20766845515796117 0.04839595432579518 -0.30024737034525195 0.16376276612281801 0.080324749377640822 -0.0040955786360427739 0.27621303653487794 0.10901442522881553 -0.1353744849562645 -0.045334252042155111 0.12229063158087872 -0.1947962421178818 -0.093615084744635091 0.016018659411929547 -0.15792522870358969 -0.015674316188698755 0.018129561667906535
leaf_weight=59 22 20 20 26 28 24 38 22 28 32 20 25 26 21 25 21 21 33 32 26 24 22 31 34 20 21 58 21 261 329
leaf_count=59 22 20 20 26 28 24 38 22 28 32 20 25 26 21 25 21 21 33 32 26 24 22 31 34 20 21 58 21 261 329
internal_value=-1.69896e-10 -0.00512138 -0.0651345 -0.0202194 -0.0504189 -0.00866652 -0.0596082 0.00260309 0.045546 0.00523103 -0.0591473 -0.00277973 -0.133191 0.00370272 -0.000559246 -0.110767 0.00472706 0.00737475 0.00116656 0.00681612 0.0146832 -0.030595 -0.0108929 0.0423465 -0.077442 0.0039749 -0.0315845 -0.0660968 -0.000151043 0.00317564
internal_weight=1390 1368 156 136 110 82 58 1212 135 113 81 1077 51 1026 1005 46 959 61 938 800 661 139 117 65 52 635 138 80 611 590
internal_count=1390 1368 156 136 110 82 58 1212 135 113 81 1077 51 1026 1005 46 959 61 938 800 661 139 117 65 52 635 138 80 611 590
is_linear=0
shrinkage=0.1


Tree=117
num_leaves=31
num_cat=0
split_feature=0 3 0 0 3 1 0 1 2 6 0 3 6 4 4 4 1 4 0 3 0 5 4 3 3 3 3 3 6 6
split_gain=189.773 65.5082 239.234 69.8649 35.4076 25.151 103.265 18.3296 92.5229 228.689 43.0431 26.9833 15.0572 15.5097 13.3724 22.4146 59.1883 22.6326 21.9466 19.8292 16.0867 8.89171 10.4291 37.9347 20.8621 19.8683 24.803 33.7351 15.7824 17.4336
threshold=368.00000000000006 254.15625000000003 209.25000000000003 177.25000000000003 332.84375000000006 332.84375000000006 275.25000000000006 42.925781250000007 51.031250000000007 3.5000000000000004 242.41666666666666 97.377976190476204 3.5000000000000004 53.187500000000007 336.68750000000006 231.75000000000003 125.06666666666668 213.03333333333333 216.08333333333334 181.58333333333334 203.18020833333335 1.5000000000000002 153.75000000000003 197.83333333333334 180.58333333333337 157.75000000000003 133.59375000000003 116.41666666666667 4.5000000000000009 1.0000000180025095e-35
decision_type=2 2 2 2 2 2 2 2 2 2 2 2 2 2 2 2 2 2 2 2 2 2 2 2 2 2 2 2 2 2
left_child=1 5 3 4 -3 6 7 11 9 -9 14 12 13 -1 15 17 -17 18 20 -16 21 -10 23 25 -24 26 27 28 29 -23
right_child=-2 2 -4 -5 -6 -7 -8 8 10 -11 -12 -13 -14 -15 19 16 -18 -19 -20 -21 -22 22 24 -25 -26 -27 -28 -29 -30 -31
leaf_value=0.079843857850540767 0.233345721311429 0.00040330165997147559 -0.36671538343248161 0.1553979770413467 -0.15754047874361277 -0.094917518562740763 0.20380763030052185 -0.043156833664096637 0.027035516638231158 0.39639114230871203 -0.14271356449885803 -0.13872420088104581 -0.083857870064675821 -0.040303698324021843 -0.01665553115308285 0.0089697688061278324 -0.19835118800401688 0.094025055706501007 -0.088016749366090219 0.12247422050152507 0.089055701978504653 -0.054079653620719918 0.004186707202877317 0.13455667100846766 -0.09607596691283915 -0.10094163011582125 0.081024012342095386 -0.099278576078044412 -0.029657992520566348 0.015241393164421121
leaf_weight=22 34 40 23 21 22 27 25 29 96 20 22 23 20 21 20 40 21 25 29 21 20 40 49 20 36 21 34 37 142 390
leaf_count=22 34 40 23 21 22 27 25 29 96 20 22 23 20 21 20 40 21 25 29 21 20 40 49 20 36 21 34 37 142 390
internal_value=-3.96683e-10 -0.00585085 -0.0813288 -0.00224579 -0.0556413 0.00054968 0.0026573 -0.00154033 0.00189956 0.136251 -0.00429348 -0.0460189 -0.0121741 0.0211671 -0.00136817 -0.00366312 -0.062403 0.000152789 -0.00241483 0.054606 0.000390201 -0.00165987 -0.00524213 -0.00113686 -0.0382775 -0.00522401 -0.00209793 -0.00673856 -0.000752583 0.00879292
internal_weight=1390 1356 106 83 62 1250 1223 1198 1112 49 1063 86 63 43 1041 1000 61 939 914 41 885 865 769 684 85 664 643 609 572 430
internal_count=1390 1356 106 83 62 1250 1223 1198 1112 49 1063 86 63 43 1041 1000 61 939 914 41 885 865 769 684 85 664 643 609 572 430
is_linear=0
shrinkage=0.1


Tree=118
num_leaves=31
num_cat=0
split_feature=3 0 0 4 3 4 1 1 3 0 3 0 2 1 0 2 3 0 2 5 2 0 5 4 2 5 2 0 0 3
split_gain=183.524 1201.24 1170.84 50.5762 37.6999 53.2515 22.1153 86.3746 108.679 38.0919 18.2901 72.3342 52.8171 15.5822 134.89 69.8071 39.1718 34.2253 35.3275 32.037 127.554 25.2735 29.9581 24.4497 104.761 64.0667 17.5648 24.9165 17.9563 24.0149
threshold=241.12500000000003 391.21875000000006 257.26562500000006 213.03333333333333 270.03125000000006 147.31250000000003 238.30000000000004 273.20312500000006 133.59375000000003 216.08333333333334 200.55000000000004 203.18020833333335 95.920833333333363 72.165178571428584 81.43278769841271 60.415873015873025 101.96666666666668 70.816666666666677 89.191406250000014 7.5000000000000009 70.418750000000017 83.183333333333351 8.5000000000000018 64.484375000000014 45.980468750000007 9.5000000000000018 216.08333333333334 170.25000000000003 85.109375000000014 60.062500000000007
decision_type=2 2 2 2 2 2 2 2 2 2 2 2 2 2 2 2 2 2 2 2 2 2 2 2 2 2 2 2 2 2
left_child=1 6 3 4 -2 -6 9 -8 -9 10 11 13 -12 14 16 -15 19 -17 21 -1 23 22 -19 24 -21 -25 27 28 -20 -30
right_child=2 -3 -4 -5 5 -7 7 8 -10 -11 12 -13 -14 15 -16 17 -18 18 26 20 -22 -23 -24 25 -26 -27 -28 -29 29 -31
leaf_value=-0.024033706333186175 0.067182065276429059 -0.7803576767444611 0.81689016565680506 0.11470485588778621 -0.0096634177491068847 -0.19353974602584328 0.19451870758618628 0.091728261652353565 -0.17360085363571462 -0.11412678922216098 -0.1862625399976969 0.18250223121351816 0.013615927405846426 -0.18903494519846781 0.20266640782888445 -0.094746389688971713 -0.10395889762256827 0.066887147724628448 -0.057288037735174914 0.12254009658382053 0.26365441180215304 0.14467940476412575 -0.065957711295535168 0.15508409001465356 -0.16673521034179195 -0.049180744544548155 0.072861869014799602 -0.093161164845029509 0.10776679787784815 -0.0046732066576147362
leaf_weight=148 20 20 20 23 36 28 28 38 26 30 20 22 39 21 35 39 35 58 61 21 22 24 24 28 31 34 25 36 20 378
leaf_count=148 20 20 20 23 36 28 28 38 26 30 20 22 39 21 35 39 35 58 61 21 22 24 24 28 31 34 25 36 20 378
internal_value=-1.66533e-10 -0.0115223 0.114588 -0.0166836 -0.052659 -0.0901093 0.000848345 0.048028 -0.0160617 -0.00292275 5.32748e-05 0.00306398 -0.0541395 -0.000731825 0.0163077 -0.00952482 -0.00413916 -0.00385608 0.00180641 0.00816256 0.0431997 0.0544224 0.0280057 0.000655787 -0.0499125 0.0430679 -0.00891916 -0.0130495 -0.00676625 0.000977045
internal_weight=1390 1263 127 107 84 64 1243 92 64 1151 1121 1062 59 1040 354 686 319 665 626 284 136 106 82 114 52 62 520 495 459 398
internal_count=1390 1263 127 107 84 64 1243 92 64 1151 1121 1062 59 1040 354 686 319 665 626 284 136 106 82 114 52 62 520 495 459 398
is_linear=0
shrinkage=0.1


Tree=119
num_leaves=31
num_cat=0
split_feature=0 3 0 0 3 6 2 2 1 0 0 2 3 4 1 1 0 3 1 3 0 3 0 4 2 4 0 4 4 4
split_gain=213.281 64.9771 254.174 58.2556 27.5934 19.9226 102.426 66.9453 69.146 59.4771 45.9663 147.105 91.6688 69.9368 44.9477 52.843 64.1712 53.8226 183.223 34.7256 33.3107 18.9528 25.7223 23.39 21.8016 17.8457 26.0665 17.3796 16.542 29.2338
threshold=391.21875000000006 254.15625000000003 209.25000000000003 177.25000000000003 332.84375000000006 2.5000000000000004 222.65000000000003 185.25000000000003 159.56250000000003 157.75000000000003 213.75000000000003 242.41666666666666 133.59375000000003 100.04166666666669 207.30729166666669 180.80208333333337 167.68750000000003 120.21875000000001 54.890625000000007 107.29166666666667 107.29166666666667 40.547916666666673 53.291666666666679 72.929563492063508 62.966666666666669 54.312500000000007 61.992559523809526 118.56250000000001 114.67187500000001 90.669146825396837
decision_type=2 2 2 2 2 2 2 2 2 2 2 2 2 2 2 2 2 2 2 2 2 2 2 2 2 2 2 2 2 2
left_child=1 5 3 4 -3 6 7 8 9 28 14 -12 13 -13 15 16 17 19 -19 21 -20 -7 23 -23 -24 -26 -27 -22 29 -1
right_child=-2 2 -4 -5 -6 10 -8 -9 -10 -11 11 12 -14 -15 -16 -17 -18 18 20 -21 27 22 24 -25 25 26 -28 -29 -30 -31
leaf_value=-0.015077730379401683 0.28371924011466593 0.0016343696042895317 -0.37476082444190983 0.1448681853002026 -0.13779603019356729 -0.081936838698607906 -0.21962562760581142 0.14640994359339987 -0.14219329398321479 0.16250552907586099 0.29694269688233088 0.18909768914354261 -0.14415155488711137 -0.044404857621892641 -0.14199894386388007 0.12252496116467425 -0.17679646432399751 0.33472748146880243 -0.10865546947433835 -0.11445872050164074 -0.021350512103665443 0.11740031336035049 -0.10746180187910795 -0.01418482397090305 -0.065406623927669397 0.11940090626478195 0.00045893645773713407 0.10447625440099967 -0.032810949686023855 0.056394444038102655
leaf_weight=195 26 40 23 21 22 27 23 28 38 21 23 29 26 23 21 37 20 21 21 29 21 35 20 22 36 20 234 23 184 81
leaf_count=195 26 40 23 21 22 27 23 28 38 21 23 29 26 23 21 37 20 21 21 29 21 35 20 22 36 20 234 23 184 81
internal_value=-1.85913e-10 -0.00540814 -0.0805982 0.000916795 -0.0478409 0.000927428 -0.0128984 -0.00420598 -0.0123317 -0.00207236 0.0123819 0.0746957 0.00916129 0.0858177 0.00166014 0.00699025 -0.00109063 0.00581333 0.0779315 -0.00884898 -0.00503341 -0.00107567 0.00487324 0.0666131 -0.00647892 0.000485417 0.00982445 0.0444226 -0.0095857 0.0058978
internal_weight=1390 1364 106 83 62 1258 570 547 519 481 688 101 78 52 587 566 529 509 86 423 65 394 367 57 310 290 254 44 460 276
internal_count=1390 1364 106 83 62 1258 570 547 519 481 688 101 78 52 587 566 529 509 86 423 65 394 367 57 310 290 254 44 460 276
is_linear=0
shrinkage=0.1


Tree=120
num_leaves=31
num_cat=0
split_feature=3 0 2 0 1 0 1 2 2 0 4 1 0 3 0 1 2 2 1 4 3 4 4 0 2 4 0 2 3 3
split_gain=179.164 414.371 306.907 820.325 299.841 43.4352 21.1616 49.1217 22.7369 94.7128 239.872 47.2603 38.6485 33.4364 23.6441 24.2096 18.9008 23.0926 13.7205 23.6708 55.1567 44.6318 44.3192 34.5176 29.2707 29.3011 21.5983 10.4544 8.85296 8.73007
threshold=336.68750000000006 199.25000000000003 323.00000000000006 382.67187500000006 283.40625000000006 253.25000000000003 32.367187500000007 38.000000000000007 61.734375000000007 81.43278769841271 153.75000000000003 47.093750000000007 36.140625000000007 80.417968750000014 227.00000000000003 59.28768382352942 65.765625000000014 67.77500000000002 212.25000000000003 231.75000000000003 150.17187500000003 368.00000000000006 203.66666666666669 187.41666666666669 71.162500000000009 49.745833333333337 207.30729166666669 58.015625000000007 121.87500000000001 60.062500000000007
decision_type=2 2 2 2 2 2 2 2 2 2 2 2 2 2 2 2 2 2 2 2 2 2 2 2 2 2 2 2 2 2
left_child=2 -2 4 28 5 6 -1 -8 9 11 -11 12 -9 27 15 -10 -17 -18 19 22 -21 -22 23 24 -19 -26 -20 -13 -4 -27
right_child=1 -3 3 -5 -6 -7 7 8 14 10 -12 13 -14 -15 -16 16 17 18 26 20 21 -23 -24 -25 25 29 -28 -29 -30 -31
leaf_value=0.077273214301642246 -0.042402065545320514 0.525829025145088 0.075130503802072438 -0.75139729865826677 0.37800496546995072 -0.14228269241072916 -0.14143415719270708 0.022952424895872053 -0.087198848593415645 0.40782716068483538 -0.027126513188704848 0.047111897509206427 -0.13914079862205606 0.15322682753205299 -0.094668688522330652 0.091545153002847324 -0.10346450326456265 0.093321868536226898 -0.017625392675399781 0.024310349524781415 -0.24046864569187165 -0.041767896769138488 0.13174238519456524 -0.12168460747470028 -0.096733547771169298 0.04090715454721993 0.12757804581806773 -0.049311170888983687 -0.017832810580730437 -0.00077361792127547398
leaf_weight=34 33 21 21 20 21 22 25 24 33 21 32 22 38 20 29 22 22 34 20 49 20 26 26 23 31 55 21 23 20 582
leaf_count=34 33 21 21 20 21 22 25 24 33 21 32 22 38 20 29 22 22 34 20 49 20 26 26 23 31 55 21 23 20 582
internal_value=-6.34941e-10 0.178577 -0.00721792 -0.226342 0.00326566 -0.00300988 -0.000522862 -0.00273076 0.000225404 0.032926 0.145214 -0.0139343 -0.076395 0.0456437 -0.00570219 -0.00302581 -4.22323e-05 -0.00225887 0.000251305 -0.00248667 -0.0495172 -0.12816 0.00346259 -0.00113779 0.00281175 -0.00179505 0.0567471 -0.002171 0.0297825 0.00282519
internal_weight=1390 54 1336 61 1275 1254 1232 1198 1173 180 53 127 62 65 993 964 931 909 887 846 95 46 751 725 702 668 41 45 41 637
internal_count=1390 54 1336 61 1275 1254 1232 1198 1173 180 53 127 62 65 993 964 931 909 887 846 95 46 751 725 702 668 41 45 41 637
is_linear=0
shrinkage=0.1


Tree=121
num_leaves=31
num_cat=0
split_feature=1 1 3 0 2 3 4 0 6 0 4 3 1 3 1 2 3 2 0 1 0 4 4 0 3 5 5 3 3 5
split_gain=230.576 66.2666 60.689 69.9474 201.816 37.1315 18.1706 123.616 116.959 89.2583 44.358 39.0736 63.3081 50.5197 29.2116 187.971 61.1704 18.0531 15.7613 24.5186 24.7818 20.4105 64.8072 12.9879 12.6671 10.7482 14.0332 17.2672 55.8971 45.4202
threshold=396.83333333333343 353.25000000000006 396.83333333333343 270.03125000000006 283.40625000000006 332.84375000000006 181.58333333333334 72.218750000000014 3.5000000000000004 230.25000000000003 195.09791666666669 117.09583333333335 185.25000000000003 196.25000000000003 42.925781250000007 50.039062500000007 97.377976190476204 91.574156746031761 212.25000000000003 207.30729166666669 152.20312500000003 153.75000000000003 129.55000000000004 139.65625000000003 57.152343750000007 18.500000000000004 16.500000000000004 101.06250000000001 129.63333333333335 8.5000000000000018
decision_type=2 2 2 2 2 2 2 2 2 2 2 2 2 2 2 2 2 2 2 2 2 2 2 2 2 2 2 2 2 2
left_child=1 2 3 5 -5 6 9 -8 10 14 -9 -12 13 17 16 -16 24 -13 19 20 23 22 -22 25 -1 26 27 29 -29 -17
right_child=-2 -3 -4 4 -6 -7 7 8 -10 -11 11 12 -14 -15 15 18 -18 -19 -20 -21 21 -23 -24 -25 -26 -27 -28 28 -30 -31
leaf_value=-0.043845002544629912 0.32116727639328352 -0.18585495799779894 -0.16721327094869182 0.31093674989847037 -0.083072001888201796 -0.11074967412278057 0.2106513214763254 -0.1551761099270412 -0.22888024987712985 0.20814330471413478 -0.097404833346831088 0.10495210751891136 0.15163087770342829 -0.151887284999802 0.26993789627001835 -0.0010300048105715126 -0.20463124581036116 -0.005993637691082603 -0.090634169131517409 -0.10505297739397397 -0.00044205984280955404 -0.021691986400148144 0.22707959165175759 -0.06688774205263584 0.049945272753636048 -0.022939709792762289 0.055835229289939392 -0.12234189764185006 0.029850258290005677 0.11104068177286536
leaf_weight=36 22 20 22 26 26 32 20 21 31 21 33 20 30 21 26 377 21 55 20 22 31 23 21 31 24 169 51 43 55 40
leaf_count=36 22 20 22 26 26 32 20 21 31 21 33 20 30 21 26 377 21 55 20 22 31 23 21 31 24 169 51 43 55 40
internal_value=6.65797e-10 -0.00516497 -0.00248411 0.000248953 0.113932 -0.00439119 -0.00165087 -0.0269551 -0.0494771 0.00413081 -0.0185798 -0.000538831 0.0248308 -0.0147942 -0.000196725 0.00493095 -0.0577406 0.0235919 -0.0028722 -0.00083832 0.00188787 0.0567474 0.0914417 -0.00348349 -0.00632889 -0.000809301 0.00579854 0.000843453 -0.0369279 0.00972018
internal_weight=1390 1368 1348 1326 52 1274 1242 231 211 1011 180 159 126 96 990 909 81 75 883 863 841 75 52 766 60 735 566 515 98 417
internal_count=1390 1368 1348 1326 52 1274 1242 231 211 1011 180 159 126 96 990 909 81 75 883 863 841 75 52 766 60 735 566 515 98 417
is_linear=0
shrinkage=0.1


Tree=122
num_leaves=31
num_cat=0
split_feature=0 0 3 3 1 3 1 2 1 4 3 3 3 3 1 1 1 0 4 2 4 1 5 5 4 2 0 3 1 4
split_gain=193.371 56.2916 308.007 48.6333 42.3028 41.5576 18.4733 40.986 23.8699 137.594 18.9597 27.8519 18.6605 33.244 19.8855 29.7369 18.5634 40.2576 26.5755 12.8353 6.95246 34.1727 24.5239 51.2653 13.277 17.7411 29.9686 26.7324 22.9269 21.117
threshold=391.21875000000006 273.20312500000006 199.25000000000003 368.00000000000006 341.78125000000006 332.84375000000006 32.367187500000007 38.000000000000007 44.593750000000007 97.423809523809538 283.40625000000006 234.43750000000003 213.75000000000003 200.55000000000004 231.75000000000003 218.75000000000003 199.25000000000003 185.25000000000003 150.70000000000002 51.031250000000007 79.731250000000003 59.28768382352942 8.5000000000000018 10.500000000000002 73.279166666666683 65.765625000000014 66.516666666666694 60.062500000000007 70.140625000000014 54.312500000000007
decision_type=2 2 2 2 2 2 2 2 2 2 2 2 2 2 2 2 2 2 2 2 2 2 2 2 2 2 2 2 2 2
left_child=1 3 4 5 -3 6 -1 -8 9 -9 11 12 13 14 15 16 17 19 -18 -10 22 -22 24 -24 25 -21 28 -28 29 -27
right_child=-2 2 -4 -5 -6 -7 7 8 10 -11 -12 -13 -14 -15 -16 -17 18 -19 -20 20 21 -23 23 -25 -26 26 27 -29 -30 -31
leaf_value=0.071763936824658342 0.27015263759172881 -0.043454869747161867 -0.41258163480531601 0.12989885274853027 0.14446428275626641 -0.13958286741240458 -0.12968672978878024 0.21436189464958655 -0.078499452634291214 -0.1198284041475166 0.082841908037662504 -0.095712537205580511 0.068336265699730989 -0.11881676888465882 -0.07728018085746205 0.12119714930653572 0.012817355617880822 0.11109292550827377 -0.15020264118909837 0.041608131252827925 -0.10867187585681677 -0.00195066244830329 0.19215110240592845 -0.026285388591614639 0.050777076337147842 -0.11333491894537989 0.080590902686723184 -0.020218722849756808 -0.15556149753233928 0.0069171564513817426
leaf_weight=34 26 25 21 28 23 22 25 28 22 22 25 33 36 25 34 20 20 32 20 56 32 481 21 22 44 23 37 91 22 40
leaf_count=34 26 25 21 28 23 22 25 28 22 22 25 33 36 25 34 20 20 32 20 56 32 481 21 22 44 23 37 91 22 40
internal_value=-6.41323e-10 -0.00514954 -0.0931581 -0.000460279 0.0465897 -0.00334114 -0.00093366 -0.00297472 -0.00030372 0.0673182 -0.00328004 -0.00521797 -0.00244773 -0.00489324 -0.00209276 0.000507818 -0.00199871 0.000891601 -0.0686926 -0.00306625 -0.00115654 -0.00860774 0.00958071 0.0803929 -0.000147487 -0.00847716 -0.0216451 0.00892156 -0.0676749 -0.0369844
internal_weight=1390 1364 69 1295 48 1267 1245 1211 1186 50 1136 1111 1078 1042 1017 983 963 923 40 891 869 513 356 43 313 269 213 128 85 63
internal_count=1390 1364 69 1295 48 1267 1245 1211 1186 50 1136 1111 1078 1042 1017 983 963 923 40 891 869 513 356 43 313 269 213 128 85 63
is_linear=0
shrinkage=0.1


Tree=123
num_leaves=31
num_cat=0
split_feature=3 2 0 5 3 4 0 3 3 0 3 0 0 1 1 4 1 1 6 2 1 0 6 3 0 2 3 5 2 0
split_gain=179.868 1463.74 1089.41 64.7252 130.563 109.564 135.749 34.1229 54.594 159.856 104.396 111.357 32.3554 28.643 42.9274 89.1486 39.7157 22.5475 21.9768 18.6308 121.985 40.7821 26.3797 10.4716 32.5115 24.7534 27.5303 18.948 34.2643 17.2716
threshold=212.25000000000003 257.26562500000006 382.67187500000006 13.500000000000002 363.46875000000006 157.41666666666671 172.83333333333334 199.25000000000003 173.87500000000003 205.37500000000003 159.56250000000003 162.00000000000003 156.50000000000003 336.68750000000006 231.75000000000003 96.125000000000014 213.75000000000003 96.614583333333357 1.5000000000000002 47.093750000000007 45.980468750000007 66.129166666666677 1.5000000000000002 115.60000000000001 150.70000000000002 84.375000000000014 147.31250000000003 16.500000000000004 167.68750000000003 134.5588235294118
decision_type=2 2 2 2 2 2 2 2 2 2 2 2 2 2 2 2 2 2 2 2 2 2 2 2 2 2 2 2 2 2
left_child=2 3 7 5 12 -2 -7 8 10 17 13 -12 -5 14 16 -16 19 -10 -19 21 -21 22 -1 24 29 -25 27 28 -27 -22
right_child=1 -3 -4 4 -6 6 -8 -9 9 -11 11 -13 -14 -15 15 -17 -18 18 -20 20 23 -23 -24 25 -26 26 -28 -29 -30 -31
leaf_value=0.081120021965192718 -0.12960077233612538 0.89986703693866732 -0.74571279272437097 -0.034357309933337903 -0.25246896672134217 -0.0095748219490051287 0.33101812330159275 -0.098783647418022161 0.076435098116812497 0.31064743108370085 0.014410167069928276 -0.30090919040764375 0.11850801508873701 0.12035472691059113 0.036009224245081781 -0.25266795650124552 0.13667827749794179 0.02629957661032677 -0.12194619029760362 0.24917924888432028 0.003105978758210805 -0.16497977567570551 -0.054568749234864593 -0.11109234668590405 0.11018404082528183 0.0014171162930627665 0.084033582607905069 0.0072566443472169345 -0.17580846190452576 -0.089075625155653274
leaf_weight=23 20 20 20 45 26 25 22 35 23 22 21 24 20 20 23 20 22 20 20 20 633 21 38 27 28 24 27 60 20 21
leaf_count=23 20 20 20 45 26 25 22 35 23 22 21 24 20 20 23 20 22 20 20 20 633 21 38 27 28 24 27 60 20 21
internal_value=8.15368e-11 0.0938665 -0.0137857 -0.00815885 -0.0630782 0.066433 0.149852 -0.00150502 0.00143772 0.0785802 -0.00467899 -0.15376 0.0126782 0.00185329 -0.000500262 -0.0982592 0.00386036 -0.00245913 -0.0478233 0.000758451 0.00510103 -0.0447857 -0.00340741 -0.000710353 0.00466371 -0.0239073 -0.00593781 -0.0292958 -0.07914 0.000146019
internal_weight=1390 178 1212 158 91 67 47 1192 1157 85 1072 45 65 1027 1007 43 964 63 40 942 860 82 61 840 682 158 131 104 44 654
internal_count=1390 178 1212 158 91 67 47 1192 1157 85 1072 45 65 1027 1007 43 964 63 40 942 860 82 61 840 682 158 131 104 44 654
is_linear=0
shrinkage=0.1


Tree=124
num_leaves=31
num_cat=0
split_feature=0 2 5 0 0 2 3 2 3 2 2 0 1 4 0 6 4 0 5 1 6 3 2 1 2 3 4 3 1 6
split_gain=183.86 86.8418 249.315 64.5134 74.2916 109.444 57.5772 31.3867 29.3262 21.0224 58.2064 60.8555 59.9958 51.7753 18.319 36.8717 21.0176 12.6886 12.1108 9.27882 48.4649 37.5435 22.9811 19.3485 22.3641 49.5919 22.5736 9.41975 12.0882 11.7857
threshold=368.00000000000006 242.41666666666666 16.500000000000004 263.68333333333339 212.25000000000003 148.58333333333334 353.25000000000006 336.68750000000006 296.31250000000006 35.645833333333336 49.033333333333339 66.129166666666677 47.093750000000007 91.996093750000014 180.80208333333337 3.5000000000000004 347.46666666666675 195.09791666666669 10.500000000000002 58.015625000000007 4.5000000000000009 68.416666666666686 58.67460317460317 61.093750000000007 71.162500000000009 66.062500000000014 49.745833333333337 60.062500000000007 91.574156746031761 4.5000000000000009
decision_type=2 2 2 2 2 2 2 2 2 2 2 2 2 2 2 2 2 2 2 2 2 2 2 2 2 2 2 2 2 2
left_child=1 3 -3 4 6 -6 8 -4 9 18 11 13 -12 -11 16 17 19 -16 -1 20 21 -14 -21 -24 25 -25 -26 28 -28 -29
right_child=-2 2 7 -5 5 -7 -8 -9 -10 10 12 -13 14 -15 15 -17 -18 -19 -20 22 -22 -23 23 24 26 -27 27 29 -30 -31
leaf_value=0.017970918189911617 0.22968193989466218 -0.31954999266149986 -0.043913507077001757 0.17484069267908733 0.032234743663242887 -0.28692514408718456 0.156051725273331 0.10356341037485335 -0.094828937652346221 -0.11193822449253453 0.16928055198355155 -0.2202783284627873 0.042546640221889205 0.083701184880919766 0.047585301684296651 -0.052800875772600592 -0.083732623184720689 0.15050389087200167 0.1253678171407609 -0.10268336717378011 0.1565537713063152 -0.1259713088721037 -0.079262377591482525 -0.042390555143356323 -0.084751257264325697 0.13204355828272993 0.0048383088239158196 0.0051767092156088327 0.10189162361479941 -0.032029590467173678
leaf_weight=21 34 33 31 21 21 22 24 27 32 31 22 23 39 24 23 23 30 25 21 22 23 20 29 28 31 39 33 515 21 102
leaf_count=21 34 33 31 21 21 22 24 27 32 31 22 23 39 24 23 23 30 25 21 22 23 20 29 28 31 39 33 515 21 102
internal_value=-7.34505e-11 -0.00575899 -0.100113 0.00102851 -0.00190561 -0.131056 0.00271843 0.0247395 -0.000408158 0.00223068 -0.000413408 -0.0836879 0.00592358 -0.0265683 0.00234048 0.0513048 -0.00138964 0.101189 0.0716694 0.00134904 0.0334223 -0.0145781 -0.00185828 0.000921354 0.00394519 0.0591457 -0.00132324 0.00253111 0.0425813 -0.000974089
internal_weight=1390 1356 91 1265 1244 43 1201 58 1177 1145 1103 78 1025 55 1003 71 932 48 42 902 82 59 820 798 769 67 702 671 54 617
internal_count=1390 1356 91 1265 1244 43 1201 58 1177 1145 1103 78 1025 55 1003 71 932 48 42 902 82 59 820 798 769 67 702 671 54 617
is_linear=0
shrinkage=0.1


Tree=125
num_leaves=31
num_cat=0
split_feature=3 3 2 0 1 0 6 0 1 3 2 0 0 4 0 4 0 4 2 2 3 1 1 4 4 2 3 3 1 3
split_gain=155.497 357.697 298.013 730.488 248.461 46.1915 14.7182 63.2364 48.6364 141.69 50.7555 45.582 39.72 32.4223 40.4898 24.4352 25.2359 55.541 20.5537 32.2035 20.5503 19.2487 41.3635 17.3117 39.765 14.3092 13.9106 23.0261 26.3914 23.3076
threshold=323.00000000000006 363.46875000000006 323.00000000000006 382.67187500000006 283.40625000000006 253.25000000000003 2.5000000000000004 213.75000000000003 44.593750000000007 108.95208333333336 50.039062500000007 213.75000000000003 185.25000000000003 175.21875000000003 185.25000000000003 382.67187500000006 41.203125000000007 52.300000000000011 58.67460317460317 49.033333333333339 181.58333333333334 60.415873015873025 66.516666666666694 114.67187500000001 133.98437500000003 195.09791666666669 199.25000000000003 145.46875000000003 117.09583333333335 125.06666666666668
decision_type=2 2 2 2 2 2 2 2 2 2 2 2 2 2 2 2 2 2 2 2 2 2 2 2 2 2 2 2 2 2
left_child=2 -2 4 -4 5 6 11 8 9 -8 -10 12 15 14 23 16 -1 -18 19 -19 -15 -20 -23 25 -25 -12 27 29 -29 -24
right_child=1 -3 3 -5 -6 -7 7 -9 10 -11 13 -13 -14 20 -16 -17 17 18 21 -21 -22 22 26 24 -26 -27 -28 28 -30 -31
leaf_value=-0.08715279247309711 0.45703220199793582 -0.036091784819176319 0.018571893180288922 -0.7185929793119431 0.34427401551178527 -0.14619707248427652 -0.034737554937601091 0.14736421217676252 -0.15784618936124303 0.30456046253442765 -0.0045060585556930535 -0.15629212288629443 0.11697286605834961 0.017587476709614632 -0.14605575628578663 -0.11772809621124042 0.13267361254527651 0.008024099017851628 0.090739930598508753 -0.15093312366306783 0.1544114188069389 -0.14397568759464083 -0.0065965225151441518 0.12281776425593041 -0.026991735821640168 -0.091227374970912933 0.069483125540945267 6.1656348407268524e-05 -0.15344324393109199 0.075139777464564989
leaf_weight=37 24 38 41 20 21 22 32 32 21 20 391 21 25 23 20 21 29 26 21 25 21 21 234 34 37 20 27 24 21 41
leaf_count=37 24 38 41 20 21 22 32 32 21 20 391 21 25 23 20 21 29 26 21 25 21 21 234 34 37 20 27 24 21 41
internal_value=5.75242e-10 0.154795 -0.00722687 -0.223122 0.00316743 -0.00258156 -2.37737e-07 0.0102876 0.00320124 0.0957617 -0.00528755 -0.0116885 -0.00618728 0.000580092 -0.00663431 -0.0120298 -0.0076431 -0.00137048 -0.0102052 -0.0698961 0.0828898 -0.00237941 -0.00769328 -0.000849184 0.044748 -0.00872607 0.000554353 -0.00526151 -0.071574 0.00558962
internal_weight=1390 62 1328 61 1267 1246 1224 651 619 52 567 573 552 546 502 527 506 469 440 51 44 389 368 482 71 411 347 320 45 275
internal_count=1390 62 1328 61 1267 1246 1224 651 619 52 567 573 552 546 502 527 506 469 440 51 44 389 368 482 71 411 347 320 45 275
is_linear=0
shrinkage=0.1


Tree=126
num_leaves=31
num_cat=0
split_feature=0 3 1 3 2 0 1 0 1 2 3 4 5 4 6 2 1 1 0 0 4 2 0 3 3 4 3 0 3 3
split_gain=201.291 69.8484 263.137 42.1616 57.2094 43.8132 38.1115 25.9532 103.432 38.8751 28.6865 38.6534 43.3875 32.5274 29.6034 23.1741 73.9006 96.0067 71.8198 30.2167 22.2355 17.7044 26.8151 36.2115 34.6996 11.7151 11.3244 15.0623 7.3761 21.6799
threshold=391.21875000000006 218.75000000000003 216.08333333333334 368.00000000000006 112.83333333333334 147.31250000000003 90.265625000000014 54.046875000000007 47.093750000000007 48.031250000000007 84.763764880952394 44.775000000000006 7.5000000000000009 84.880952380952394 3.5000000000000004 336.68750000000006 273.20312500000006 238.30000000000004 216.08333333333334 203.18020833333335 46.906250000000007 216.08333333333334 167.68750000000003 150.70000000000002 185.25000000000003 112.73333333333336 153.75000000000003 128.43750000000003 115.60000000000001 110.26041666666667
decision_type=2 2 2 2 2 2 2 2 2 2 2 2 2 2 2 2 2 2 2 2 2 2 2 2 2 2 2 2 2 2
left_child=1 7 3 4 6 25 -3 10 -9 -10 11 14 -13 -14 -1 16 17 18 19 20 -11 22 26 -24 -25 -6 28 -28 29 -22
right_child=-2 2 -4 -5 5 -7 -8 8 9 15 -12 12 13 -15 -16 -17 -18 -19 -20 -21 21 -23 23 24 -26 -27 27 -29 -30 -31
leaf_value=-0.025713596553415864 0.27562930606878722 -0.034374439039013605 -0.3728616892670592 0.10413213759660721 0.013999591721221805 0.14347206201404333 -0.22051103900779379 0.23396866731345656 0.13898966085343134 0.087178325011128821 -0.12595124054434045 -0.049207237553902161 0.18578887510867348 0.015370690636336804 -0.17671902924776078 0.079169833982313004 -0.17475204144914946 0.19243348834033197 -0.16012520454990278 0.11566622794970223 -0.0051229514952022652 0.076232555894939991 0.040482811629772186 -0.2179127945005894 -0.033865471680959068 -0.091748097836971299 0.001066290206896762 0.092345360435288529 -0.027741945823023129 0.079691455070860687
leaf_weight=37 26 22 24 25 22 20 22 20 21 28 28 39 21 24 20 37 24 26 28 23 518 27 20 20 21 20 48 29 118 32
leaf_count=37 26 22 24 25 22 20 22 20 21 28 28 39 21 24 20 37 24 26 28 23 518 27 20 20 21 20 48 29 118 32
internal_value=-5.43919e-10 -0.00525393 -0.0684541 -0.0126848 -0.0402359 0.0216527 -0.127443 0.00284866 0.00875487 0.00433891 -0.0334973 -0.0151376 0.0279926 0.0948992 -0.078698 0.00150841 -0.00147856 0.00295487 -0.00244693 0.00254741 -0.000474352 -0.00342066 -0.00608894 -0.0698324 -0.123645 -0.0363565 -0.000869684 0.0354441 -0.00505556 -0.000188295
internal_weight=1390 1364 155 131 106 62 44 1209 1040 1020 169 141 84 45 57 999 962 938 912 884 861 833 806 61 41 42 745 77 668 550
internal_count=1390 1364 155 131 106 62 44 1209 1040 1020 169 141 84 45 57 999 962 938 912 884 861 833 806 61 41 42 745 77 668 550
is_linear=0
shrinkage=0.1


Tree=127
num_leaves=31
num_cat=0
split_feature=1 1 1 2 0 0 0 1 3 3 1 4 0 1 3 1 1 2 2 1 0 0 4 2 2 0 0 0 0 2
split_gain=172.665 73.3916 57.6012 97.2834 207.408 105.852 48.5065 79.7394 40.3359 36.4462 15.7413 76.9051 22.7936 14.337 186.38 43.6221 30.7893 14.9529 33.1924 10.6317 17.9717 13.6259 17.1396 14.2321 22.7829 10.1998 7.57648 9.37527 10.5462 9.72531
threshold=396.83333333333343 341.78125000000006 309.04687500000006 242.41666666666666 248.14062500000003 263.68333333333339 212.25000000000003 201.30000000000004 353.25000000000006 296.31250000000006 190.33333333333334 167.68750000000003 188.75000000000003 44.593750000000007 110.92708333333336 47.093750000000007 38.000000000000007 52.984375000000007 56.031250000000007 53.291666666666679 51.031250000000007 54.046875000000007 46.906250000000007 61.734375000000007 65.077450980392172 29.921875000000004 171.30000000000004 155.23333333333338 143.59375000000003 166.75000000000003
decision_type=2 2 2 2 2 2 2 2 2 2 2 2 2 2 2 2 2 2 2 2 2 2 2 2 2 2 2 2 2 2
left_child=1 2 3 5 -5 6 8 -8 9 10 12 -12 13 14 16 -15 25 -17 -19 -20 -21 -22 -23 -24 -25 -1 27 28 29 -26
right_child=-2 -3 -4 4 -6 -7 7 -9 -10 -11 11 -13 -14 15 -16 17 -18 18 19 20 21 22 23 24 26 -27 -28 -29 -30 -31
leaf_value=-0.038812864536330816 0.27792453928427263 -0.16470315892781531 0.16731474518775941 0.015190364025971471 -0.39065020382404331 0.21936915010340852 0.033110847075780235 -0.23931594179435212 0.13016295519967874 -0.10605309244710953 -0.036918615273066932 0.2051440532718386 -0.10628055229783058 -0.14469240510037967 0.27924670480812591 -0.061314866168273467 -0.12490995334727424 0.11275796890258789 -0.070095745981892651 0.087242938019335275 -0.078179927847602151 0.078460497342582258 0.074691426195204261 -0.10884206734597685 0.00020181364387297708 0.059747398183459338 0.052339718920680192 -0.053866646844236289 0.056924244569193927 -0.052567168486279417
leaf_weight=21 22 28 20 34 20 22 21 22 24 32 35 21 20 21 24 37 28 27 21 24 22 28 24 20 623 21 26 34 31 37
leaf_count=21 22 28 20 34 20 22 21 22 24 32 35 21 20 21 24 37 28 27 21 24 22 28 24 20 623 21 26 34 31 37
internal_value=5.15376e-10 -0.00446955 -0.00112138 -0.00367344 -0.135121 0.00193332 -0.00191201 -0.10627 0.00182439 -0.000792543 0.00214924 0.0538549 -0.00050964 0.00146924 0.0387667 -0.00212662 -0.0436836 0.00101162 0.00352643 0.000212664 0.00191172 -0.000511892 0.00156429 -0.00114401 -0.00350464 0.0104673 -0.000699384 -0.00260148 -7.90213e-05 -0.00275645
internal_weight=1390 1368 1340 1320 54 1266 1244 43 1201 1177 1145 56 1089 1069 94 975 70 954 917 890 869 845 823 795 771 42 751 725 691 660
internal_count=1390 1368 1340 1320 54 1266 1244 43 1201 1177 1145 56 1089 1069 94 975 70 954 917 890 869 845 823 795 771 42 751 725 691 660
is_linear=0
shrinkage=0.1


Tree=128
num_leaves=31
num_cat=0
split_feature=0 0 3 1 4 1 3 3 4 6 0 4 5 0 1 4 1 1 1 1 5 0 4 0 5 3 2 1 2 3
split_gain=145.206 64.8034 236.404 41.7987 36.881 65.0046 170.957 76.642 44.5392 32.9883 64.7367 28.1825 43.8734 122.941 28.0861 26.0187 16.5007 87.1008 16.7801 23.7856 27.0989 23.1995 18.0733 35.396 25.7762 15.5284 19.1147 32.1726 24.6576 87.4829
threshold=382.67187500000006 273.20312500000006 199.25000000000003 257.26562500000006 336.68750000000006 199.25000000000003 157.75000000000003 125.06666666666668 396.83333333333343 5.5000000000000009 207.30729166666669 79.731250000000003 15.500000000000002 72.218750000000014 341.78125000000006 59.347058823529423 36.140625000000007 44.593750000000007 146.19669117647064 156.50000000000003 16.500000000000004 167.68750000000003 214.70833333333334 134.5588235294118 17.500000000000004 38.000000000000007 65.077450980392172 58.015625000000007 71.785156250000014 66.062500000000014
decision_type=2 2 2 2 2 2 2 2 2 2 2 2 2 2 2 2 2 2 2 2 2 2 2 2 2 2 2 2 2 2
left_child=1 3 14 4 5 9 7 -7 -6 10 16 15 13 -13 -3 -11 -1 -18 21 -20 -21 22 23 25 -24 -19 27 -27 29 -28
right_child=-2 2 -4 -5 8 6 -8 -9 -10 11 -12 12 -14 -15 -16 -17 17 18 19 20 -22 -23 24 -25 -26 26 28 -29 -30 -31
leaf_value=-0.060382685731900365 0.21761709988117217 -0.045756360352039338 -0.38829685494303706 0.13369608469631361 0.16238581332667124 -0.085429953520788873 -0.27773764710272514 0.14521823202073575 -0.026302964037114924 -0.075912116197022539 0.185984767973423 0.036553909753759703 -0.0058700687541925122 -0.26491537238321 0.11323259770870209 0.057794790463738671 0.16634671085260133 0.076707151830196385 0.12374565958976746 -0.026813409836203967 0.10485288485546003 -0.10099647684643667 -0.13128851381503046 0.13126302467925208 0.0033273349318540461 -0.0038510598890159442 -0.039329245950405795 -0.12270058036288795 -0.0038828040355761238 0.19879226793569549
leaf_weight=38 30 25 20 23 29 34 31 25 22 22 20 24 53 31 20 43 33 25 25 54 22 24 25 21 33 69 36 34 472 27
leaf_count=38 30 25 20 23 29 34 31 25 22 22 20 24 53 31 20 43 33 25 25 54 22 24 25 21 33 69 36 34 472 27
internal_value=-5.4536e-10 -0.00480038 -0.102234 9.01007e-05 -0.00232573 -0.00580578 -0.0876003 0.0123023 0.0809907 0.000703074 0.00796061 -0.0394861 -0.0707981 -0.133365 0.0249054 0.0125401 0.00416478 0.00689012 0.000820841 0.0391335 0.0113005 -0.00423082 -0.00110094 0.00344373 -0.0546967 -0.00060484 -0.00363431 -0.0430829 0.00396048 0.0627228
internal_weight=1390 1360 65 1295 1272 1221 90 59 51 1131 958 173 108 55 45 65 938 900 867 101 76 766 742 684 58 663 638 103 535 63
internal_count=1390 1360 65 1295 1272 1221 90 59 51 1131 958 173 108 55 45 65 938 900 867 101 76 766 742 684 58 663 638 103 535 63
is_linear=0
shrinkage=0.1


Tree=129
num_leaves=31
num_cat=0
split_feature=3 0 0 2 4 5 1 2 4 3 5 1 1 3 0 6 0 6 4 0 1 0 0 1 2 4 5 2 0 2
split_gain=158.898 1058.1 891.893 33.0914 30.2492 31.8419 27.4068 47.1832 170.847 33.27 18.0827 45.0796 129.22 108.568 61.906 16.0038 15.575 21.4631 19.553 17.0449 13.1065 9.63564 7.21362 31.9543 11.8348 11.1463 37.616 37.1657 23.4956 21.8458
threshold=241.12500000000003 391.21875000000006 257.26562500000006 56.031250000000007 118.56250000000001 15.500000000000002 42.925781250000007 51.031250000000007 155.15000000000003 97.377976190476204 22.500000000000004 238.30000000000004 275.25000000000006 133.59375000000003 216.08333333333334 3.5000000000000004 180.80208333333337 1.5000000000000002 180.58333333333337 170.25000000000003 38.000000000000007 29.921875000000004 114.18750000000001 122.06250000000001 109.51562500000001 77.375000000000014 8.5000000000000018 62.41875000000001 71.906250000000014 78.90317460317462
decision_type=2 2 2 2 2 2 2 2 2 2 2 2 2 2 2 2 2 2 2 2 2 2 2 2 2 2 2 2 2 2
left_child=1 6 3 -2 -5 -6 9 8 -8 20 11 14 -13 -14 16 -12 19 -18 -19 22 21 -1 24 -24 25 26 28 -27 29 -9
right_child=2 -3 -4 4 5 -7 7 10 -10 -11 15 12 13 -15 -16 -17 17 18 -20 -21 -22 -23 23 -25 -26 27 -28 -29 -30 -31
leaf_value=-0.031831390659014386 0.10459105088597252 -0.73229649782180795 0.71958227485418325 0.047717855572861075 -0.1511735001514698 -0.0016673047893813681 0.28967203895250954 0.00055332566336007186 -0.091729990101378903 -0.16327289867968786 -0.01056779058999382 0.25915558864004334 0.10581432797891253 -0.17197722631196183 -0.1463570165351547 -0.12136339092288505 0.13110269535155525 -0.039221210079267627 0.077529389927020451 -0.077274469568811621 -0.080198899453336553 0.065154282003641137 0.11653502628739393 0.00062701942729233187 -0.031377185927343003 -0.10849309691361018 0.13318834346532823 0.0028108734440147171 0.049769732683802713 -0.09210449678282584
leaf_weight=21 21 20 20 29 29 28 24 142 23 21 32 26 34 24 29 22 21 32 26 29 22 20 28 158 129 35 25 210 79 31
leaf_count=21 21 20 20 29 29 28 24 142 23 21 32 26 34 24 29 22 21 32 26 29 22 20 28 158 129 35 25 210 79 31
internal_value=3.8263e-10 -0.0107214 0.106623 -0.00794847 -0.035429 -0.0777319 0.000888794 0.00488633 0.103028 -0.0542676 0.00073823 0.00361916 0.0739081 -0.0091339 -0.00244271 -0.0557067 0.0019737 0.044479 0.0131153 -0.0019038 -0.0179325 0.0154787 0.000707608 0.0180755 -0.00425466 0.00244804 0.0161908 -0.0130897 0.0045839 -0.0160501
internal_weight=1390 1263 127 107 86 57 1243 1159 47 84 1112 1058 84 58 974 54 945 79 58 866 63 41 837 186 651 522 277 245 252 173
internal_count=1390 1263 127 107 86 57 1243 1159 47 84 1112 1058 84 58 974 54 945 79 58 866 63 41 837 186 651 522 277 245 252 173
is_linear=0
shrinkage=0.1


Tree=130
num_leaves=31
num_cat=0
split_feature=0 3 0 2 2 3 0 3 0 0 1 4 1 1 2 0 0 1 0 1 4 4 4 3 6 2 4 3 0 2
split_gain=165.535 57.8138 240.088 32.7342 74.5994 29.1164 92.7351 74.2325 80.8291 80.6051 57.8847 82.9883 55.5522 44.3604 39.4176 40.8975 26.9486 16.411 15.6477 116.13 23.9863 35.8383 29.5273 27.0272 26.8722 17.261 14.4034 9.539 33.2632 30.6275
threshold=391.21875000000006 218.75000000000003 250.34375000000003 51.953125000000007 111.65625000000001 173.87500000000003 209.25000000000003 157.75000000000003 323.00000000000006 162.00000000000003 231.75000000000003 97.109375000000014 213.75000000000003 167.68750000000003 78.90317460317462 116.41666666666667 171.30000000000004 145.46875000000003 54.046875000000007 51.953125000000007 91.355406746031761 72.38333333333334 53.683333333333337 43.677083333333343 2.5000000000000004 49.033333333333339 46.906250000000007 115.60000000000001 150.70000000000002 64.86875000000002
decision_type=2 2 2 2 2 2 2 2 2 2 2 2 2 2 2 2 2 2 2 2 2 2 2 2 2 2 2 2 2 2
left_child=1 5 3 -3 -5 7 13 8 10 -9 12 -12 18 14 -7 -16 17 -6 20 -20 21 22 23 25 -22 -1 -21 28 -28 -29
right_child=-2 2 -4 4 16 6 -8 9 -10 -11 11 -13 -14 -15 15 -17 -18 -19 19 26 24 -23 -24 -25 -26 -27 27 29 -30 -31
leaf_value=0.062550370324225654 0.24995293537011515 0.1037181854248047 -0.38561141928657894 -0.17359229390477313 0.017785360477864744 -0.048282802455565516 0.18382117054619207 0.0050975435450673102 0.20197527274489402 -0.24883956533670426 0.0095675441622734073 -0.26372626036405566 0.16500489108619237 -0.12883219776505775 0.00051919138905676934 0.19562113242489954 0.088356147774805632 -0.09160532083672783 0.24430951360613107 0.070551828241774014 0.11756520697048732 -0.17225136226043106 0.083091882020235069 -0.12418751018121839 -0.044399032965302468 -0.056493967257697009 -0.0019883882691997482 -0.13989280944690108 0.10979569897587811 -0.0075403990733216133
leaf_weight=21 26 20 20 29 32 34 36 25 20 25 25 20 21 22 22 21 30 24 20 28 21 20 20 32 20 29 540 20 28 139
leaf_count=21 26 20 20 29 32 34 36 25 20 25 25 20 21 22 22 21 30 24 20 28 21 20 20 32 20 29 540 20 28 139
internal_value=6.88107e-11 -0.0047645 -0.0622629 -0.0143594 -0.0348947 0.00260709 0.0463786 -0.0028949 0.00291448 -0.121871 -0.00105088 -0.111896 0.00415042 -0.00360058 0.0321799 0.0958015 0.0118754 -0.0290964 0.000549202 0.00647254 -0.0276139 -0.0498521 -0.0258523 -0.052424 0.0385583 -0.00649535 0.000172224 -0.00253841 0.00352209 -0.0241885
internal_weight=1390 1364 155 135 115 1209 135 1074 1024 50 1004 45 959 99 77 43 86 56 938 775 163 122 102 82 41 50 755 727 568 159
internal_count=1390 1364 155 135 115 1209 135 1074 1024 50 1004 45 959 99 77 43 86 56 938 775 163 122 102 82 41 50 755 727 568 159
is_linear=0
shrinkage=0.1


Tree=131
num_leaves=31
num_cat=0
split_feature=3 0 2 2 1 1 3 1 1 1 1 2 1 6 2 4 0 1 4 2 3 1 6 2 2 1 4 0 0 2
split_gain=146.222 1758.49 986.079 102.175 168.884 65.8741 79.3354 42.7791 36.306 45.6745 23.2003 54.8716 29.1396 22.3009 20.4196 28.6054 17.4224 18.905 15.9822 9.79195 47.4672 21.5311 16.7423 16.1737 23.2005 26.6781 13.6612 11.5547 38.0329 7.04541
threshold=204.25000000000003 296.31250000000006 382.67187500000006 323.00000000000006 270.03125000000006 199.25000000000003 368.00000000000006 230.25000000000003 212.25000000000003 203.18020833333335 42.925781250000007 50.039062500000007 40.265625000000007 3.5000000000000004 104.78125000000001 195.09791666666669 159.56250000000003 143.59375000000003 84.880952380952394 61.734375000000007 81.687500000000014 59.28768382352942 3.5000000000000004 65.765625000000014 70.418750000000017 67.77500000000002 49.745833333333337 196.25000000000003 171.30000000000004 195.09791666666669
decision_type=2 2 2 2 2 2 2 2 2 2 2 2 2 2 2 2 2 2 2 2 2 2 2 2 2 2 2 2 2 2
left_child=2 5 3 4 7 6 14 8 9 10 12 -12 13 18 15 -2 17 -16 -1 20 22 -21 -13 -23 -25 -26 -27 28 29 -28
right_child=1 -3 -4 -5 -6 -7 -8 -9 -10 -11 11 19 -14 -15 16 -17 -18 -19 -20 21 -22 23 -24 24 25 26 27 -29 -30 -31
leaf_value=0.089145592564628243 -0.15067584743866555 0.92252366163513888 -0.66167944008889412 -0.18265298505624136 0.27868730432607908 -0.1632719257139954 0.1816003492545514 -0.12096273857971718 0.11248921983200928 -0.15060842633247376 0.12747758399281237 0.014421516615483496 -0.15391321234405042 -0.096588440103964376 0.017224752246157118 0.002422825862532077 0.084042195901274694 -0.10288964802399279 -0.035761062800884251 -0.082281264360062778 0.11846897421698821 0.085928831791335897 -0.09969153909943998 -0.069111265024130661 0.095718655983606973 -0.071714834525034979 0.0015220552325823482 -0.070832856425217222 0.1144919992859165 -0.049818326319967
leaf_weight=21 26 22 23 30 22 29 21 29 29 20 36 36 20 22 38 23 20 20 20 32 38 22 20 47 30 26 589 21 30 28
leaf_count=21 26 22 23 30 22 29 21 29 29 20 36 36 20 22 38 23 20 20 20 32 38 22 20 47 30 26 589 21 30 28
internal_value=-9.12436e-11 0.0793467 -0.0132578 -0.000489178 0.00431303 -0.025455 0.00154967 -0.00109578 0.00210214 -0.00092359 0.00196051 0.00636794 -0.0487515 -0.0153668 -0.0282225 -0.0788132 0.00355887 -0.024194 0.0282155 0.00162371 0.0322039 -0.00186057 -0.0263331 0.00138465 -0.00102777 0.00339202 -0.000599047 0.00216893 0.00453839 -0.000807816
internal_weight=1390 199 1191 1168 1138 177 148 1116 1087 1058 1038 955 83 63 127 49 78 58 41 919 94 825 56 793 771 724 694 668 647 617
internal_count=1390 199 1191 1168 1138 177 148 1116 1087 1058 1038 955 83 63 127 49 78 58 41 919 94 825 56 793 771 724 694 668 647 617
is_linear=0
shrinkage=0.1


Tree=132
num_leaves=31
num_cat=0
split_feature=1 1 3 0 3 3 1 2 3 3 0 1 3 4 2 3 0 1 3 0 3 4 1 4 2 4 4 4 0 6
split_gain=134.449 62.4314 58.311 72.222 283.754 24.0362 13.3574 44.4406 22.6206 35.8737 21.2496 141.217 31.5549 17.6987 14.5587 30.9495 22.6361 18.6409 12.9502 42.386 41.1561 36.0468 36.1103 28.1327 9.30787 9.08986 52.8403 18.4302 17.8917 34.9035
threshold=396.83333333333343 341.78125000000006 396.83333333333343 270.03125000000006 173.87500000000003 332.84375000000006 32.367187500000007 38.000000000000007 283.40625000000006 234.43750000000003 60.415873015873025 58.015625000000007 95.920833333333363 48.406250000000007 61.734375000000007 175.21875000000003 230.25000000000003 68.416666666666686 156.50000000000003 207.30729166666669 150.17187500000003 238.30000000000004 148.58333333333334 97.855468750000014 74.733333333333348 79.204166666666694 59.875000000000007 105.83750000000002 56.031250000000007 3.5000000000000004
decision_type=2 2 2 2 2 2 2 2 2 2 2 2 2 2 2 2 2 2 2 2 2 2 2 2 2 2 2 2 2 2
left_child=1 2 3 5 -5 6 -1 -8 9 10 12 -12 25 -13 15 -15 17 -16 20 21 24 22 23 -20 -19 26 28 -27 29 -9
right_child=-2 -3 -4 4 -6 -7 7 8 -10 -11 11 13 -14 14 16 -17 -18 18 19 -21 -22 -23 -24 -25 -26 27 -28 -29 -30 -31
leaf_value=0.061508666723966599 0.24524648839777169 -0.15172953084111215 -0.16231753663583237 -0.11485567559366641 0.3935656582315763 -0.088083555386401724 -0.13398695170879366 0.041590561422536962 0.094853802423924216 -0.10405658792817232 0.23782293640363675 0.086158565664663914 -0.1439679280633018 -0.029274066608576552 -0.07527463610749692 0.14241098279044742 -0.086248465190874424 0.0636772298861457 0.064090352699647399 0.16495227717794481 -0.14110610967590695 -0.079406674074776029 0.11321122255653909 -0.092464784284432736 -0.0011681774224380761 -0.11272330321371556 0.14031647608657791 0.017255135478917511 -0.11500707602128386 -0.084975361582395201
leaf_weight=34 22 28 22 23 21 32 25 53 25 33 26 24 21 21 32 21 32 23 22 20 21 34 39 24 589 24 22 20 20 37
leaf_count=34 22 28 22 23 21 32 25 53 25 33 26 24 21 21 32 21 32 23 22 20 21 34 39 24 589 24 22 20 20 37
internal_value=7.48015e-10 -0.00394402 -0.000855966 0.00183914 0.1278 -0.00251115 -0.000306388 -0.00204622 0.00074205 -0.00128972 0.00172477 0.00805702 -0.0281043 0.00143406 -0.000881872 0.0565685 -0.00376813 -0.000485333 0.00261474 0.0302539 -0.00345452 0.00761549 0.0424244 -0.0175906 0.00126882 -0.0142797 -0.00115885 -0.0536422 -0.0294539 -0.0104421
internal_weight=1390 1368 1340 1318 44 1274 1242 1208 1183 1158 1125 928 197 902 878 42 836 804 772 139 633 119 85 46 612 176 132 44 110 90
internal_count=1390 1368 1340 1318 44 1274 1242 1208 1183 1158 1125 928 197 902 878 42 836 804 772 139 633 119 85 46 612 176 132 44 110 90
is_linear=0
shrinkage=0.1


Tree=133
num_leaves=31
num_cat=0
split_feature=3 3 2 0 1 0 6 0 1 4 2 1 1 1 4 2 2 4 2 1 2 5 0 3 4 0 4 4 4 3
split_gain=138.713 302.246 243.751 742.742 192.907 56.5301 14.7363 51.1272 36.5063 133.9 39.6089 32.2084 73.0522 29.1115 43.6169 21.0669 30.0918 32.0927 21.6287 23.0315 33.6094 55.1005 31.2751 14.4243 13.436 22.9776 13.0651 40.3226 23.4135 10.8895
threshold=323.00000000000006 363.46875000000006 323.00000000000006 382.67187500000006 283.40625000000006 253.25000000000003 2.5000000000000004 213.75000000000003 44.593750000000007 97.855468750000014 50.039062500000007 209.25000000000003 183.8666666666667 207.30729166666669 180.58333333333337 58.67460317460317 48.031250000000007 91.355406746031761 64.234375000000014 64.86875000000002 80.527777777777786 7.5000000000000009 162.00000000000003 121.87500000000001 314.00000000000006 129.80000000000004 133.98437500000003 115.60000000000001 156.50000000000003 107.51562500000001
decision_type=2 2 2 2 2 2 2 2 2 2 2 2 2 2 2 2 2 2 2 2 2 2 2 2 2 2 2 2 2 2
left_child=2 -2 4 23 5 6 11 8 9 -8 -10 12 15 14 26 16 17 -1 -17 -20 21 -21 24 -4 25 -22 27 29 -28 -12
right_child=1 -3 3 -5 -6 -7 7 -9 10 -11 13 -13 -14 -15 -16 18 -18 -19 19 20 22 -23 -24 -25 -26 -27 28 -29 -30 -31
leaf_value=-0.079625386717142893 0.42402714729929969 -0.029265694869192022 0.099517900603158141 -0.70168833196163183 0.30313760510512761 -0.16136758381670172 0.27944475483326686 0.13391426168382167 -0.13783683844265485 -0.04759532799643855 0.0014644853975189316 0.097415569510597447 -0.19502149048176678 -0.11333707947106589 0.10848396117679585 0.099536835508687166 -0.11350254390475363 0.073174587317875447 -0.090416163797008578 -0.0046696482138941066 -0.0019001412443268352 0.206917624399066 -0.10898502356019513 -0.019144969731569289 -0.054860098919090938 0.097257546527096284 -0.12919485324195454 0.11168778273276986 0.02198726169764996 -0.046700957812437854
leaf_weight=27 24 38 21 20 21 22 21 32 21 31 359 26 22 21 39 21 43 28 29 32 231 20 29 20 39 26 21 32 20 54
leaf_count=27 24 38 21 20 21 22 21 32 21 31 359 26 22 21 39 21 43 28 29 32 231 20 29 20 39 26 21 32 20 54
internal_value=1.8183e-10 0.146203 -0.00682572 -0.202079 0.00257477 -0.00249089 0.000364732 0.0106589 0.00428702 0.0844786 -0.0030674 -0.0113307 -0.0164996 0.00211604 0.00673416 -0.00901871 -0.0508327 -0.00183631 0.000577945 -0.00454062 0.00206519 0.0767101 -0.00987799 0.0416336 -0.000168177 0.00813138 -0.00143094 0.00354586 -0.0554475 -0.00483318
internal_weight=1390 62 1328 61 1267 1246 1224 651 619 52 567 573 547 546 525 525 98 55 427 406 377 52 325 41 296 257 486 445 41 413
internal_count=1390 62 1328 61 1267 1246 1224 651 619 52 567 573 547 546 525 525 98 55 427 406 377 52 325 41 296 257 486 445 41 413
is_linear=0
shrinkage=0.1


Tree=134
num_leaves=31
num_cat=0
split_feature=1 2 4 5 3 2 1 0 2 1 0 2 4 3 3 0 6 0 4 2 1 1 0 2 0 4 3 5 1 5
split_gain=155.419 54.0499 228.167 127.728 99.0199 60.0083 61.3558 36.4998 29.62 35.748 77.4532 32.7 157.507 24.074 17.6366 19.7556 16.0713 12.9048 15.077 9.09619 8.20004 17.0939 11.2501 6.37304 15.8568 25.8061 21.9758 13.9643 10.198 10.3596
threshold=396.83333333333343 242.41666666666666 175.21875000000003 15.500000000000002 112.04687500000001 227.00000000000003 227.00000000000003 225.12500000000003 27.483333333333338 42.925781250000007 36.140625000000007 51.031250000000007 181.58333333333334 332.84375000000006 283.40625000000006 204.25000000000003 2.5000000000000004 185.25000000000003 347.46666666666675 203.18020833333335 175.21875000000003 163.35000000000002 155.23333333333338 170.25000000000003 114.18750000000001 173.87500000000003 146.19669117647064 17.500000000000004 112.04687500000001 16.500000000000004
decision_type=2 2 2 2 2 2 2 2 2 2 2 2 2 2 2 2 2 2 2 2 2 2 2 2 2 2 2 2 2 2
left_child=1 5 3 -3 -5 6 7 8 -1 10 16 12 -11 14 15 17 -10 18 19 20 21 22 23 24 28 26 27 -26 -13 -30
right_child=-2 2 -4 4 -6 -7 -8 -9 9 11 -12 13 -14 -15 -16 -17 -18 -19 -20 -21 -22 -23 -24 -25 25 -27 -28 -29 29 -31
leaf_value=0.11977088175714018 0.26367962577126247 0.18452576181063285 -0.36800601670707001 0.062531138300895697 -0.20693976600964864 0.16903624690714336 -0.17090827524662019 0.12626669329145682 -0.045820305775851014 0.2234165354361457 -0.18744991663843394 0.0002812785276807185 -0.12644405500455336 -0.080453849181924997 0.091305973779942318 -0.092900170709775853 0.078037608618086035 0.06233247527570436 -0.069869438222339084 0.057161273221884461 -0.059659358340760943 0.085891265486893451 -0.066245256564938113 -0.048122000499055365 0.11303459647155943 0.13465446999127215 -0.061266429529145919 0.0098867048083671506 -0.099802120810463316 -0.010959352425166539
leaf_weight=20 22 26 21 25 30 21 21 23 20 31 32 621 22 38 21 23 22 33 31 28 23 23 26 26 21 22 27 35 21 35
leaf_count=20 22 26 21 25 30 21 21 23 20 31 32 621 22 38 21 23 22 33 31 28 23 23 26 26 21 22 27 35 21 35
internal_value=1.66172e-10 -0.00424046 -0.0742683 0.00188587 -0.084453 0.0014016 -0.00142598 0.00148181 -0.000907912 -0.00295158 -0.0702429 0.00154666 0.0781914 -0.00230739 0.000615413 -0.00129866 0.0190576 0.000868866 -0.0012912 0.00105013 -0.000735224 0.000846171 -0.0014992 0.000584215 0.0022036 0.0383616 0.0128382 0.0485672 -0.00340435 -0.0442754
internal_weight=1390 1368 102 81 55 1266 1245 1224 1201 1181 74 1107 53 1054 1016 995 42 972 939 908 880 857 834 808 782 105 83 56 677 56
internal_count=1390 1368 102 81 55 1266 1245 1224 1201 1181 74 1107 53 1054 1016 995 42 972 939 908 880 857 834 808 782 105 83 56 677 56
is_linear=0
shrinkage=0.1


Tree=135
num_leaves=31
num_cat=0
split_feature=3 0 2 4 4 4 2 2 1 0 0 2 2 2 0 3 0 0 1 0 3 6 3 0 2 0 1 4 2 1
split_gain=132.109 893.528 749.944 80.8708 94.1145 46.4044 29.1302 56.3495 110.02 76.207 54.4315 25.0294 46.9467 35.1997 29.461 27.1915 24.5146 18.9632 13.1818 15.7654 10.7804 9.32544 22.3036 17.6807 21.3471 20.6228 16.8441 11.7006 37.6101 20.2567
threshold=241.12500000000003 391.21875000000006 212.25000000000003 227.73437500000003 187.41666666666669 147.31250000000003 336.68750000000006 242.41666666666666 218.75000000000003 248.14062500000003 212.25000000000003 49.033333333333339 53.291666666666679 45.300000000000004 197.83333333333334 111.40808823529413 32.367187500000007 137.54687500000003 53.291666666666679 51.031250000000007 216.08333333333334 1.5000000000000002 182.92187500000003 157.75000000000003 71.162500000000009 70.448908730158749 83.468750000000014 156.50000000000003 64.566964285714292 64.234375000000014
decision_type=2 2 2 2 2 2 2 2 2 2 2 2 2 2 2 2 2 2 2 2 2 2 2 2 2 2 2 2 2 2
left_child=1 6 3 4 5 17 7 8 10 -9 11 13 -13 15 18 16 -1 -2 -14 -20 21 23 27 24 -21 -26 -27 28 -23 -30
right_child=2 -3 -4 -5 -6 -7 -8 9 -10 -11 -12 12 14 -15 -16 -17 -18 -19 19 20 -22 22 -24 -25 25 26 -28 -29 29 -31
leaf_value=-0.039752001618897477 -0.026324647118930112 -0.67286653816699982 0.65928939044475554 -0.17872324802658776 0.22008562286694847 -0.14153834400190549 0.087099295462432669 0.01066166183778218 0.19512252006037484 -0.22954574179649356 -0.15789936631917956 0.13143420229698052 -0.058209264180377911 -0.14563408583646659 0.1116865994098286 -0.086736799124628311 0.0926594295378389 0.10821629878133537 0.081880032934714117 0.082047139224596333 0.067277118174926098 -0.11299849498900585 -0.091767790432899232 0.10138551926329023 -0.087221615954681683 0.086410187184810638 -0.0049036221197211599 0.058389316612322419 0.088492693752050405 -0.0057193560054856207
leaf_weight=27 22 20 20 22 21 22 38 28 29 25 22 29 38 26 24 32 29 20 24 32 23 32 31 21 27 23 166 28 24 465
leaf_count=27 22 20 20 22 21 22 38 28 29 25 22 29 38 26 24 32 29 20 24 32 23 32 31 21 27 23 166 28 24 465
internal_value=5.756e-10 -0.00977594 0.0972206 -0.007839 0.0363899 -0.0238853 0.000893256 -0.00182527 0.00281307 -0.102644 -0.00215307 0.000959032 0.00608322 -0.0434057 0.00228867 -0.0132018 0.0288182 0.0377425 -0.000522411 0.00192413 -0.000276492 -0.00210657 -0.00924401 0.0132827 0.00582241 -0.00547014 0.00620864 -0.0045842 -0.00796858 -0.00109545
internal_weight=1390 1263 127 107 85 64 1243 1205 1152 53 1123 1101 987 114 958 88 56 42 934 896 872 849 580 269 248 216 189 549 521 489
internal_count=1390 1263 127 107 85 64 1243 1205 1152 53 1123 1101 987 114 958 88 56 42 934 896 872 849 580 269 248 216 189 549 521 489
is_linear=0
shrinkage=0.1


Tree=136
num_leaves=31
num_cat=0
split_feature=0 0 3 4 3 1 1 3 3 1 0 4 4 3 0 1 3 3 1 1 1 1 1 2 4 3 2 5 2 6
split_gain=169.482 62.3831 294.102 38.7157 41.68 33.5594 65.4091 121.712 67.3671 30.3359 26.7795 17.9146 43.396 51.9794 45.1858 99.5372 33.9532 138.628 34.3215 32.5276 36.0323 25.3413 22.3069 72.0034 26.0743 19.6626 21.8283 10.1135 9.86458 8.98125
threshold=382.67187500000006 273.20312500000006 199.25000000000003 336.68750000000006 185.25000000000003 257.26562500000006 199.25000000000003 157.75000000000003 122.31666666666668 341.78125000000006 203.18020833333335 117.09583333333335 125.06666666666668 112.73333333333336 56.031250000000007 60.415873015873025 114.67187500000001 123.21470588235296 99.343750000000014 146.19669117647064 122.88970588235296 175.21875000000003 47.093750000000007 45.980468750000007 44.775000000000006 177.25000000000003 73.062500000000014 16.500000000000004 126.18750000000001 4.5000000000000009
decision_type=2 2 2 2 2 2 2 2 2 2 2 2 2 2 2 2 2 2 2 2 2 2 2 2 2 2 2 2 2 2
left_child=1 3 9 5 -5 6 10 8 -8 -3 11 16 13 -13 -14 -16 22 -18 -19 20 25 27 23 24 -1 26 -17 -21 -20 -30
right_child=-2 2 -4 4 -6 -7 7 -9 -10 -11 -12 12 14 -15 15 19 17 18 28 21 -22 -23 -24 -25 -26 -27 -28 -29 29 -31
leaf_value=-0.06479469135403633 0.23510540475447975 -0.032411836385726929 -0.41985118731390686 -0.010878646622101466 0.17023938005721129 0.11578272347864899 -0.10545059411275773 -0.24862384938544807 0.10853767522743769 0.13282217592000964 0.09524127049692746 0.0031604158505797383 0.12135111045837405 -0.21726979250493261 -0.19450810418046754 -0.10028526140376925 0.29568817071616649 -0.076122516088865028 0.099646293930709368 0.15711649620816823 -0.10820463040451472 -0.011153122590434168 0.0042691381317206461 -0.18082497987364021 0.085851704687983907 0.064087158199903127 0.0042789483356267905 0.058974129005911806 0.068018129397006272 -0.021530606814970574
leaf_weight=20 30 25 20 24 27 23 31 31 28 20 29 20 25 23 29 26 20 33 24 21 38 31 548 28 27 37 86 21 21 24
leaf_count=20 30 25 20 24 27 23 31 31 28 20 29 20 25 23 29 26 20 33 24 21 38 31 548 28 27 37 86 21 21 24
internal_value=1.85611e-10 -0.00518615 -0.100783 -0.000387865 0.0850074 -0.0038888 -0.00614305 -0.0881917 -0.00389684 0.0410255 0.00038602 -0.00211017 -0.0205288 -0.114744 -0.00762669 -0.0187839 0.00671593 0.054958 0.00775602 0.000816069 -0.0212833 0.0574268 -0.00273115 -0.05388 0.0217469 0.000884548 -0.0199949 0.108045 0.0478718 0.0202588
internal_weight=1390 1360 65 1295 51 1244 1221 90 59 45 1131 1102 357 43 314 289 745 122 102 260 187 73 623 75 47 149 112 42 69 45
internal_count=1390 1360 65 1295 51 1244 1221 90 59 45 1131 1102 357 43 314 289 745 122 102 260 187 73 623 75 47 149 112 42 69 45
is_linear=0
shrinkage=0.1


Tree=137
num_leaves=31
num_cat=0
split_feature=0 0 3 3 3 1 1 1 0 2 0 1 1 4 4 0 1 0 4 3 3 3 3 2 2 3 2 4 2 5
split_gain=137.28 50.5303 238.223 37.7652 47.1392 24.5721 15.7487 33.4854 30.5642 11.6578 64.503 124.343 53.6459 49.1905 30.3376 12.1704 50.8565 16.8933 11.6723 10.436 6.80253 9.44286 6.04185 47.6438 24.9517 19.9678 20.224 22.2715 19.4145 14.2566
threshold=382.67187500000006 273.20312500000006 199.25000000000003 368.00000000000006 332.84375000000006 341.78125000000006 257.26562500000006 227.00000000000003 222.65000000000003 49.033333333333339 66.129166666666677 54.890625000000007 47.093750000000007 91.996093750000014 45.562500000000007 188.75000000000003 185.25000000000003 180.80208333333337 347.46666666666675 273.20312500000006 227.00000000000003 197.83333333333334 115.60000000000001 62.41875000000001 91.574156746031761 122.31666666666668 150.70000000000002 134.5588235294118 56.031250000000007 3.5000000000000004
decision_type=2 2 2 2 2 2 2 2 2 2 2 2 2 2 2 2 2 2 2 2 2 2 2 2 2 2 2 2 2 2
left_child=1 3 5 4 6 -3 7 8 9 10 13 -12 -11 14 -1 17 -17 18 19 20 21 22 28 -24 -25 -26 29 -28 -14 -27
right_child=-2 2 -4 -5 -6 -7 -8 -9 -10 12 11 -13 15 -15 -16 16 -18 -19 -20 -21 -22 -23 23 24 25 26 27 -29 -30 -31
leaf_value=0.02982098534703255 0.21159484128157302 -0.029170653939247133 -0.3778660620748997 0.11452455502003432 -0.14799060929905286 0.11953996032476427 0.085541926679157082 -0.10797179089537984 0.12035650696073259 0.15658987327055499 -0.31184362009167677 0.025767670571804048 0.10070046652108432 0.10984484359828964 -0.13476077935525352 -0.16527652686292477 0.028751778645174843 0.082546449899673469 -0.061083637995104634 0.070990316889115751 -0.05072877092931706 0.060537359691583192 -0.15849367621399107 0.10068786699663511 -0.086022629799942185 0.023881626967340711 0.11932812955975534 -0.018628386949951 0.00066627630657433063 -0.080764104984700685
leaf_weight=24 30 25 20 28 22 20 21 29 21 22 20 24 20 36 21 22 35 25 31 21 26 26 21 22 30 23 25 22 648 30
leaf_count=24 30 25 20 28 22 20 21 29 21 22 20 24 20 36 21 22 35 25 31 21 26 26 21 22 30 23 25 22 648 30
internal_value=1.1778e-10 -0.00466753 -0.0907044 -0.000349079 -0.00288772 0.036923 -0.000323655 -0.00179684 0.000779791 -0.00135914 -0.0302265 -0.127692 0.00208072 0.0227178 -0.0469838 -0.00122912 -0.0461363 0.00140976 -0.000736716 0.00131006 -0.000328556 0.00118287 -0.000652109 -0.0173074 0.0021986 -0.0144688 0.00699733 0.0547527 0.00366131 -0.0353518
internal_weight=1390 1360 65 1295 1267 45 1245 1224 1195 1174 125 44 1049 81 45 1027 57 970 945 914 893 867 841 173 152 130 100 47 668 53
internal_count=1390 1360 65 1295 1267 45 1245 1224 1195 1174 125 44 1049 81 45 1027 57 970 945 914 893 867 841 173 152 130 100 47 668 53
is_linear=0
shrinkage=0.1


Tree=138
num_leaves=31
num_cat=0
split_feature=3 0 0 0 2 2 1 1 0 0 1 3 3 6 2 0 6 0 1 1 2 0 2 2 1 4 4 2 1 0
split_gain=123.38 1477.05 821.647 53.5316 32.5715 39.827 28.8008 79.1837 27.5525 18.9111 97.6346 25.2545 29.9659 33.8189 22.8003 23.1825 22.3906 21.288 17.7638 15.9957 17.4161 11.5194 11.6794 16.0324 10.6604 10.406 9.02947 6.48907 11.2669 5.98313
threshold=204.25000000000003 296.31250000000006 368.00000000000006 225.12500000000003 51.953125000000007 88.984126984127002 296.31250000000006 253.25000000000003 196.25000000000003 54.046875000000007 47.093750000000007 70.140625000000014 56.516666666666673 3.5000000000000004 49.033333333333339 216.08333333333334 4.5000000000000009 203.18020833333335 145.46875000000003 52.984375000000007 45.300000000000004 190.33333333333334 213.75000000000003 195.09791666666669 171.30000000000004 46.906250000000007 336.68750000000006 61.734375000000007 62.41875000000001 89.804761904761918
decision_type=2 2 2 2 2 2 2 2 2 2 2 2 2 2 2 2 2 2 2 2 2 2 2 2 2 2 2 2 2 2
left_child=2 3 6 4 -2 -6 7 9 18 11 -11 12 13 19 -12 17 -13 21 -7 20 -1 22 23 25 -20 -16 27 -27 -29 -30
right_child=1 -3 -4 -5 5 8 -8 -9 -10 10 14 16 -14 -15 15 -17 -18 -19 24 -21 -22 -23 -24 -25 -26 26 -28 28 29 -31
leaf_value=0.038199527375400069 0.10929466973651539 0.84564849165352907 -0.61763440966606142 -0.17724607110023499 -0.13585502983629702 0.024805713875426186 0.083705417620830058 -0.19606877324127017 0.11013859033584594 0.22406303584575654 0.10633249133825302 -0.17244979754090309 0.10260651622499739 -0.13510633467332175 0.061702570186129638 -0.081405915213482727 -0.035852466716120641 0.09072516136444532 -0.11165071914539389 0.077560441816846529 -0.076089987754821786 -0.070945435049741171 0.072687807137315916 -0.06734848695141929 -0.014282161361453209 0.037095400421187662 0.05745714314711782 -0.065831133684721488 -0.012336752465206734 0.007075722324190706
leaf_weight=24 22 22 22 20 25 45 39 21 20 20 20 20 21 23 28 35 30 26 23 21 30 23 22 35 22 39 26 29 301 336
leaf_count=24 22 22 22 20 25 45 39 21 20 20 20 20 21 23 28 35 30 26 23 21 30 23 22 35 22 39 26 29 301 336
internal_value=-1.41583e-10 0.072886 -0.0121783 -0.0231636 -0.00353527 -0.0219224 -0.000783875 -0.00369988 0.00397141 -5.71844e-05 0.00547979 -0.0308546 -0.00579706 -0.0290264 0.000727981 -0.00161879 -0.0904914 0.00160959 -0.0196213 0.00350478 -0.0252946 -0.00115203 0.000815184 -0.00117625 -0.0640483 0.00187517 -0.000416438 -0.00255078 -0.00487241 -0.00209721
internal_weight=1390 199 1191 177 157 135 1169 1130 110 1109 940 169 119 98 920 900 50 865 90 75 54 839 816 794 45 759 731 705 666 637
internal_count=1390 199 1191 177 157 135 1169 1130 110 1109 940 169 119 98 920 900 50 865 90 75 54 839 816 794 45 759 731 705 666 637
is_linear=0
shrinkage=0.1


Tree=139
num_leaves=31
num_cat=0
split_feature=1 1 3 0 0 3 2 0 2 0 1 1 2 3 2 3 3 3 3 3 3 3 3 1 3 3 4 5 2 4
split_gain=123.768 52.5925 45.9616 43.7597 108.843 25.4122 16.8736 29.8243 14.4696 63.9722 106.219 44.5452 37.526 54.2458 16.1619 12.0692 7.07429 11.7374 22.4337 26.034 9.31397 22.0562 48.8592 22.1942 14.7676 10.3433 14.6417 14.6206 9.00439 34.6675
threshold=396.83333333333343 353.25000000000006 396.83333333333343 270.03125000000006 309.04687500000006 332.84375000000006 253.25000000000003 227.00000000000003 49.033333333333339 66.129166666666677 54.890625000000007 48.031250000000007 45.300000000000004 71.162500000000009 36.140625000000007 283.40625000000006 234.43750000000003 216.08333333333334 200.55000000000004 190.33333333333334 175.21875000000003 156.50000000000003 148.58333333333334 145.46875000000003 142.50000000000003 115.60000000000001 134.5588235294118 16.500000000000004 61.734375000000007 53.683333333333337
decision_type=2 2 2 2 2 2 2 2 2 2 2 2 2 2 2 2 2 2 2 2 2 2 2 2 2 2 2 2 2 2
left_child=1 2 3 5 -5 6 7 8 9 12 -11 -10 13 14 -1 16 17 18 19 20 21 22 24 -23 25 28 27 -27 29 -13
right_child=-2 -3 -4 4 -6 -7 -8 -9 11 10 -12 15 -14 -15 -16 -17 -18 -19 -20 -21 -22 23 -24 -25 -26 26 -28 -29 -30 -31
leaf_value=-0.072505120784044266 0.23530390804464166 -0.16475558787584307 -0.14475081947378138 0.25335644276245783 -0.037942952123181578 -0.090675360185559842 0.071253414917737248 -0.11510172136451886 0.13045927429640736 -0.29957807116210461 0.012458914021650952 -0.026454044991370402 -0.0984568314999342 0.18953570411318826 0.054624398350715642 0.075386958569288259 -0.052693671009574949 0.063971463165112916 -0.099282241219897649 0.10818179319189354 -0.053258455325575438 -0.0087092956667765981 -0.13848451566524231 0.13392565026879311 0.081590726158835669 -0.12005299789123927 0.0019307472166560946 -0.0087998913867133009 -0.00036587119072435366 0.12966220657527447
leaf_weight=20 22 20 22 23 29 32 32 23 27 20 24 33 20 21 20 21 26 28 23 22 34 20 26 24 22 27 63 21 620 25
leaf_count=20 22 20 22 23 29 32 32 23 27 20 24 33 20 21 20 21 26 28 23 22 34 20 26 24 22 27 63 21 620 25
internal_value=-8.35494e-10 -0.00378413 -0.00139583 0.000982611 0.090901 -0.00268753 -0.00042053 -0.00231604 -0.000130639 -0.0323124 -0.129376 0.00365723 0.0204136 0.0593875 -0.00894036 0.000349353 -0.00120468 0.000150293 -0.00171116 0.000683864 -0.00190079 8.12352e-05 -0.00354655 0.0690916 0.000779452 -0.00147384 -0.0297711 -0.0713798 0.0031589 0.0408374
internal_weight=1390 1368 1348 1326 52 1274 1242 1210 1187 125 44 1062 81 61 40 1035 1014 988 960 937 915 881 837 44 811 789 111 48 678 58
internal_count=1390 1368 1348 1326 52 1274 1242 1210 1187 125 44 1062 81 61 40 1035 1014 988 960 937 915 881 837 44 811 789 111 48 678 58
is_linear=0
shrinkage=0.1


Tree=140
num_leaves=31
num_cat=0
split_feature=3 3 2 0 1 0 4 1 2 3 0 2 0 0 2 6 2 3 3 1 2 0 3 3 0 5 0 1 2 4
split_gain=123.504 288.034 231.451 620.291 178.143 35.8293 12.7737 23.997 69.2758 87.9733 36.6936 16.2167 45.0639 88.4824 45.013 269.683 25.8587 30.8861 16.0439 13.6275 13.0912 12.3454 10.928 8.15963 31.0752 27.9964 15.2107 21.5222 15.7925 16.2469
threshold=336.68750000000006 396.83333333333343 323.00000000000006 382.67187500000006 283.40625000000006 253.25000000000003 336.68750000000006 199.25000000000003 216.08333333333334 120.21875000000001 197.83333333333334 49.033333333333339 66.129166666666677 110.92708333333336 56.031250000000007 3.5000000000000004 45.300000000000004 71.162500000000009 185.25000000000003 53.291666666666679 36.140625000000007 51.031250000000007 121.87500000000001 74.250000000000014 59.875000000000007 8.5000000000000018 84.763764880952394 107.29166666666667 68.416666666666686 49.745833333333337
decision_type=2 2 2 2 2 2 2 2 2 2 2 2 2 2 2 2 2 2 2 2 2 2 2 2 2 2 2 2 2 2
left_child=2 -2 4 22 5 6 7 10 -9 -10 11 12 16 -14 15 -13 17 20 -8 -16 -1 -21 -4 25 -25 26 28 -28 -23 -30
right_child=1 -3 3 -5 -6 -7 18 8 9 -11 -12 14 13 -15 19 -17 -18 -19 -20 21 -22 23 -24 24 -26 -27 27 -29 29 -31
leaf_value=-0.065254612714052196 0.33976180737372491 -0.13027574006806722 0.076818502800805238 -0.65285513758659364 0.29195830509776161 -0.12821814146908847 -0.0078361768275499351 -0.18166079393454962 -0.097056481461314598 0.14730058263700743 0.119877161945288 -0.078938739725521637 -0.26389821828121235 0.023075251958586954 -0.074173780083656313 0.3743526958461319 -0.088611147925257691 0.1441526797413826 0.10662994927167893 0.0714356396968166 0.04916195742785931 0.057492430960493425 -0.026466799676418309 -0.13015766046941279 -0.0033621254601510172 0.11434017872810365 0.12836727251609167 -0.0066136635839939119 -0.099694566688655561 -0.0095643961740036823
leaf_weight=20 32 22 21 20 21 22 24 28 34 26 26 35 21 22 25 21 20 20 25 24 20 28 20 20 576 25 21 27 24 120
leaf_count=20 32 22 21 20 21 22 24 28 34 26 26 35 21 22 25 21 20 20 25 24 20 28 20 20 576 25 21 27 24 120
internal_value=-2.17207e-10 0.148265 -0.00599275 -0.196283 0.00311132 -0.00172583 0.000532965 -0.00153936 -0.0517796 0.00883158 0.00249821 -0.000356657 -0.0345141 -0.117075 0.00408453 0.0910455 0.00986222 0.0426867 0.0505649 -0.00138718 -0.00804633 0.000716482 0.0264354 -0.00130166 -0.00761701 0.0140614 0.00266607 0.0524405 -0.0112245 -0.0245861
internal_weight=1390 54 1336 61 1275 1254 1232 1183 88 60 1095 1069 123 43 946 56 80 60 49 890 40 865 41 841 596 245 220 48 172 144
internal_count=1390 54 1336 61 1275 1254 1232 1183 88 60 1095 1069 123 43 946 56 80 60 49 890 40 865 41 841 596 245 220 48 172 144
is_linear=0
shrinkage=0.1


Tree=141
num_leaves=31
num_cat=0
split_feature=0 0 3 3 3 1 1 1 0 0 6 4 1 3 1 3 0 2 4 6 0 5 5 4 4 2 0 0 1 2
split_gain=150.259 61.9419 224.503 33.7596 46.0808 29.7842 13.4327 32.0096 32.0317 12.9917 10.4437 22.1178 32.0964 70.871 69.7517 20.1442 18.4114 35.283 18.2318 17.1669 34.7954 26.24 60.8083 23.9516 28.9106 23.0927 19.4477 16.188 16.0935 13.557
threshold=382.67187500000006 273.20312500000006 199.25000000000003 368.00000000000006 332.84375000000006 341.78125000000006 250.34375000000003 227.00000000000003 222.65000000000003 204.25000000000003 1.0000000180025095e-35 195.09791666666669 42.925781250000007 108.95208333333336 47.093750000000007 196.25000000000003 89.804761904761918 114.67187500000001 214.70833333333334 1.5000000000000002 187.41666666666669 17.500000000000004 8.5000000000000018 156.50000000000003 131.63333333333335 127.40625000000001 141.12500000000003 70.816666666666677 36.140625000000007 60.415873015873025
decision_type=2 2 2 2 2 2 2 2 2 2 2 2 2 2 2 2 2 2 2 2 2 2 2 2 2 2 2 2 2 2
left_child=1 3 5 4 6 -3 7 8 9 10 15 12 13 28 -14 16 29 -18 -13 21 23 22 27 24 -21 -26 -25 -16 -12 -1
right_child=-2 2 -4 -5 -6 -7 -8 -9 -10 -11 11 18 14 -15 19 -17 17 -19 -20 20 -22 -23 -24 26 25 -27 -28 -29 -30 -31
leaf_value=-0.11403812717646361 0.22137182533740996 -0.049010066747665407 -0.37891061916947366 0.10850881596228906 -0.14596689919179137 0.11471471637487413 0.071156298426481399 -0.11582891258100669 0.12322620380492438 -0.075794233964837129 -0.051571558672806321 0.11135305508094676 0.18597647980565118 -0.22353291768580674 -0.053238469541072843 -0.10898065921830256 0.091946342749288312 -0.037821165150539446 -0.0011413896679878235 -2.8467213764492446e-05 -0.13159806887131362 -0.023585255317231445 0.1857750054834218 0.0086051562558049754 -0.16011708974838257 -0.01181662329250858 0.14343605473637583 0.06174076739116572 0.060440411418676378 -0.019888428117220219
leaf_weight=20 30 25 20 28 22 20 26 24 21 23 29 34 21 20 25 23 40 44 25 576 21 47 29 23 21 21 20 24 23 65
leaf_count=20 30 25 20 28 22 20 26 24 21 23 29 34 21 20 25 23 40 44 25 576 21 47 29 23 21 21 20 24 23 65
internal_value=6.27315e-10 -0.0048832 -0.100141 -0.000101918 -0.00250216 0.0237565 3.29645e-05 -0.00148402 0.000812444 -0.00137724 0.000109807 0.00437198 0.000483624 -0.063557 0.00605237 -0.0211789 -0.00922951 0.0239729 0.0636859 0.00137033 -0.00487379 0.0354383 0.0710037 -0.000847754 -0.00586894 -0.0859669 0.0713172 0.00307789 -0.0020278 -0.0420413
internal_weight=1390 1360 65 1295 1267 45 1245 1219 1195 1174 1151 959 900 72 828 192 169 84 59 807 682 125 78 661 618 42 43 49 52 85
internal_count=1390 1360 65 1295 1267 45 1245 1219 1195 1174 1151 959 900 72 828 192 169 84 59 807 682 125 78 661 618 42 43 49 52 85
is_linear=0
shrinkage=0.1


Tree=142
num_leaves=31
num_cat=0
split_feature=1 3 1 3 2 1 1 2 0 1 3 4 1 2 0 0 1 1 3 1 2 2 4 6 0 2 1 3 0 2
split_gain=122.817 49.9491 213.414 46.8001 27.6994 25.1657 75.3923 65.9939 20.5709 109.689 25.1855 25.6105 21.4571 19.875 15.6103 18.3016 15.2098 38.6018 34.2527 16.5149 12.8995 13.433 13.4407 12.8429 17.442 11.2946 11.978 34.2709 25.6974 17.3845
threshold=396.83333333333343 218.75000000000003 225.12500000000003 204.25000000000003 51.953125000000007 296.31250000000006 253.25000000000003 347.46666666666675 54.046875000000007 47.093750000000007 70.140625000000014 91.355406746031761 47.093750000000007 49.033333333333339 216.08333333333334 203.18020833333335 167.68750000000003 145.46875000000003 290.98437500000006 190.33333333333334 57.518750000000004 61.734375000000007 46.906250000000007 3.5000000000000004 42.925781250000007 216.08333333333334 167.68750000000003 185.25000000000003 170.25000000000003 65.077450980392172
decision_type=2 2 2 2 2 2 2 2 2 2 2 2 2 2 2 2 2 2 2 2 2 2 2 2 2 2 2 2 2 2
left_child=1 3 4 5 -3 6 8 -7 10 -10 11 23 -12 -11 15 20 17 18 -6 -18 -15 -22 -23 24 -1 26 27 29 -28 -24
right_child=-2 2 -4 -5 16 7 -8 -9 9 13 12 -13 -14 14 -16 -17 19 -19 -20 -21 21 22 25 -25 -26 -27 28 -29 -30 -31
leaf_value=-0.046578346947208055 0.23439758853478865 0.097663074731826782 -0.35354159616288688 0.11706236241119249 0.049468416457667072 0.20878980517387391 -0.19093924888542721 -0.03282820066580406 0.23778144795447589 0.099657780081033709 -0.15181555812833486 0.093441458968889154 -0.020376532103704371 -0.076604363525455646 -0.066603224320071083 0.084147066680284655 0.084404084924608477 -0.17528830848634244 -0.11066829684105786 -0.044106197319924836 0.079937222458067392 0.069625178552590886 -0.097490080376155683 -0.082752083043257402 0.056328394902603968 0.061309376817483163 0.015475332289934158 0.12408897646126293 -0.10570321046880314 -0.0027964164357445545
leaf_weight=40 22 20 21 35 34 20 21 26 20 20 27 21 23 22 35 26 20 20 22 20 21 26 20 30 28 26 35 21 35 633
leaf_count=40 22 20 21 35 34 20 21 26 20 20 27 21 23 22 35 26 20 20 22 20 21 26 20 30 28 26 35 21 35 633
internal_value=-2.79204e-10 -0.00376955 -0.0568388 0.00311061 -0.0110244 -0.000280811 -0.0032323 0.0722231 0.000322117 0.00609696 -0.0317983 -0.00677505 -0.0913536 0.00106034 -0.00113072 0.00151846 -0.0297637 -0.0560335 -0.0134424 0.0201489 -0.00104214 0.000992582 -0.00109013 -0.02825 -0.00420498 -0.00347792 -0.00574199 -0.00165291 -0.0451139 -0.00569668
internal_weight=1390 1368 157 1211 136 1176 1130 46 1109 940 169 119 50 920 900 865 116 76 56 40 839 817 796 98 68 770 744 674 70 653
internal_count=1390 1368 157 1211 136 1176 1130 46 1109 940 169 119 50 920 900 865 116 76 56 40 839 817 796 98 68 770 744 674 70 653
is_linear=0
shrinkage=0.1


Tree=143
num_leaves=31
num_cat=0
split_feature=3 0 0 4 3 4 1 6 6 2 1 2 1 2 3 1 6 1 0 3 1 0 5 4 3 2 4 1 1 5
split_gain=120.728 786.82 661.575 33.8034 29.0345 36.8082 22.8738 20.2234 24.9377 90.511 84.1853 55.4243 45.7386 33.3268 90.6096 72.4346 51.8993 47.2231 31.4458 24.4952 20.7261 26.1488 17.7906 45.1059 43.4651 40.0859 16.5864 16.0041 30.5911 23.9449
threshold=241.12500000000003 391.21875000000006 257.26562500000006 217.50000000000003 270.03125000000006 175.21875000000003 150.70000000000002 5.5000000000000009 2.5000000000000004 222.65000000000003 44.593750000000007 185.25000000000003 159.56250000000003 194.12500000000003 171.30000000000004 341.78125000000006 4.5000000000000009 183.8666666666667 157.75000000000003 103.59375000000001 137.54687500000003 162.00000000000003 11.500000000000002 148.58333333333334 99.968750000000014 73.062500000000014 88.984126984127002 62.41875000000001 67.77500000000002 8.5000000000000018
decision_type=2 2 2 2 2 2 2 2 2 2 2 2 2 2 2 2 2 2 2 2 2 2 2 2 2 2 2 2 2 2
left_child=1 7 3 4 -2 6 -6 8 9 11 -10 12 18 17 15 16 -15 20 27 -9 22 -22 23 24 26 -24 -12 29 -29 -1
right_child=2 -3 -4 -5 5 -7 -8 19 10 -11 13 -13 -14 14 -16 -17 -18 -19 -20 -21 21 -23 25 -25 -26 -27 -28 28 -30 -31
leaf_value=0.003714206796740332 0.073049021894112234 -0.63158358573913587 0.62085434228181846 0.11149127721786499 0.058468203153461219 -0.17787279799580574 -0.081341345518827435 -0.012976373700044489 0.19559365069636933 -0.2042165736789289 0.0015200969254180708 0.13533388621040754 -0.1162470193265157 0.044118175748735666 0.23727226870883583 0.17686938643455508 -0.1423061303794384 -0.14724784685032707 0.1219022524356842 -0.11824048320794929 -0.00053248884885207469 0.15581149291247132 -0.15934409441958583 0.13532025659525837 -0.14217351365834474 -0.0052347230530062384 0.086876781227496966 0.11351455490415295 -0.0035678723982224859 -0.087828037213042109
leaf_weight=62 20 20 20 20 22 20 25 93 26 23 183 28 37 32 23 20 28 21 20 29 23 20 21 27 20 86 26 24 318 53
leaf_count=62 20 20 20 20 22 20 25 93 26 23 183 28 37 32 23 20 28 21 20 29 23 20 21 27 20 86 26 24 318 53
internal_value=6.08877e-11 -0.00934537 0.0929386 -0.00573723 -0.0326863 -0.0642491 -0.0158986 0.000666507 0.00487444 -0.00992136 0.0199097 -0.00167636 -0.00913995 0.0112913 0.0623482 0.0120575 -0.0428798 -0.00102455 -0.000831854 -0.0379982 0.00653872 0.0721856 -0.00123763 0.0130748 -0.00133841 -0.0354805 0.0121386 -0.00620315 0.00464844 -0.0384748
internal_weight=1390 1263 127 107 87 67 47 1243 1121 565 556 542 514 530 103 80 60 427 477 122 406 43 363 256 229 107 209 457 342 115
internal_count=1390 1263 127 107 87 67 47 1243 1121 565 556 542 514 530 103 80 60 427 477 122 406 43 363 256 229 107 209 457 342 115
is_linear=0
shrinkage=0.1


Tree=144
num_leaves=31
num_cat=0
split_feature=0 0 3 0 1 3 4 0 3 0 1 3 3 2 2 0 4 5 2 3 3 0 6 4 0 4 3 3 3 4
split_gain=139.32 66.7458 34.5235 171.916 36.866 247.475 88.9449 35.4509 18.524 16.8723 115.974 49.7468 26.5183 25.9552 36.0823 24.4058 18.9425 24.9396 27.51 20.8362 20.2882 10.8573 23.5034 11.2348 8.21077 7.26138 9.90882 7.33567 14.6897 15.0023
threshold=382.67187500000006 341.78125000000006 254.15625000000003 209.25000000000003 238.30000000000004 159.56250000000003 96.745833333333351 171.30000000000004 296.31250000000006 60.415873015873025 51.953125000000007 103.59375000000001 81.015625000000014 48.031250000000007 57.518750000000004 212.25000000000003 44.775000000000006 7.5000000000000009 64.86875000000002 39.62916666666667 61.093750000000007 185.25000000000003 3.5000000000000004 47.560416666666676 52.984375000000007 347.46666666666675 213.75000000000003 162.00000000000003 132.25000000000003 125.06666666666668
decision_type=2 2 2 2 2 2 2 2 2 2 2 2 2 2 2 2 2 2 2 2 2 2 2 2 2 2 2 2 2 2
left_child=1 2 4 7 9 6 -6 8 -4 11 -11 12 16 -12 -15 21 19 24 20 -1 -19 23 -23 -16 -18 26 27 28 -25 -30
right_child=-2 -3 3 -5 5 -7 -8 -9 -10 10 13 -13 -14 14 15 -17 17 18 -20 -21 -22 22 -24 25 -26 -27 -28 -29 29 -31
leaf_value=-0.011393173297326413 0.21316104332605998 -0.1860363532602787 0.037252581783610843 -0.30558123276992277 0.07735107877740155 0.37046369314193728 -0.19025733159935995 0.1113031121979778 -0.077636208147224453 0.23132595257325606 0.10885675407591321 -0.16200556891659898 0.08451452601987583 -0.12205881202220917 0.070842757499353454 -0.078558994067440699 -0.080923813977278769 0.069660297483205791 0.1406337484717369 -0.12829803746193646 -0.071070296867262753 0.10113546419888736 -0.035014812080633076 -0.0040100448938578835 -0.0067734045974378078 -0.050721339152820802 0.058636643231979438 -0.037434655317553765 -0.0070002035304371803 0.091845221138175795
leaf_weight=31 30 20 23 22 27 20 23 24 36 22 21 24 26 25 22 38 32 20 20 30 21 32 21 579 28 29 28 54 28 34
leaf_count=31 30 20 23 22 27 20 23 24 36 22 21 24 26 25 22 38 32 20 20 30 21 32 21 579 28 29 28 54 28 34
internal_value=4.96005e-10 -0.00470208 -0.0019956 -0.0570439 0.00268462 0.0731691 -0.0457488 0.0088335 -0.0328491 -0.0015505 0.00445055 -0.025684 -0.00995464 -0.00102833 -0.00362112 -0.000198064 -0.0234502 -0.000543907 0.044482 -0.0688874 -0.00242123 0.00340256 0.0471891 0.000404254 -0.0463203 -0.00165645 0.000311577 -0.00203821 0.000943706 0.0472054
internal_weight=1390 1360 1340 105 1235 70 50 83 59 1165 933 232 208 911 890 865 182 121 61 61 41 827 53 774 60 752 723 695 641 62
internal_count=1390 1360 1340 105 1235 70 50 83 59 1165 933 232 208 911 890 865 182 121 61 61 41 827 53 774 60 752 723 695 641 62
is_linear=0
shrinkage=0.1


Tree=145
num_leaves=31
num_cat=0
split_feature=0 0 6 0 2 1 2 0 4 4 0 4 3 4 3 4 3 3 0 0 0 5 0 4 4 6 2 6 4 2
split_gain=113.164 48.9087 28.8865 94.6753 54.5282 50.2806 39.8788 36.9277 169.206 23.3448 63.3637 51.2252 39.316 58.2428 38.7859 34.7775 27.201 31.0166 17.2547 16.0852 27.2822 21.8446 18.7324 14.6493 121.407 53.5153 61.2003 105.977 45.6495 44.0691
threshold=391.21875000000006 347.46666666666675 5.5000000000000009 216.08333333333334 42.925781250000007 56.031250000000007 209.25000000000003 270.03125000000006 122.31666666666668 183.6166666666667 227.00000000000003 195.09791666666669 196.25000000000003 208.25000000000003 117.09583333333335 296.31250000000006 145.46875000000003 163.35000000000002 113.66666666666669 83.183333333333351 139.65625000000003 17.500000000000004 159.56250000000003 85.250000000000014 88.387500000000017 4.5000000000000009 65.077450980392172 2.5000000000000004 82.677083333333343 49.033333333333339
decision_type=2 2 2 2 2 2 2 2 2 2 2 2 2 2 2 2 2 2 2 2 2 2 2 2 2 2 2 2 2 2
left_child=1 2 7 4 -4 -6 19 9 -9 10 23 -11 13 -13 -15 -14 18 -18 -16 -7 21 -21 -22 28 -25 26 27 29 -1 -26
right_child=-2 -3 3 -5 5 6 -8 8 -10 11 -12 12 15 14 16 -17 17 -19 -20 20 22 -23 -24 24 25 -27 -28 -29 -30 -31
leaf_value=-0.00087941344664243843 0.2066652602874316 -0.15916758120059968 0.13827876533780778 -0.24238657668232919 -0.1550724730427776 0.097217186093330396 -0.12122274832083629 -0.099253564295561425 0.28432917879975361 -0.16035267475705883 0.17982573949155356 0.17315080619417134 -0.18615109310263681 -0.11188113407777817 0.016977660823613405 -0.0041581437169086371 -0.12458795160055161 0.035141938612345727 0.14833494171500206 -0.11377657275073803 0.13019980162382125 0.0096260049846023325 -0.0021283445150955863 0.24012165513375533 0.10346334233880045 0.12475397453150328 0.011689135485702952 -0.27925176336651758 -0.13555563228825729 -0.093980813255676865
leaf_weight=371 26 20 21 20 28 20 26 23 23 26 21 20 21 29 20 21 20 31 20 26 20 32 23 23 20 34 331 21 27 26
leaf_count=371 26 20 21 20 28 20 26 23 23 26 21 20 21 29 20 21 20 31 20 26 20 32 23 23 20 34 331 21 27 26
internal_value=-1.18626e-10 -0.00393937 -0.00162942 -0.0351318 -0.0139834 -0.0322548 -0.00886097 0.00478593 0.0925378 0.00105525 0.00822093 -0.0290544 -0.0102975 0.0151597 -0.0111722 -0.0951546 0.0209219 -0.0274972 0.0826563 0.0152829 -0.000941729 -0.0456924 0.0594196 0.00399619 0.0162528 0.00433384 -0.00595331 -0.0931123 -0.0100157 -0.00813553
internal_weight=1390 1364 1344 216 196 175 147 1128 46 1082 874 208 182 140 120 42 91 51 40 121 101 58 43 853 455 432 398 67 398 46
internal_count=1390 1364 1344 216 196 175 147 1128 46 1082 874 208 182 140 120 42 91 51 40 121 101 58 43 853 455 432 398 67 398 46
is_linear=0
shrinkage=0.1


Tree=146
num_leaves=31
num_cat=0
split_feature=3 5 2 0 1 0 3 0 3 3 1 3 1 6 2 2 2 2 4 1 1 1 2 2 4 4 2 4 5 5
split_gain=115.361 257.24 222.825 566.993 146.983 30.2562 17.5197 12.3343 115.443 35.5783 11.7785 119.256 49.37 22.8657 22.5306 18.0188 46.5476 28.7227 8.90372 24.051 15.2117 14.3331 11.6315 10.6675 9.30153 41.256 44.0083 29.0612 47.5319 14.732
threshold=336.68750000000006 15.500000000000002 323.00000000000006 382.67187500000006 283.40625000000006 253.25000000000003 121.87500000000001 207.30729166666669 170.25000000000003 135.15625000000003 44.593750000000007 110.92708333333336 47.093750000000007 3.5000000000000004 39.484375000000007 52.984375000000007 45.300000000000004 56.031250000000007 270.03125000000006 153.75000000000003 209.25000000000003 190.33333333333334 195.09791666666669 182.08333333333334 134.5588235294118 167.68750000000003 90.265625000000014 117.09583333333335 16.500000000000004 18.500000000000004
decision_type=2 2 2 2 2 2 2 2 2 2 2 2 2 2 2 2 2 2 2 2 2 2 2 2 2 2 2 2 2 2
left_child=2 -2 4 6 5 7 -4 10 9 -9 11 13 -12 14 -1 16 -14 -17 20 -20 21 22 23 24 27 26 -26 29 -29 -19
right_child=1 -3 3 -5 -6 -7 -8 8 -10 -11 12 -13 15 -15 -16 17 -18 18 19 -21 -22 -23 -24 -25 25 -27 -28 28 -30 -31
leaf_value=0.084497264213860043 0.32426474001258615 -0.11993639569052242 0.084226160815783921 -0.62901901066303256 0.2655130296945572 -0.11749197217551144 -0.046550601497292524 0.030562811503186821 0.20692093504162937 -0.15805941186845304 -0.15638424711568016 0.21487752838203542 0.044709247946739195 -0.11763123886092851 -0.055538431548134051 0.10101200666810786 -0.16607917909595102 0.010115650135827903 0.0048053338247186998 -0.1149287804365158 -0.085182251855731014 0.07094811752593766 -0.062763367114322524 0.069920505583286288 0.18876130798459054 -0.020109687419872818 0.015045629920704025 -0.19681315049529077 0.0082415069238497667 -0.026675636847306727
leaf_weight=20 32 22 21 20 21 22 20 20 26 20 21 26 20 23 27 28 22 466 51 25 20 30 28 23 25 88 35 20 26 142
leaf_count=20 32 22 21 20 21 22 20 20 26 20 21 26 20 23 27 28 22 466 51 25 20 30 28 23 25 88 35 20 26 142
internal_value=-1.09095e-10 0.143294 -0.00579182 -0.192502 0.003141 -0.00125279 0.0204326 0.000822907 0.042879 -0.0637483 -0.00155763 0.0319969 -0.00456813 -0.0359302 0.00405123 -0.00152891 -0.0657037 0.0011477 -0.00170848 -0.0345809 0.00105819 0.00301154 0.000622208 0.00277348 0.000847813 0.0234863 0.0874272 -0.00427528 -0.0809127 0.00152295
internal_weight=1390 54 1336 61 1275 1254 41 1232 66 40 1166 96 1070 70 47 1049 42 1007 979 76 903 883 853 825 802 148 60 654 46 608
internal_count=1390 54 1336 61 1275 1254 41 1232 66 40 1166 96 1070 70 47 1049 42 1007 979 76 903 883 853 825 802 148 60 654 46 608
is_linear=0
shrinkage=0.1


Tree=147
num_leaves=31
num_cat=0
split_feature=0 0 3 4 3 1 4 0 4 5 4 2 1 2 3 1 3 4 0 3 0 4 4 1 3 3 3 4 4 0
split_gain=133.361 61.7571 200.001 28.4705 24.4827 24.3577 32.0287 84.5074 34.4724 70.5185 55.0885 34.4153 30.7526 159.38 73.51 23.3126 16.6121 35.7389 21.371 14.5149 12.2081 11.0277 20.9204 10.5231 10.3011 20.1908 11.7188 15.8879 8.85618 8.8
threshold=382.67187500000006 273.20312500000006 199.25000000000003 336.68750000000006 185.25000000000003 257.26562500000006 210.25000000000003 204.25000000000003 195.09791666666669 12.500000000000002 185.25000000000003 74.733333333333348 42.925781250000007 50.039062500000007 97.377976190476204 341.78125000000006 227.00000000000003 146.19669117647064 135.15625000000003 197.83333333333334 207.30729166666669 166.75000000000003 146.19669117647064 138.46875000000003 116.41666666666667 129.63333333333335 162.00000000000003 113.16666666666669 44.775000000000006 147.31250000000003
decision_type=2 2 2 2 2 2 2 2 2 2 2 2 2 2 2 2 2 2 2 2 2 2 2 2 2 2 2 2 2 2
left_child=1 3 15 5 -5 6 8 11 10 -10 12 -8 14 -14 28 -3 19 18 -18 20 21 22 24 -13 29 -26 27 -27 -1 -15
right_child=-2 2 -4 4 -6 -7 7 -9 9 -11 -12 23 13 16 -16 -17 17 -19 -20 -21 -22 -23 -24 -25 25 26 -28 -29 -30 -31
leaf_value=-0.050014993402621027 0.20855283379554748 -0.047152233600616461 -0.36283439026679848 -8.5320820411046352e-05 0.13872683613940523 0.099124929308891302 -0.10167739187677703 -0.23653473201252165 0.20411716341041031 -0.040919466640638273 -0.153093567242225 0.00013280285567772099 0.2282309513899588 -0.0027003260889396914 -0.21498073400421577 0.097697267234325424 -0.072989340716352075 -0.16205399667844178 0.056701763677928188 0.07111787713807205 0.067951415449380867 -0.067071314557240566 0.071493586740995707 0.088609507791697989 -0.10146918727926189 -0.042179868984967478 -0.06259451009657073 0.076372504406250444 0.029004472695492414 0.049591311374131371
leaf_weight=23 30 25 20 24 27 23 30 21 24 23 24 41 31 602 22 20 24 20 27 29 25 26 38 20 31 20 23 26 37 34
leaf_count=23 30 25 20 24 27 23 30 21 24 23 24 41 31 602 22 20 24 20 27 29 25 26 38 20 31 20 23 26 37 34
internal_value=2.85695e-10 -0.00460043 -0.0997161 0.000173717 0.0734035 -0.00282847 -0.00474897 -0.0557135 0.000398043 0.0842056 -0.00331096 -0.0139856 0.000152226 0.00519327 -0.058619 0.0172253 -0.00228151 -0.0487588 -0.00432934 0.00158253 -0.000861739 -0.00301215 -0.000860292 0.0291416 -0.00459595 -0.0344313 -0.00431284 0.024828 -0.00128632 9.51388e-05
internal_weight=1390 1360 65 1295 51 1244 1221 112 1109 47 1062 91 1038 956 82 45 925 71 51 854 825 800 774 61 736 100 69 46 60 636
internal_count=1390 1360 65 1295 51 1244 1221 112 1109 47 1062 91 1038 956 82 45 925 71 51 854 825 800 774 61 736 100 69 46 60 636
is_linear=0
shrinkage=0.1


Tree=148
num_leaves=31
num_cat=0
split_feature=1 1 1 1 1 1 3 2 3 3 1 3 1 6 2 0 2 2 4 3 3 6 3 3 5 4 3 3 3 3
split_gain=115.017 50.9522 37.6269 68.0779 35.4099 31.4037 96.4149 54.6729 43.9627 26.1541 16.38 148.603 44.9905 18.6095 19.1233 14.0004 22.9501 23.6732 8.53662 15.6989 31.2518 19.6556 6.8766 12.821 20.1565 11.1248 7.8659 22.8231 12.1415 28.71
threshold=396.83333333333343 341.78125000000006 309.04687500000006 275.25000000000006 238.30000000000004 199.25000000000003 157.75000000000003 225.12500000000003 368.00000000000006 296.31250000000006 44.593750000000007 110.92708333333336 47.093750000000007 3.5000000000000004 39.484375000000007 203.18020833333335 52.984375000000007 56.031250000000007 341.78125000000006 197.83333333333334 181.58333333333334 3.5000000000000004 132.25000000000003 116.41666666666667 16.500000000000004 141.12500000000003 95.920833333333363 97.761718750000014 83.406250000000014 85.109375000000014
decision_type=2 2 2 2 2 2 2 2 2 2 2 2 2 2 2 2 2 2 2 2 2 2 2 2 2 2 2 2 2 2
left_child=1 2 3 4 5 8 7 -7 9 10 11 13 -12 14 -1 16 -14 -18 19 20 22 -21 23 26 -25 -24 28 -28 -19 -30
right_child=-2 -3 -4 -5 -6 6 -8 -9 -10 -11 12 -13 15 -15 -16 -17 17 18 -20 21 -22 -23 25 24 -26 -27 27 -29 29 -31
leaf_value=0.077922889720648536 0.226832392540845 -0.13715724742838317 0.1352765339612961 -0.18153298617828462 0.095076085548651851 0.13317733913660051 -0.18568053298319381 -0.080457800885905401 0.14470788277685642 -0.085185909022887557 -0.14711602301824661 0.25609227266783513 -0.076279890995759228 -0.10596587745391804 -0.05108995266534664 0.074672346279025081 0.092576312752706669 0.0037062302555199971 -0.048498658359878599 0.10786740690469743 -0.12608278155326844 -0.0017307099821563397 -0.0047479087288709405 -0.12611733731769381 -0.0015110198517932613 0.0685573356377112 0.1147500559856946 0.0055405771841301396 -0.14238115385174752 -0.010910171296266953
leaf_weight=20 22 28 20 21 38 25 36 23 21 36 21 24 39 23 27 25 28 365 36 30 20 36 47 21 34 37 22 147 20 98
leaf_count=20 22 28 20 21 38 25 36 23 21 36 21 24 39 23 27 25 28 365 36 30 20 36 47 21 34 37 22 147 20 98
internal_value=-8.9809e-10 -0.00364789 -0.000858143 -0.00292079 -3.3294e-05 -0.0028994 -0.0619714 0.0308105 0.00131644 -0.00128842 0.00140829 0.041362 -0.00225219 -0.0322598 0.00380913 0.000774816 -0.00111032 0.0020051 -0.000772551 0.00118656 -0.00263022 0.0480866 0.000491215 -0.00272266 -0.049088 0.0275413 0.00118853 0.0197572 -0.00530858 -0.0331934
internal_weight=1390 1368 1340 1320 1299 1261 84 48 1177 1156 1120 94 1026 70 47 1005 980 941 913 877 811 66 791 707 55 84 652 169 483 118
internal_count=1390 1368 1340 1320 1299 1261 84 48 1177 1156 1120 94 1026 70 47 1005 980 941 913 877 811 66 791 707 55 84 652 169 483 118
is_linear=0
shrinkage=0.1


Tree=149
num_leaves=31
num_cat=0
split_feature=3 0 2 4 4 4 2 1 1 2 2 0 2 1 1 0 1 0 0 0 3 2 2 3 5 3 3 0 2 3
split_gain=99.7463 728.936 602.168 66.1119 58.587 33.6847 20.5799 22.3702 56.8027 28.9266 27.9963 17.6096 15.7829 57.698 54.6646 34.0601 15.6349 8.05452 14.3483 9.73401 5.44407 15.322 14.8253 10.9776 19.1932 9.63044 16.7344 16.9735 29.017 10.0369
threshold=241.12500000000003 391.21875000000006 212.25000000000003 227.73437500000003 187.41666666666669 147.31250000000003 29.921875000000004 36.140625000000007 44.593750000000007 47.093750000000007 51.953125000000007 137.54687500000003 336.68750000000006 275.25000000000006 248.14062500000003 227.00000000000003 212.25000000000003 188.75000000000003 180.80208333333337 170.25000000000003 129.63333333333335 74.733333333333348 170.25000000000003 115.60000000000001 16.500000000000004 95.920833333333363 97.761718750000014 72.843750000000014 89.804761904761918 83.406250000000014
decision_type=2 2 2 2 2 2 2 2 2 2 2 2 2 2 2 2 2 2 2 2 2 2 2 2 2 2 2 2 2 2
left_child=1 6 3 4 5 11 -1 -8 -9 -10 -11 -2 13 14 15 16 17 18 19 20 23 -22 -23 25 -25 29 -27 -28 -29 -12
right_child=2 -3 -4 -5 -6 -7 7 8 9 10 12 -13 -14 -15 -16 -17 -18 -19 -20 -21 21 22 -24 24 -26 26 27 28 -30 -31
leaf_value=-0.097012911949838909 -0.026462232328909027 -0.60740736126899719 0.58813330560922628 -0.16417010995474729 0.17526044919199887 -0.11747028822918021 -0.075964771424021041 0.12544150263267129 0.11219205623087676 -0.11835219427943229 0.0021446660494375629 0.10318806119263174 0.064356653313887749 -0.15452570294340451 0.1620069933789117 -0.12702140456863814 0.06457637211209849 -0.045336023890055144 0.079052737711564361 -0.060069299344387317 0.086489519766635381 -0.013324336371281081 0.077429644221609292 -0.11536109531703204 -0.00018198440472284955 0.10327504807236521 -0.075843426883220683 0.13368125552311541 0.0019494109038336604 -0.031019162364148846
leaf_weight=21 22 20 20 22 21 22 35 38 23 20 381 20 38 24 21 21 38 39 23 27 27 99 22 23 39 22 20 20 102 120
leaf_count=21 22 20 20 22 21 22 35 38 23 20 381 20 38 24 21 21 38 39 23 27 27 99 22 23 39 22 20 20 102 120
internal_value=-2.95856e-10 -0.00849457 0.0844775 -0.00966381 0.0303261 -0.0172305 0.001142 0.00282879 0.0051521 0.00117386 -0.00109383 0.035276 0.00102658 -0.00122674 0.00229738 -0.000981121 0.00166044 -0.000819647 0.00105726 -0.000931539 0.000893284 0.0183754 0.00317639 -0.00266566 -0.0429097 0.00108641 0.0221198 0.00954645 0.0235448 -0.00579877
internal_weight=1390 1263 127 107 85 64 1243 1222 1187 1149 1126 42 1106 1068 1044 1023 1002 964 925 902 875 148 121 727 62 665 164 142 122 501
internal_count=1390 1263 127 107 85 64 1243 1222 1187 1149 1126 42 1106 1068 1044 1023 1002 964 925 902 875 148 121 727 62 665 164 142 122 501
is_linear=0
shrinkage=0.1


Tree=150
num_leaves=31
num_cat=0
split_feature=0 2 5 0 4 0 4 0 0 3 4 3 3 4 1 1 3 0 2 4 4 2 3 2 4 4 1 1 3 2
split_gain=130.185 56.7149 156.851 48.5766 28.6635 49.1563 23.9051 23.8732 46.3498 18.4306 13.2797 74.077 28.2017 23.8198 28.0454 73.7176 71.8264 27.5352 31.7488 31.2658 35.2166 45.1076 23.9965 22.4591 13.4152 23.3829 18.0335 12.2451 10.019 19.0109
threshold=382.67187500000006 242.41666666666666 16.500000000000004 263.68333333333339 336.68750000000006 212.25000000000003 396.83333333333343 314.00000000000006 253.25000000000003 180.58333333333337 199.25000000000003 196.25000000000003 156.50000000000003 188.75000000000003 42.925781250000007 47.093750000000007 97.377976190476204 172.83333333333334 196.25000000000003 177.25000000000003 163.35000000000002 52.984375000000007 152.20312500000003 79.204166666666694 148.58333333333334 133.98437500000003 163.35000000000002 148.58333333333334 95.920833333333363 83.039682539682545
decision_type=2 2 2 2 2 2 2 2 2 2 2 2 2 2 2 2 2 2 2 2 2 2 2 2 2 2 2 2 2 2
left_child=1 3 -3 4 5 10 -6 8 -4 -7 13 12 23 14 16 -16 -1 18 19 20 21 -17 -19 -12 25 26 27 28 -23 -30
right_child=-2 2 7 -5 6 9 -8 -9 -10 -11 11 -13 -14 -15 15 17 -18 22 -20 -21 -22 24 -24 -25 -26 -27 -28 -29 29 -31
leaf_value=0.0011940653373797737 0.20605437378088634 -0.25117390155792235 -0.045449849627912042 0.15187436171940394 0.13155171645098721 -0.045735704712569714 -0.0066838931630958213 -0.069472910676683694 0.16984011992812156 -0.18149507287889721 -0.098893721308559182 -0.17818741887393927 0.11186269940364929 0.10576072529974311 0.18232900733533114 -0.14486171787693389 -0.21003901795907454 -0.0025191479362547398 -0.10013864528049121 -0.12351772889494897 0.13409102225676181 -0.0037946353485173545 0.11501293749009307 0.019180078226692824 0.074320038608633551 -0.083751469105482104 0.098602482602000247 -0.067899763274666236 0.090133224214826321 0.009281677940216046
leaf_weight=60 30 34 20 21 29 20 22 21 20 20 24 27 21 22 23 21 22 32 33 20 20 433 38 49 26 31 20 24 35 172
leaf_count=60 30 34 20 21 29 20 22 21 20 20 24 27 21 22 23 21 22 32 33 20 20 433 38 49 26 31 20 24 35 172
internal_value=7.8749e-10 -0.00454532 -0.0790636 0.00105092 -0.00149514 -0.00463362 0.0719207 0.0168668 0.0621951 -0.113615 -0.000852812 -0.0321948 0.00973927 0.00282197 0.000579744 0.00553314 -0.0554782 0.00103999 -0.00401041 -5.50063e-05 0.00310261 -0.000335408 0.061284 -0.0196387 0.00376048 0.00119468 0.00504458 0.00222657 0.0048563 0.0229522
internal_weight=1390 1360 95 1265 1244 1193 51 61 40 40 1153 121 94 1032 1010 928 82 905 835 802 782 762 70 73 741 715 684 664 640 207
internal_count=1390 1360 95 1265 1244 1193 51 61 40 40 1153 121 94 1032 1010 928 82 905 835 802 782 762 70 73 741 715 684 664 640 207
is_linear=0
shrinkage=0.1


Tree=151
num_leaves=31
num_cat=0
split_feature=0 0 1 3 0 3 2 0 2 0 1 1 4 3 3 1 0 3 4 0 2 1 5 0 2 3 3 0 2 5
split_gain=105.45 49.6989 82.9802 33.294 87.6881 28.9892 12.376 15.2766 11.0577 68.2494 72.0746 37.7976 27.7888 25.8488 13.4835 8.74046 16.9712 7.27074 44.8477 11.6762 4.90982 8.14347 5.32098 8.33931 8.11942 6.35153 6.03788 6.92204 17.5688 18.2136
threshold=382.67187500000006 309.04687500000006 347.46666666666675 396.83333333333343 270.03125000000006 332.84375000000006 253.25000000000003 227.00000000000003 49.033333333333339 66.129166666666677 54.890625000000007 48.031250000000007 91.996093750000014 44.775000000000006 283.40625000000006 212.25000000000003 196.25000000000003 207.30729166666669 146.19669117647064 183.8666666666667 203.18020833333335 175.21875000000003 20.500000000000004 84.375000000000014 109.51562500000001 97.046875000000014 190.33333333333334 112.04687500000001 115.60000000000001 16.500000000000004
decision_type=2 2 2 2 2 2 2 2 2 2 2 2 2 2 2 2 2 2 2 2 2 2 2 2 2 2 2 2 2 2
left_child=1 3 -3 4 5 6 7 8 9 12 -11 -10 13 -1 15 16 17 19 -19 20 21 22 26 -24 25 -25 27 28 -13 -30
right_child=-2 2 -4 -5 -6 -7 -8 -9 11 10 -12 14 -14 -15 -16 -17 -18 18 -20 -21 -22 -23 23 24 -26 -27 -28 -29 29 -31
leaf_value=0.048162027974815474 0.18544892013072967 -0.25793701231479649 0.030125776231288912 -0.12275251901962542 0.19067491876582307 -0.096239348419476303 0.061541332211345438 -0.082185100245734929 0.12021452122264438 -0.26849217936396602 -0.011454518636067709 0.0059561146737138939 0.09191215822162728 -0.10345601113513113 0.079675754802745025 0.051893105010191599 -0.076958228349685673 0.060597603782438315 -0.11884136438369751 0.077160400561988363 0.037145495502387778 -0.060300111932599022 -0.073816031023212103 -0.012003908539249097 -0.037292176176031887 0.061668844842775308 -0.050898553724109667 0.02486133722561425 -0.11662407886981965 -0.0034662391538872865
leaf_weight=23 30 20 20 22 24 32 32 23 27 20 24 491 36 22 21 30 30 26 30 20 34 23 23 25 44 22 20 138 25 33
leaf_count=23 30 20 20 22 24 32 32 23 27 20 24 491 36 22 21 30 30 26 30 20 34 23 23 25 44 22 20 138 25 33
internal_value=2.4141e-10 -0.00409078 -0.113906 -0.000763063 0.00130456 -0.00226286 0.000158433 -0.00146492 9.91648e-05 -0.0280338 -0.12829 0.00341048 0.0264263 -0.0259623 0.000363417 -0.00127915 -0.00290025 -0.000571384 -0.0355304 0.00160869 -0.000112307 -0.00161321 3.08774e-05 -0.0200176 -0.00642021 0.0224812 0.00326359 0.00484036 -0.000192232 -0.0522412
internal_weight=1390 1360 40 1320 1298 1274 1242 1210 1187 125 44 1062 81 45 1035 1014 984 954 56 898 878 844 821 114 91 47 707 687 549 58
internal_count=1390 1360 40 1320 1298 1274 1242 1210 1187 125 44 1062 81 45 1035 1014 984 954 56 898 878 844 821 114 91 47 707 687 549 58
is_linear=0
shrinkage=0.1


Tree=152
num_leaves=31
num_cat=0
split_feature=3 0 2 0 1 0 0 3 3 3 1 3 1 1 2 1 6 3 4 1 1 4 4 1 0 2 0 2 4 4
split_gain=95.1289 234.896 216.204 519.413 144.181 25.0696 13.6552 103.125 24.3925 12.04 11.785 101.034 42.2845 22.7765 11.211 13.1874 27.6282 12.2413 8.37436 18.7732 12.5295 9.22893 12.4786 18.7796 14.9201 12.5459 12.9619 10.846 10.0623 9.98287
threshold=336.68750000000006 199.25000000000003 323.00000000000006 382.67187500000006 283.40625000000006 253.25000000000003 207.30729166666669 170.25000000000003 135.15625000000003 121.87500000000001 44.593750000000007 110.92708333333336 47.093750000000007 38.000000000000007 50.039062500000007 58.015625000000007 4.5000000000000009 55.929687500000007 270.03125000000006 153.75000000000003 209.25000000000003 44.775000000000006 53.187500000000007 61.093750000000007 58.67460317460317 58.67460317460317 66.516666666666694 71.785156250000014 71.275793650793659 208.25000000000003
decision_type=2 2 2 2 2 2 2 2 2 2 2 2 2 2 2 2 2 2 2 2 2 2 2 2 2 2 2 2 2 2
left_child=2 -2 4 9 5 6 10 8 -8 -4 11 13 -12 -1 -14 16 17 -16 20 -20 21 -17 -23 -24 -25 -26 28 -28 -27 -29
right_child=1 -3 3 -5 -6 -7 7 -9 -10 -11 12 -13 14 -15 15 18 -18 -19 19 -21 -22 22 23 24 25 26 27 29 -30 -31
leaf_value=0.016188708746007512 -0.036253981975217661 0.39157335644676572 0.067514222150757197 -0.60697503864765168 0.26339886330422901 -0.10662029060450467 0.022640638872981074 0.20037136754164331 -0.13354048483073711 -0.040898698717355735 -0.14493889212608338 0.20046571441567862 -0.058988063082550515 -0.1002478291613183 0.04299961922295166 -0.058243258498609063 0.13462542231956667 -0.049768830150365831 -0.00044978312216699124 -0.10589895457029344 -0.078485025130212313 0.060179773036302446 -0.090334998266189362 0.086502433905289292 -0.073360724289986232 -0.067248295806348321 0.080014610048383478 0.0023925857164839499 0.018607635768130421 0.061505037645498917
leaf_weight=42 33 21 21 20 21 22 20 26 20 20 21 26 33 28 33 25 22 25 52 25 20 37 22 21 22 43 20 599 20 30
leaf_count=42 33 21 21 20 21 22 20 26 20 20 21 26 33 28 33 25 22 25 52 25 20 37 22 21 22 43 20 599 20 30
internal_value=6.37395e-11 0.130123 -0.00525948 -0.189175 0.00353962 -0.000812089 0.00107734 0.0453282 -0.0554499 0.0146299 -0.00142742 0.0321364 -0.00443875 -0.0303859 -0.00162607 0.000237063 0.0392066 0.00301322 -0.00309366 -0.0346865 -0.000261708 0.00160297 0.003441 0.000739155 0.00339297 0.00101518 0.00331331 0.00751711 -0.0399924 0.00521194
internal_weight=1390 54 1336 61 1275 1254 1232 66 40 41 1166 96 1070 70 1049 1016 80 58 936 77 859 839 814 777 755 734 712 649 63 629
internal_count=1390 54 1336 61 1275 1254 1232 66 40 41 1166 96 1070 70 1049 1016 80 58 936 77 859 839 814 777 755 734 712 649 63 629
is_linear=0
shrinkage=0.1


Tree=153
num_leaves=31
num_cat=0
split_feature=0 2 3 4 4 0 4 0 3 3 3 3 1 0 0 1 6 2 2 0 2 0 0 4 4 4 4 4 2 2
split_gain=119.367 56.8515 141.966 49.5062 67.994 40.2834 25.0026 42.213 23.1092 22.1755 12.6765 22.6302 10.0764 112.659 41.4837 35.1135 32.3783 11.6294 11.3536 9.40514 11.6735 14.0142 8.305 11.6527 9.52307 35.131 18.2412 15.6101 12.0652 6.90731
threshold=382.67187500000006 242.41666666666666 166.75000000000003 107.02083333333336 89.191406250000014 263.68333333333339 336.68750000000006 212.25000000000003 185.25000000000003 180.58333333333337 353.25000000000006 296.31250000000006 44.593750000000007 51.031250000000007 36.140625000000007 47.093750000000007 2.5000000000000004 50.039062500000007 56.031250000000007 197.83333333333334 216.08333333333334 175.21875000000003 163.35000000000002 275.25000000000006 147.31250000000003 167.68750000000003 128.84926470588238 227.73437500000003 90.669146825396837 170.25000000000003
decision_type=2 2 2 2 2 2 2 2 2 2 2 2 2 2 2 2 2 2 2 2 2 2 2 2 2 2 2 2 2 2
left_child=1 5 3 4 -3 6 7 10 -8 -9 11 12 13 14 16 -14 -1 -17 -19 20 21 22 23 24 26 -26 29 28 -27 -20
right_child=-2 2 -4 -5 -6 -7 8 9 -10 -11 -12 -13 15 -15 -16 17 -18 18 19 -21 -22 -23 -24 -25 25 27 -28 -29 -30 -31
leaf_value=-0.052587167575955399 0.19730732003847759 0.053107692706196211 -0.26805944134082116 0.11512534289310378 -0.19900255439803005 0.13859733967554003 -0.0038981196780999506 -0.030534118041396142 0.13096393349545973 -0.17944849509745839 0.074685010076923811 -0.086219302495761263 -0.13044500067120507 0.24218568042851985 -0.13341203645492594 -0.062154178475511496 0.11002353127114475 0.056436731575711357 0.002063568660916833 0.063081863133803665 0.073862650543451314 -0.061999165204067078 0.052868822669344284 -0.072686780568050308 0.12821337445997275 -0.10014089528471232 -0.071841451211979518 0.062164641136214852 0.0040640769302845003 -0.040325594920574165
leaf_weight=25 30 23 28 24 20 21 24 20 27 20 22 31 21 20 24 29 24 37 616 23 20 39 28 23 26 20 38 21 25 41
leaf_count=25 30 23 28 24 20 21 24 20 27 20 22 31 21 20 24 29 24 37 616 23 20 39 28 23 26 20 38 21 25 41
internal_value=9.86599e-12 -0.00435237 -0.0789603 6.61802e-05 -0.0641529 0.0012506 -0.00106795 -0.00399917 0.0674994 -0.104991 -0.000495536 -0.00195793 0.000416705 0.0319109 -0.0256987 -0.00249189 0.0270589 0.000233276 0.00212381 -6.0519e-05 -0.00167955 -0.0034023 -0.000675234 -0.00252614 -0.000475701 0.0297586 -0.00447794 -0.00902664 -0.0422492 -0.000581722
internal_weight=1390 1360 95 67 43 1265 1244 1193 51 40 1153 1131 1100 93 73 1007 49 986 957 920 897 877 838 810 787 92 695 66 45 657
internal_count=1390 1360 95 67 43 1265 1244 1193 51 40 1153 1131 1100 93 73 1007 49 986 957 920 897 877 838 810 787 92 695 66 45 657
is_linear=0
shrinkage=0.1


Tree=154
num_leaves=31
num_cat=0
split_feature=1 3 1 3 4 4 5 2 1 0 1 1 4 2 3 2 1 1 0 3 4 3 0 3 0 5 3 6 4 4
split_gain=104.423 56.1897 221.061 43.511 23.8279 50.7693 34.9273 26.7963 20.9842 60.5246 11.4884 44.4852 144.125 44.2587 17.6973 64.2765 50.3687 34.4857 21.4557 21.9747 39.6772 23.6018 11.8756 11.5927 11.2076 7.40834 8.21665 6.69099 18.8877 17.5392
threshold=396.83333333333343 218.75000000000003 225.12500000000003 204.25000000000003 157.41666666666671 130.30000000000004 12.500000000000002 134.5588235294118 314.00000000000006 263.68333333333339 36.140625000000007 44.593750000000007 89.804761904761918 35.645833333333336 173.87500000000003 50.039062500000007 96.614583333333357 139.65625000000003 230.25000000000003 156.50000000000003 152.20312500000003 150.17187500000003 196.25000000000003 143.59375000000003 135.15625000000003 1.5000000000000002 87.612500000000011 3.5000000000000004 108.16250000000001 56.031250000000007
decision_type=2 2 2 2 2 2 2 2 2 2 2 2 2 2 2 2 2 2 2 2 2 2 2 2 2 2 2 2 2 2
left_child=1 3 4 8 5 24 -6 -8 9 10 13 12 -12 -1 15 -13 -16 -18 19 21 -21 23 -19 25 -3 26 -17 -27 29 -29
right_child=-2 2 -4 -5 6 -7 7 -9 -10 -11 11 14 -14 -15 16 18 17 22 -20 20 -22 -23 -24 -25 -26 27 -28 28 -30 -31
leaf_value=0.053475489629351572 0.2161335208199241 -0.040856064235170686 -0.36173464542343503 0.11369597341333118 0.13210255395282397 -0.18905580781400205 -0.094482373946812012 0.056566292079894442 0.074665901064872739 -0.17428271666169168 0.29764114059507846 -0.18194440811872484 -0.077450449906644375 -0.13873889952898028 0.17743358319359168 -0.00040422887014189985 -0.10596577548200177 0.10414079837722792 -0.10067712153707231 -0.028880442501533599 0.16123749759534134 -0.10419793407517403 -0.0035290683805942538 0.074090546724342163 0.057910119554726407 0.0028063289770582402 0.059633052791468799 -0.052217944171279673 -0.093300951252980491 0.0086144837625324721
leaf_weight=23 22 27 21 35 22 20 24 23 37 20 20 20 21 25 21 53 21 21 21 21 23 22 20 21 20 457 40 65 29 175
leaf_count=23 22 27 21 35 22 20 24 23 37 20 20 20 21 25 21 53 21 21 21 21 23 22 20 21 20 457 40 65 29 175
internal_value=-5.02315e-10 -0.00347583 -0.0597627 0.00382148 -0.0131347 -0.0556124 0.0281117 -0.0205649 0.000551406 -0.00185618 0.00122562 0.00337069 0.105521 -0.0466362 -0.000695492 -0.00457609 0.0435807 -0.00175655 -0.000749373 0.00156683 0.0704994 -0.00195177 0.0516189 0.00072611 0.0011721 -0.00115503 0.0254183 -0.00455905 -0.017072 -0.00786097
internal_weight=1390 1368 157 1211 136 67 69 47 1176 1139 1119 1071 41 48 1030 947 83 62 927 906 44 862 41 840 47 819 93 726 269 240
internal_count=1390 1368 157 1211 136 67 69 47 1176 1139 1119 1071 41 48 1030 947 83 62 927 906 44 862 41 840 47 819 93 726 269 240
is_linear=0
shrinkage=0.1


Tree=155
num_leaves=31
num_cat=0
split_feature=3 0 2 4 4 4 0 0 1 3 2 3 3 5 0 1 3 4 0 4 6 2 6 3 2 0 3 4 0 3
split_gain=88.4277 676.41 521.179 57.7062 46.5281 26.2007 15.7572 14.3423 72.6442 38.4069 22.228 21.8544 17.7581 55.5548 53.3956 47.7923 207.939 119.204 100.004 16.6528 32.6369 25.7549 20.1453 27.7955 15.6168 21.6849 10.4975 18.9563 13.8164 9.49936
threshold=241.12500000000003 391.21875000000006 212.25000000000003 227.73437500000003 187.41666666666669 147.31250000000003 137.54687500000003 60.415873015873025 51.953125000000007 103.59375000000001 48.031250000000007 81.015625000000014 74.250000000000014 8.5000000000000018 336.68750000000006 218.75000000000003 117.59375000000001 183.6166666666667 212.25000000000003 64.484375000000014 3.5000000000000004 60.415873015873025 2.5000000000000004 39.62916666666667 57.518750000000004 197.83333333333334 53.093750000000007 56.031250000000007 73.164062500000014 216.08333333333334
decision_type=2 2 2 2 2 2 2 2 2 2 2 2 2 2 2 2 2 2 2 2 2 2 2 2 2 2 2 2 2 2
left_child=1 7 3 4 5 6 -2 9 -9 11 -10 19 13 26 15 18 -17 -18 24 20 22 -21 23 -1 -14 29 -12 -28 -29 -26
right_child=2 -3 -4 -5 -6 -7 -8 8 10 -11 12 -13 14 -15 -16 16 17 -19 -20 21 -22 -23 -24 -25 25 -27 27 28 -30 -31
leaf_value=0.051514033334595824 -0.025154247018111742 -0.58492921531200415 0.5481035751104355 -0.15239194963466041 0.15847957955584641 -0.10146669193424962 0.097487292084842928 0.19510777607560159 0.10440005858739217 -0.14381994009017945 0.055936142350688126 0.07812113693127265 -0.086718515950170438 0.15222684033835929 -0.15036163377761841 -0.10808025363429979 0.065719270304991653 0.38604964294603894 -0.23104324340820315 -0.022284149653500035 -0.11402457689003248 0.11559104956686497 0.070153007149696342 -0.095655466830640135 -0.0071184170653966622 0.094292866665384056 -0.087724292743951091 -0.02664306707452592 0.041371941285615325 0.061368460314614438
leaf_weight=21 22 20 20 22 21 22 20 20 21 23 33 26 22 30 25 37 26 21 20 42 41 20 25 33 569 23 24 56 64 21
leaf_count=21 22 20 20 22 21 22 20 20 21 23 33 26 22 30 25 37 26 21 20 42 41 20 25 33 569 23 24 56 64 21
internal_value=-2.76503e-10 -0.0079981 0.0795402 -0.00804174 0.0293195 -0.0130612 0.0332465 0.00128478 0.00641682 -0.0211984 0.00261256 -0.00763934 0.000411187 0.0263918 -0.00662807 -0.00176563 0.0692473 0.208846 -0.0108726 -0.0198908 -0.0416335 0.0221917 -0.00406342 -0.0384229 -0.00393813 -0.00096722 0.00506385 -0.00659438 0.0096316 -0.00468075
internal_weight=1390 1263 127 107 85 64 42 1243 1012 231 992 208 971 207 764 739 84 47 655 182 120 62 79 54 635 613 177 144 120 590
internal_count=1390 1263 127 107 85 64 42 1243 1012 231 992 208 971 207 764 739 84 47 655 182 120 62 79 54 635 613 177 144 120 590
is_linear=0
shrinkage=0.1


Tree=156
num_leaves=31
num_cat=0
split_feature=0 0 3 1 4 3 1 1 0 0 3 4 3 2 2 0 1 4 4 3 5 3 4 6 2 3 2 0 2 3
split_gain=120.994 49.5535 161.446 23.698 18.7601 20.472 17.6369 33.6629 88.9848 55.2801 51.6099 42.0261 18.4098 14.3481 55.8991 53.8405 82.0807 18.7056 22.4512 17.7152 22.0393 14.3178 23.8426 13.2975 8.28975 67.5698 23.6543 8.99202 7.357 20.9266
threshold=382.67187500000006 273.20312500000006 199.25000000000003 341.78125000000006 336.68750000000006 185.25000000000003 257.26562500000006 185.25000000000003 227.00000000000003 197.83333333333334 172.83333333333334 180.58333333333337 336.68750000000006 49.033333333333339 52.984375000000007 66.129166666666677 54.890625000000007 91.355406746031761 45.562500000000007 216.08333333333334 18.500000000000004 181.58333333333334 158.59375000000003 3.5000000000000004 61.734375000000007 90.218750000000014 64.86875000000002 49.033333333333339 71.785156250000014 83.406250000000014
decision_type=2 2 2 2 2 2 2 2 2 2 2 2 2 2 2 2 2 2 2 2 2 2 2 2 2 2 2 2 2 2
left_child=1 4 3 -3 6 -6 7 9 10 12 11 23 13 15 -15 17 -17 18 -1 21 -21 24 -23 -9 25 27 -26 -16 29 -28
right_child=-2 2 -4 -5 5 -7 -8 8 -10 -11 -12 -13 -14 14 19 16 -18 -19 -20 20 -22 22 -24 -25 26 -27 28 -29 -30 -31
leaf_value=0.038132328540086746 0.19864730775356293 -0.049423829555511473 -0.32598329097032552 0.096617916375398641 -0.0078618120402097705 0.11907216636119065 0.08421265936416128 -0.076432484611868856 -0.22637271909043194 0.16213879131135489 -0.11756698060780764 0.15824560940265656 -0.090189511231754144 0.15845774629598727 0.00684196704200336 -0.27024702161550523 0.0067504266034001895 0.070121182511664104 -0.10532589704729617 0.1200855071414952 -0.00093029901275739962 0.013367350568825549 -0.13559976546537308 0.028835190615306303 -0.086095855588262729 0.17845797213641079 0.064304076031678245 -0.077544091909152013 -0.0031297941767011901 -0.046357239034026859
leaf_weight=24 30 25 20 20 24 27 23 20 24 21 32 20 23 23 28 20 23 36 20 27 34 22 21 30 33 22 54 23 616 25
leaf_count=24 30 25 20 20 24 27 23 20 24 21 32 20 23 23 28 20 23 36 20 27 34 22 21 30 33 22 54 23 616 25
internal_value=-9.95309e-11 -0.00438193 -0.0895831 0.0154836 -0.000105418 0.0593385 -0.00254243 -0.00417664 -0.0531252 0.0014558 -0.012361 0.0357331 -0.00168605 0.000250754 0.00450453 -0.0318428 -0.122086 0.0166628 -0.027076 0.000591905 0.0526341 -0.00316944 -0.059384 -0.0132719 -0.000151674 0.0319745 -0.00337311 -0.0312145 0.000554728 0.0292847
internal_weight=1390 1360 65 45 1295 51 1244 1221 126 1095 102 70 1074 1051 928 123 43 80 44 905 61 844 43 50 801 73 728 51 695 79
internal_count=1390 1360 65 45 1295 51 1244 1221 126 1095 102 70 1074 1051 928 123 43 80 44 905 61 844 43 50 801 73 728 51 695 79
is_linear=0
shrinkage=0.1


Tree=157
num_leaves=31
num_cat=0
split_feature=0 2 5 0 2 1 2 4 0 3 2 2 2 1 1 0 2 4 6 1 1 4 0 2 1 2 3 4 4 3
split_gain=98.1046 51.3297 147.091 46.097 20.9313 19.5192 58.1398 169.686 56.8883 32.6701 34.5088 18.6142 13.36 22.7507 14.8319 12.6175 52.5533 14.6933 8.73493 6.3769 9.64103 18.1056 10.8839 9.80752 7.05527 13.0531 42.0225 19.5453 9.19194 12.8457
threshold=368.00000000000006 242.41666666666666 16.500000000000004 263.68333333333339 27.483333333333338 42.925781250000007 50.039062500000007 181.58333333333334 36.140625000000007 332.84375000000006 153.75000000000003 323.00000000000006 225.12500000000003 212.25000000000003 201.30000000000004 185.25000000000003 111.40808823529413 341.78125000000006 2.5000000000000004 49.033333333333339 58.015625000000007 95.127083333333346 50.039062500000007 58.67460317460317 61.734375000000007 71.162500000000009 66.062500000000014 49.745833333333337 62.070684523809526 65.625000000000014
decision_type=2 2 2 2 2 2 2 2 2 2 2 2 2 2 2 2 2 2 2 2 2 2 2 2 2 2 2 2 2 2
left_child=1 3 -3 4 -1 8 7 -7 18 12 -11 -4 13 14 15 17 -17 19 -6 -8 21 22 -21 -22 -25 26 -26 -27 29 -29
right_child=-2 2 11 -5 5 6 9 -9 -10 10 -12 -13 -14 -15 -16 16 -18 -19 -20 20 23 -23 -24 24 25 27 -28 28 -30 -31
leaf_value=0.10000736087560654 0.16777516743716073 -0.24529749813179175 -0.043696291744709015 0.14793511685870944 -0.024206486344337464 0.28076446021978674 -0.050889276123295225 -0.096586486595598139 -0.15335782216861846 -0.18621387841645631 -0.0026731589454270545 0.070216956362128255 -0.078346946158192377 0.10602538414299488 -0.086938226036727434 -0.0448774186372757 0.17260354090482 -0.066961930867503669 0.067105536399917162 0.043625089553771201 -0.067527159561657099 0.11212669340046971 -0.053704487569630144 -0.044433637938516984 -0.052602258581072626 -0.079445099385996032 0.11238571030921059 0.082618982391431936 -0.0020121604991693272 -0.0069831251632422216
leaf_weight=20 34 33 26 21 20 26 24 22 32 20 21 32 22 20 20 25 20 34 22 27 22 22 20 34 26 31 38 32 612 32
leaf_count=20 34 33 26 21 20 26 24 22 32 20 21 32 22 20 20 25 20 34 22 27 22 22 20 34 26 31 38 32 612 32
internal_value=-2.87644e-10 -0.00420675 -0.076747 0.00101156 -0.00146866 -0.00312677 7.66051e-05 0.107812 -0.0529089 -0.00461604 -0.0922052 0.0191524 -0.00123135 0.00040151 -0.00167158 3.54617e-05 0.0517808 -0.00240536 0.0236236 -1.9569e-05 0.00134301 0.0372547 0.00220825 -0.00165325 0.000147033 0.00211298 0.0453593 -0.00180183 0.00175874 0.0378179
internal_weight=1390 1356 91 1265 1244 1224 1150 48 74 1102 41 58 1061 1039 1019 999 45 954 42 920 896 69 47 827 805 771 64 707 676 64
internal_count=1390 1356 91 1265 1244 1224 1150 48 74 1102 41 58 1061 1039 1019 999 45 954 42 920 896 69 47 827 805 771 64 707 676 64
is_linear=0
shrinkage=0.1


Tree=158
num_leaves=31
num_cat=0
split_feature=3 5 2 0 1 0 0 3 3 3 0 1 1 1 0 1 2 2 4 5 0 2 1 0 2 3 6 5 5 4
split_gain=90.1138 221.88 203.018 471.458 146.988 18.4293 18.8339 83.0169 11.0843 84.0549 29.2462 87.4767 16.3957 48.8385 29.5216 15.459 12.7459 14.5125 14.0403 52.4377 13.667 13.2507 22.7744 10.4377 7.72791 7.66435 7.06962 8.01211 12.7049 49.2604
threshold=336.68750000000006 15.500000000000002 323.00000000000006 382.67187500000006 283.40625000000006 253.25000000000003 213.75000000000003 162.00000000000003 128.32812500000003 120.21875000000001 72.218750000000014 61.093750000000007 47.093750000000007 38.000000000000007 39.484375000000007 29.921875000000004 58.67460317460317 81.260416666666671 231.75000000000003 14.500000000000002 117.90625000000001 196.25000000000003 170.25000000000003 150.70000000000002 56.031250000000007 121.87500000000001 1.0000000180025095e-35 19.500000000000004 8.5000000000000018 79.731250000000003
decision_type=2 2 2 2 2 2 2 2 2 2 2 2 2 2 2 2 2 2 2 2 2 2 2 2 2 2 2 2 2 2
left_child=2 -2 4 25 5 6 8 -8 9 12 -10 -12 13 15 -15 -1 -13 -18 21 -20 -21 22 23 -19 -14 -4 -26 28 -28 -30
right_child=1 -3 3 -5 -6 -7 7 -9 10 -11 11 16 24 14 -16 -17 17 18 19 20 -22 -23 -24 -25 26 -27 27 -29 29 -31
leaf_value=-0.033291330216452482 0.29471999090164902 -0.1178230599754236 0.05302478557541257 -0.58138427197933196 0.26578383105141773 -0.091705581003969361 -0.038483258449670044 0.21971262171864511 0.084660123718472632 0.14753117843602712 -0.22284742008805988 -0.06725254488281078 0.055764040967019701 -0.037308606748347697 -0.19934066145850177 0.085749580028156441 0.072077897320622988 0.010273144329072569 -0.17614238092845136 -0.0453915907163173 0.068826702575791973 -0.057602040007196625 0.092295360853595132 -0.0681898482853458 -0.031983711762774376 -0.033473006933927539 -0.00049278693074710357 -0.020417297693278196 0.18010920099914074 0.009615584103776529
leaf_weight=20 32 22 21 20 21 22 33 20 26 39 21 36 26 23 22 24 23 88 22 20 22 29 31 21 62 20 378 115 20 111
leaf_count=20 32 22 21 20 21 22 33 20 26 39 21 36 26 23 22 24 23 88 22 20 22 29 31 21 62 20 378 115 20 111
internal_value=2.45433e-10 0.126647 -0.00511896 -0.183338 0.0034076 -0.000986258 0.00063373 0.0589491 -0.00198774 0.00417192 -0.0172506 -0.0257161 -0.00280812 -0.0432745 -0.116524 0.0316401 -0.0115388 -0.00370406 -0.0111847 -0.0510746 0.014437 0.00392158 0.0166658 -0.00484358 0.00225018 0.0108307 0.000221955 0.00342188 0.00880794 0.0356451
internal_weight=1390 54 1336 61 1275 1254 1232 53 1179 840 339 313 801 89 45 44 292 256 233 64 42 169 140 109 712 41 686 624 509 131
internal_count=1390 54 1336 61 1275 1254 1232 53 1179 840 339 313 801 89 45 44 292 256 233 64 42 169 140 109 712 41 686 624 509 131
is_linear=0
shrinkage=0.1


Tree=159
num_leaves=31
num_cat=0
split_feature=1 3 1 3 4 4 4 1 0 2 5 1 0 0 0 0 1 6 3 2 2 0 0 2 0 5 0 3 3 2
split_gain=112.663 53.9592 183.374 38.7634 20.8819 41.3842 30.3081 17.8711 56.9964 19.8507 12.7958 40.7544 47.4799 17.4855 15.4998 13.4743 42.0225 14.3674 12.422 14.2143 12.8631 8.16503 6.74418 5.92991 5.92953 20.7467 19.8188 7.66122 33.2348 25.9195
threshold=396.83333333333343 218.75000000000003 225.12500000000003 204.25000000000003 157.41666666666671 130.30000000000004 210.25000000000003 309.04687500000006 253.25000000000003 353.25000000000006 1.5000000000000002 230.25000000000003 207.30729166666669 196.25000000000003 94.520833333333343 38.000000000000007 44.593750000000007 3.5000000000000004 190.33333333333334 50.039062500000007 54.890625000000007 135.15625000000003 180.80208333333337 93.14980158730161 150.70000000000002 15.500000000000002 139.65625000000003 70.77500000000002 67.377604166666686 66.516666666666694
decision_type=2 2 2 2 2 2 2 2 2 2 2 2 2 2 2 2 2 2 2 2 2 2 2 2 2 2 2 2 2 2
left_child=1 3 4 7 5 21 -6 8 10 -9 14 12 13 15 23 17 -17 -12 19 -18 -21 -3 24 -1 26 -26 27 28 -22 -29
right_child=-2 2 -4 -5 6 -7 -8 9 -10 -11 11 -13 -14 -15 -16 16 18 -19 -20 20 22 -23 -24 -25 25 -27 -28 29 -30 -31
leaf_value=0.030893998561160908 0.22449889833276926 -0.040670899525974635 -0.33379819648606435 0.10724779808195309 0.083946833235991974 -0.17654583399184048 -0.048954175156541171 0.13661443173885346 -0.16920902602374555 -0.0025906926819256378 -0.0031108179865705389 -0.13394768289897754 0.12676856687356686 -0.091230929236520431 0.081367511852156557 0.10629735734011676 -0.080534654607375467 -0.10500105075165629 0.066845207452774044 0.061809794856235389 -0.0014862655657366733 0.043629752136766911 -0.057115442057450616 -0.030253845042195818 -0.022806740683667802 0.098628105554962542 -0.10393895342946054 -0.080793131590682146 0.12077334392070771 -0.0021623029504403398
leaf_weight=35 22 27 21 35 37 20 32 20 20 21 31 23 29 22 42 37 24 25 25 30 201 20 24 29 34 24 20 47 25 388
leaf_count=35 22 27 21 35 37 20 32 20 20 21 31 23 29 22 42 37 24 25 25 30 201 20 24 29 34 24 20 47 25 388
internal_value=5.37814e-10 -0.00361036 -0.0587688 0.00354065 -0.016301 -0.0560662 0.0223116 0.000454125 -0.00188884 0.0653142 0.00111242 -0.00235978 0.000709716 -0.00311025 0.0341638 -0.00103682 0.00199321 -0.0485975 -0.00259022 -0.00471493 -0.00242026 -0.00479828 -0.00494569 0.00318638 -0.00325141 0.0274422 -0.00586554 -0.00289812 0.012038 -0.010658
internal_weight=1390 1368 157 1211 136 67 69 1176 1135 41 1115 1009 986 957 106 935 879 56 842 817 793 47 763 64 739 58 681 661 226 435
internal_count=1390 1368 157 1211 136 67 69 1176 1135 41 1115 1009 986 957 106 935 879 56 842 817 793 47 763 64 739 58 681 661 226 435
is_linear=0
shrinkage=0.1


Tree=160
num_leaves=31
num_cat=0
split_feature=0 0 1 3 0 3 2 1 2 0 4 2 6 1 4 0 1 0 0 2 1 0 3 4 3 5 0 1 2 3
split_gain=98.299 45.6802 55.3618 29.2776 77.6465 22.2883 18.9957 13.932 62.5211 37.2573 23.6801 16.2865 24.5376 29.3057 21.5924 46.8787 17.652 12.5411 18.8004 14.3 79.5942 76.0289 22.1527 20.3392 6.33424 5.62007 7.96321 12.8174 7.6686 9.06151
threshold=382.67187500000006 309.04687500000006 347.46666666666675 396.83333333333343 270.03125000000006 332.84375000000006 253.25000000000003 150.70000000000002 155.23333333333338 180.80208333333337 217.50000000000003 225.12500000000003 1.5000000000000002 197.83333333333334 135.15625000000003 152.20312500000003 196.25000000000003 155.23333333333338 137.54687500000003 48.031250000000007 45.980468750000007 72.218750000000014 75.966666666666683 44.775000000000006 242.75000000000003 18.500000000000004 104.78125000000001 114.18750000000001 104.78125000000001 99.265625000000014
decision_type=2 2 2 2 2 2 2 2 2 2 2 2 2 2 2 2 2 2 2 2 2 2 2 2 2 2 2 2 2 2
left_child=1 3 -3 4 5 6 7 9 10 17 -9 12 13 -10 15 -14 -16 18 19 21 -21 22 23 -1 25 -22 28 -28 29 -27
right_child=-2 2 -4 -5 -6 -7 -8 8 11 -11 -12 -13 14 -15 16 -17 -18 -19 -20 20 24 -23 -24 -25 -26 26 27 -29 -30 -31
leaf_value=-0.095293474906412448 0.1790507213274638 -0.22687649190425874 0.0084144948422908792 -0.11515427990393207 0.17937749077876408 -0.084579707891680303 0.075993259903043509 -0.20618634759025142 -0.0020116120576858521 0.13803057312965392 -0.055840899795293809 -0.065567084352175398 -0.044200894671181844 0.16314247818220229 -0.00019542288035154345 0.13856647617143134 -0.13146492072514124 -0.072814918795357578 0.089298153730730218 0.2011825668811798 0.002397457229376029 -0.1697775668402513 0.095240867316722877 0.032167893023260181 0.048759401481598616 -0.042973451931462736 0.076644219122827054 -0.017811502854102382 -0.067210674487314256 0.029359013555121834
leaf_weight=21 30 20 20 22 24 32 32 22 22 20 20 30 36 21 20 23 21 23 24 20 590 30 25 31 25 43 20 51 43 29
leaf_count=21 30 20 20 22 24 32 32 22 22 20 20 30 36 21 20 23 21 23 24 20 590 30 25 31 25 43 20 51 43 29
internal_value=4.17278e-10 -0.00394965 -0.109231 -0.000759304 0.00117959 -0.00217735 -5.42642e-05 -0.00206544 -0.0251492 0.0029225 -0.134593 0.00142109 0.0154746 0.078645 -0.0116888 0.0270474 -0.067431 0.000151053 0.00191389 -0.000346051 0.00413536 -0.0347314 0.0178839 -0.0193069 -0.000784674 -0.00238081 -0.0175377 0.00879574 -0.0337957 -0.0138395
internal_weight=1390 1360 40 1320 1298 1274 1242 1210 215 995 42 173 143 43 100 59 41 975 952 928 821 107 77 52 801 776 186 71 115 72
internal_count=1390 1360 40 1320 1298 1274 1242 1210 215 995 42 173 143 43 100 59 41 975 952 928 821 107 77 52 801 776 186 71 115 72
is_linear=0
shrinkage=0.1


Tree=161
num_leaves=31
num_cat=0
split_feature=3 3 2 0 1 3 3 4 1 0 4 0 0 1 3 4 5 4 4 4 1 6 4 1 1 2 0 6 3 2
split_gain=88.9565 195.487 195.326 422.48 119.535 11.4617 69.0694 45.7582 41.6209 33.1962 24.1531 15.6849 12.9423 80.5154 20.1405 21.1426 27.1552 15.6008 15.4109 10.8684 9.11298 21.0646 32.0193 19.764 21.5876 11.8453 11.2757 7.66952 24.992 23.6414
threshold=336.68750000000006 396.83333333333343 323.00000000000006 382.67187500000006 283.40625000000006 218.75000000000003 205.37500000000003 224.50000000000003 230.25000000000003 207.30729166666669 157.41666666666671 196.25000000000003 54.046875000000007 47.093750000000007 84.763764880952394 44.775000000000006 7.5000000000000009 84.880952380952394 36.031250000000007 117.09583333333335 62.966666666666669 4.5000000000000009 101.96666666666668 65.765625000000014 68.902343750000014 71.162500000000009 183.16666666666669 4.5000000000000009 60.062500000000007 203.18020833333335
decision_type=2 2 2 2 2 2 2 2 2 2 2 2 2 2 2 2 2 2 2 2 2 2 2 2 2 2 2 2 2 2
left_child=2 -2 4 -4 5 6 8 10 9 11 19 12 14 -14 15 18 -17 -18 -1 -7 21 22 -15 -22 -25 -26 27 29 -29 -27
right_child=1 -3 3 -5 -6 7 -8 -9 -10 -11 -12 -13 13 20 -16 16 17 -19 -20 -21 23 -23 -24 24 25 26 -28 28 -30 -31
leaf_value=-0.011888956730112886 0.28359162362175994 -0.10363885096528314 0.0039103970658488389 -0.55669959843158723 0.23988703531878339 -0.00081174367922358208 0.1601887548411334 -0.1605331213636832 -0.10596256264158198 0.10222915695048869 0.077124043234757023 -0.08107124834010998 0.20395865306258201 0.076590696955099707 -0.102075710360493 -0.038400378940889664 0.13855085585798538 0.020528504271836334 -0.117203704904144 -0.095980224087834354 -0.086197275585598421 0.1139200897158488 -0.09042905609716069 0.078741105404846815 -0.059547578266688765 -0.0016209861873281433 0.074079400105401871 0.047059857653584919 -0.058710175108265233 0.10416410280899568
leaf_weight=33 32 22 41 20 21 30 27 22 37 32 28 24 20 24 28 39 21 24 24 20 27 23 22 34 35 532 20 32 74 22
leaf_count=33 32 22 41 20 21 30 27 22 37 32 28 24 20 24 28 39 21 24 24 20 27 23 22 34 35 532 20 32 74 22
internal_value=-5.7675e-10 0.125831 -0.00508599 -0.179896 0.00327748 -0.00068488 0.00212944 -0.0331621 -0.00165725 0.00188339 0.00276303 -0.00115165 0.000703354 0.00564853 -0.0246077 -0.00922402 0.0226743 0.0756056 -0.056232 -0.0388791 0.000954795 0.0357812 -0.00328832 -0.00214188 0.000888155 -0.00281394 0.000106171 -0.00213544 -0.0267796 0.00257987
internal_weight=1390 54 1336 61 1275 1254 1154 100 1127 1090 78 1058 1034 865 169 141 84 45 57 50 845 69 46 776 749 715 680 660 106 554
internal_count=1390 54 1336 61 1275 1254 1154 100 1127 1090 78 1058 1034 865 169 141 84 45 57 50 845 69 46 776 749 715 680 660 106 554
is_linear=0
shrinkage=0.1


Tree=162
num_leaves=31
num_cat=0
split_feature=1 1 3 0 0 3 3 1 2 6 3 1 3 1 3 0 0 3 4 2 0 1 2 2 2 1 5 0 0 2
split_gain=112.629 80.2712 34.0753 114.985 71.3002 20.8622 18.6659 16.2339 48.4284 142.958 26.1351 10.0303 9.97646 9.72409 67.453 31.2812 14.9279 8.70915 31.9518 5.25167 6.39697 6.4933 8.06371 8.37134 15.4267 7.97226 71.061 20.0264 18.7044 12.9814
threshold=382.67187500000006 341.78125000000006 254.15625000000003 218.75000000000003 296.31250000000006 368.00000000000006 332.84375000000006 42.925781250000007 50.039062500000007 2.5000000000000004 97.377976190476204 135.15625000000003 40.547916666666673 218.75000000000003 117.59375000000001 212.25000000000003 197.83333333333334 207.30729166666669 153.75000000000003 54.046875000000007 45.980468750000007 54.890625000000007 61.992559523809526 65.765625000000014 67.77500000000002 72.165178571428584 7.5000000000000009 61.093750000000007 70.816666666666677 89.191406250000014
decision_type=2 2 2 2 2 2 2 2 2 2 2 2 2 2 2 2 2 2 2 2 2 2 2 2 2 2 2 2 2 2
left_child=1 2 4 5 7 6 11 10 9 -9 12 -4 -1 15 -15 16 17 19 -19 -10 -21 -22 -23 -24 -25 26 27 -26 -27 -30
right_child=-2 -3 3 -5 -6 -7 -8 8 13 -11 -12 -13 -14 14 -16 -17 -18 18 -20 20 21 22 23 24 25 28 -28 -29 29 -31
leaf_value=-0.064720926327364786 0.19165753126144411 -0.20308787018060684 0.051884351336312563 -0.26517424051250732 0.17785647019096043 0.079839614795690239 -0.11032165269411745 -0.079224232548759099 0.043675207432646024 0.28554388895969501 -0.13298894354830618 -0.044736310646736194 0.019694961056146505 -0.064826210992676866 0.12883032028739516 -0.12128216095946052 0.077183737854162854 0.044286136031150822 -0.130354857546362 -0.057835603635758161 0.045890291523316813 -0.047884263249265181 0.047691734667335242 -0.084847729263657884 -0.12057561968453229 -0.070974760426160619 0.14042272182447571 0.0019797059614211319 0.033220845380207836 -0.0059757584131851851
leaf_weight=21 30 20 22 21 23 22 21 21 26 22 23 21 42 35 37 22 24 20 22 20 29 37 35 22 20 39 35 40 101 517
leaf_count=21 30 20 22 21 23 22 21 21 26 22 23 21 42 35 37 22 24 20 22 20 29 37 35 22 20 39 35 40 101 517
internal_value=-6.23177e-10 -0.00422774 -0.00125968 -0.055392 0.00343794 -0.00416616 -0.0330431 0.000122546 0.00332649 0.107401 -0.0417523 0.00469752 -0.00844367 -0.000813394 0.0346917 -0.00334696 -0.000718213 -0.00265969 -0.0471925 -0.000628883 -0.00191593 -0.000637766 -0.0022327 -0.000144803 -0.00230795 0.000106774 0.0271839 -0.0388721 -0.00380849 0.000430159
internal_weight=1390 1360 1340 107 1233 86 64 1210 1124 43 86 43 63 1081 72 1009 987 963 42 921 895 875 846 809 774 752 95 60 657 618
internal_count=1390 1360 1340 107 1233 86 64 1210 1124 43 86 43 63 1081 72 1009 987 963 42 921 895 875 846 809 774 752 95 60 657 618
is_linear=0
shrinkage=0.1


Tree=163
num_leaves=31
num_cat=0
split_feature=0 0 3 1 3 3 2 4 1 3 0 1 4 2 2 0 1 1 2 3 6 0 0 5 0 2 2 0 0 3
split_gain=96.6951 45.0034 103.109 24.4182 22.3933 30.9356 13.3603 30.2179 14.2185 35.7554 19.0429 10.296 22.0025 13.8055 9.71345 38.9207 57.3267 35.9908 24.0726 23.328 14.0383 9.48195 13.23 7.31721 7.14678 10.0177 6.54159 7.99446 6.4219 12.0466
threshold=382.67187500000006 273.20312500000006 199.25000000000003 341.78125000000006 368.00000000000006 332.84375000000006 227.00000000000003 142.50000000000003 199.25000000000003 157.75000000000003 207.30729166666669 167.68750000000003 171.30000000000004 195.09791666666669 49.033333333333339 66.129166666666677 54.890625000000007 47.093750000000007 45.300000000000004 71.162500000000009 1.5000000000000002 163.35000000000002 147.31250000000003 18.500000000000004 104.15972222222223 117.90625000000001 104.78125000000001 90.265625000000014 117.90625000000001 182.92187500000003
decision_type=2 2 2 2 2 2 2 2 2 2 2 2 2 2 2 2 2 2 2 2 2 2 2 2 2 2 2 2 2 2
left_child=1 4 3 -3 5 6 8 -8 10 -10 11 14 13 -13 15 18 -17 -16 19 20 -1 22 23 28 26 -26 27 -25 -19 -30
right_child=-2 2 -4 -5 -6 -7 7 -9 9 -11 -12 12 -14 -15 17 16 -18 21 -20 -21 -22 -23 -24 24 25 -27 -28 -29 29 -31
leaf_value=0.061532375998795033 0.17758395830790202 -0.067033673763275153 -0.27403459370136263 0.081210546642541889 0.088615321128496113 -0.11934453057633206 -0.010766220817694794 0.13330953909705084 0.017561338682259835 -0.15750297950580716 0.094523838446253838 0.053031690542896595 -0.12152285267683594 -0.053149556159973146 0.1308320468122309 -0.22599117543548344 0.0032455970843633022 0.0031218786409826227 -0.079324020035564907 0.13244652937033349 -0.056951015337836003 0.054823682457208638 -0.068225515633821496 -0.035123197975404127 0.068345208540558811 -0.01088160488200433 -0.064178585391491655 0.038187291402192347 0.055867177101432297 -0.030449407564645467
leaf_weight=20 30 25 20 20 28 22 37 24 28 20 21 24 22 25 22 20 24 543 20 21 20 32 28 51 20 79 40 21 61 22
leaf_count=20 30 25 20 20 28 22 37 24 28 20 21 24 22 25 22 20 24 543 20 21 20 32 28 51 20 79 40 21 61 22
internal_value=-3.06608e-10 -0.00391729 -0.0851127 -0.00114735 0.00015815 -0.00179671 0.000280445 0.0459193 -0.00207088 -0.0553821 0.000181706 -0.00159514 -0.0384434 -0.00114241 0.000910822 -0.0252432 -0.100953 0.00446823 0.015883 0.0470984 0.00229068 0.00136901 -0.000608508 0.00165347 -0.0144514 0.00512381 -0.0317544 -0.013741 0.00708177 0.0329881
internal_weight=1390 1360 65 45 1295 1267 1245 61 1184 48 1136 1115 71 49 1044 125 44 919 81 61 40 897 865 837 211 99 112 72 626 83
internal_count=1390 1360 65 45 1295 1267 1245 61 1184 48 1136 1115 71 49 1044 125 44 919 81 61 40 897 865 837 211 99 112 72 626 83
is_linear=0
shrinkage=0.1


Tree=164
num_leaves=31
num_cat=0
split_feature=3 6 0 0 4 3 2 2 1 1 4 3 3 5 1 1 3 0 1 2 1 4 1 1 6 2 2 4 3 2
split_gain=95.9389 571.275 461.645 71.2159 21.4683 19.1781 35.6181 17.034 33.0754 88.8184 13.2922 20.4698 61.3421 163.23 47.63 55.2393 35.0105 32.8716 29.8474 20.3207 27.3159 22.5246 17.0518 48.7505 20.1495 21.9625 15.5138 15.1021 14.4697 13.494
threshold=251.34375000000003 5.5000000000000009 391.21875000000006 194.12500000000003 122.98345588235296 218.75000000000003 112.83333333333334 368.00000000000006 273.20312500000006 238.30000000000004 368.00000000000006 134.5588235294118 118.81250000000001 14.500000000000002 56.937500000000007 85.109375000000014 115.60000000000001 173.87500000000003 203.18020833333335 182.08333333333334 159.56250000000003 155.15000000000003 47.093750000000007 42.015625000000007 3.5000000000000004 39.484375000000007 56.031250000000007 248.14062500000003 125.06666666666668 111.40808823529413
decision_type=2 2 2 2 2 2 2 2 2 2 2 2 2 2 2 2 2 2 2 2 2 2 2 2 2 2 2 2 2 2
left_child=2 -2 5 4 -3 7 -7 8 9 10 11 12 16 -14 -13 -16 17 22 19 20 21 29 23 24 25 -1 -24 -23 -15 -17
right_child=1 3 -4 -5 -6 6 -8 -9 -10 -11 -12 14 13 28 15 18 -18 -19 -20 -21 -22 27 26 -25 -26 -27 -28 -29 -30 -31
leaf_value=0.11868739550933244 0.48985433515023308 -0.054349379713780115 -0.47287423610687257 -0.20185626417398456 0.05981869438663126 -0.16367203265428543 0.015370777189731601 0.091560396126338428 -0.089863043870681378 0.18300658883871856 0.074703550306351285 -0.16519742875420693 0.31295054386491361 -0.073902297303790151 0.11195425540208817 0.10970431108559882 -0.13037465016047162 0.12388769764275778 -0.12569811001420023 0.077457048408687112 -0.10190221035951062 -0.09649027126530807 0.079813758447766309 -0.15927433274113215 -0.079445999944582582 -0.024596085690933727 -0.0004759221253316468 0.018158783614635469 0.037702411012007643 -0.0050680707953870297
leaf_weight=20 27 28 21 20 40 20 25 21 39 27 23 23 23 21 30 21 21 21 30 20 38 27 25 26 20 23 644 20 26 20
leaf_count=20 27 28 21 20 40 20 25 21 39 27 23 23 23 21 30 21 21 21 30 20 38 27 25 26 20 23 644 20 26 20
internal_value=1.30394e-10 0.0874775 -0.00789012 -0.0359791 0.0128083 -0.000103308 -0.0642038 0.00228257 0.000704424 0.00377852 -0.00053446 -0.00210905 0.00489286 0.0946597 -0.0287102 -0.0134713 -0.00296174 0.000473013 -0.0348507 -0.0161834 -0.031047 -0.00045037 -0.00294613 -0.0440676 0.00347806 0.0420474 0.00252444 -0.0477034 -0.0121635 0.0537178
internal_weight=1390 115 1275 88 68 1254 45 1209 1188 1149 1122 1099 870 70 229 206 800 779 176 146 126 88 758 89 63 43 669 47 47 41
internal_count=1390 115 1275 88 68 1254 45 1209 1188 1149 1122 1099 870 70 229 206 800 779 176 146 126 88 758 89 63 43 669 47 47 41
is_linear=0
shrinkage=0.1


Tree=165
num_leaves=31
num_cat=0
split_feature=0 3 1 3 4 4 2 4 4 3 0 2 6 2 3 6 2 0 1 2 0 6 2 1 0 4 5 0 0 6
split_gain=104.687 31.6632 114.779 16.1246 34.9134 29.9911 20.2505 15.8701 158.813 52.9803 26.867 107.225 108.758 71.8963 69.881 20.372 18.7399 28.1888 19.0952 14.9935 15.9412 18.7863 18.5283 27.4843 21.5594 25.3635 17.8692 12.6261 22.5426 31.8794
threshold=396.83333333333343 218.75000000000003 225.12500000000003 368.00000000000006 199.25000000000003 157.41666666666671 128.43750000000003 85.250000000000014 87.640625000000014 121.87500000000001 203.18020833333335 222.65000000000003 4.5000000000000009 170.25000000000003 123.21470588235296 5.5000000000000009 212.25000000000003 167.68750000000003 167.68750000000003 203.18020833333335 64.234375000000014 1.5000000000000002 45.300000000000004 47.093750000000007 58.015625000000007 54.312500000000007 7.5000000000000009 103.59375000000001 64.234375000000014 1.5000000000000002
decision_type=2 2 2 2 2 2 2 2 2 2 2 2 2 2 2 2 2 2 2 2 2 2 2 2 2 2 2 2 2 2
left_child=1 7 3 4 5 6 -3 9 -9 19 15 13 -13 -12 -14 16 17 27 -19 20 22 -22 -1 -24 25 26 -25 28 29 -10
right_child=-2 2 -4 -5 -6 -7 -8 8 10 -11 11 12 14 -15 -16 -17 -18 18 -20 -21 21 -23 23 24 -26 -27 -28 -29 -30 -31
leaf_value=0.054123966156372008 0.2164068877696991 -0.11716217717155815 -0.2695643073320389 0.0578326693807657 -0.1261435580839004 0.097203663115700098 0.007153208855245459 0.264190626439328 -0.016330617028429653 -0.14323217906700125 0.04984782785177231 -0.21415049481120976 -0.038274579090731488 0.30321143184389387 0.19246922135353089 -0.085128346253787318 0.088614643830806028 -0.005266812443733216 -0.12326519202906638 -0.074601228322301594 0.095240066972162044 0.0079143551718897937 -0.13518209473594375 0.014493421868731579 -0.074391983889720667 0.086148014130691689 -0.098219492912969816 0.019984383698103403 -0.027588146496724433 0.14127994687074708
leaf_weight=28 22 20 20 26 28 24 38 24 33 29 24 22 35 21 21 31 22 24 32 28 28 205 23 39 44 30 22 219 207 21
leaf_count=28 22 20 20 26 28 24 38 24 33 29 24 22 35 21 21 31 22 24 32 28 28 205 23 39 44 30 22 219 207 21
internal_value=4.78093e-10 -0.00348023 -0.0458858 -0.0129919 -0.0297323 0.00318861 -0.0357142 0.00197792 0.0111804 -0.0122511 0.00265193 0.0451603 -0.0257573 0.168084 0.0482543 -0.00622503 -0.00184151 -0.00555427 -0.0726945 -0.00375342 0.000981039 0.0184084 -0.0208501 -0.0341366 -0.0169214 0.0108665 -0.0261571 0.00227875 -0.0125777 0.0449624
internal_weight=1390 1368 156 136 110 82 58 1212 736 476 712 123 78 45 56 589 558 536 56 447 419 233 186 158 135 91 61 480 261 54
internal_count=1390 1368 156 136 110 82 58 1212 736 476 712 123 78 45 56 589 558 536 56 447 419 233 186 158 135 91 61 480 261 54
is_linear=0
shrinkage=0.1


Tree=166
num_leaves=31
num_cat=0
split_feature=3 0 2 2 2 2 3 4 5 5 1 0 4 0 1 1 4 2 3 1 1 4 3 1 5 3 1 2 2 4
split_gain=94.1617 1101.52 706.841 49.2303 105.779 28.3325 31.0355 36.3198 28.9442 38.0142 25.5975 27.1058 19.5065 11.7501 9.22982 45.5554 112.689 28.7559 11.521 13.8771 8.37752 41.632 41.6115 26.6431 19.3422 19.0886 13.477 7.78999 14.3876 11.7884
threshold=204.25000000000003 296.31250000000006 382.67187500000006 323.00000000000006 275.25000000000006 212.25000000000003 368.00000000000006 199.25000000000003 12.500000000000002 20.500000000000004 230.25000000000003 207.30729166666669 263.68333333333339 196.25000000000003 36.140625000000007 44.593750000000007 89.804761904761918 35.645833333333336 190.33333333333334 49.033333333333339 72.165178571428584 134.5588235294118 101.96666666666668 77.550781250000014 8.5000000000000018 84.375000000000014 81.43278769841271 65.765625000000014 60.415873015873025 54.312500000000007
decision_type=2 2 2 2 2 2 2 2 2 2 2 2 2 2 2 2 2 2 2 2 2 2 2 2 2 2 2 2 2 2
left_child=2 5 3 4 10 6 7 8 -2 -10 11 13 -9 14 17 16 -16 -1 19 -17 21 22 24 25 27 -22 -25 28 -21 -29
right_child=1 -3 -4 -5 -6 -7 -8 12 9 -11 -12 -13 -14 -15 15 18 -18 -19 -20 20 23 -23 -24 26 -26 -27 -28 29 -30 -31
leaf_value=0.038521167688557637 -0.060604068275008888 0.7310097575187684 -0.55962668437024821 -0.12627456694841385 0.22065011472864585 -0.1283178014414651 0.10001112127987047 -0.17299639590084553 0.12209583035420271 -0.044362986768069476 -0.091897279719511671 0.093905603501104551 -0.033330581020563847 -0.070136842069526514 0.27580183811485764 -0.069454547186051638 -0.055868940108588762 -0.11641396337747574 0.061427965653794152 -0.024286218732595444 -0.027518836430767003 0.12081351983360947 -0.13886566251516341 0.054251844017970854 0.076556031391220664 -0.1487794296904689 -0.0051685863724786792 -0.073453511918584499 0.074491700671356298 0.0044748809476467697
leaf_weight=23 35 22 23 30 22 21 24 20 34 23 30 31 20 24 20 31 21 25 28 30 34 32 20 41 38 21 553 30 29 55
leaf_count=23 35 22 23 30 22 21 24 20 34 23 30 31 20 24 20 31 21 25 28 30 34 32 20 41 38 21 553 30 29 55
internal_value=2.96679e-10 0.0636735 -0.010639 0.000171557 0.00350493 -0.0192722 -0.00459298 -0.0236119 0.0109757 0.0549282 -0.000775705 0.00174147 -0.103163 -0.000966675 0.000643494 0.00273429 0.105922 -0.0421742 -0.00175688 -0.00369252 -0.00138378 0.0148378 -0.00195049 -0.00723253 0.0130951 -0.0738183 -0.00106718 -0.00365149 0.0242656 -0.0230293
internal_weight=1390 199 1191 1168 1138 177 156 132 92 57 1116 1086 40 1055 1031 983 41 48 942 914 883 234 202 649 182 55 594 144 59 85
internal_count=1390 199 1191 1168 1138 177 156 132 92 57 1116 1086 40 1055 1031 983 41 48 942 914 883 234 202 649 182 55 594 144 59 85
is_linear=0
shrinkage=0.1


Tree=167
num_leaves=31
num_cat=0
split_feature=1 1 3 0 0 0 3 0 1 3 2 2 3 3 3 1 4 4 5 5 4 3 0 3 4 1 0 4 4 1
split_gain=93.5553 66.0387 31.8854 98.3214 55.428 21.2387 16.7279 14.6276 99.1164 32.4308 17.0261 18.9605 19.7082 18.3117 13.0851 13.2926 16.5579 15.0407 49.827 23.9813 11.0771 10.7218 47.4458 12.1283 40.9261 18.8547 37.7382 9.28999 7.51768 5.7718
threshold=382.67187500000006 341.78125000000006 254.15625000000003 209.25000000000003 296.31250000000006 177.25000000000003 332.84375000000006 60.415873015873025 51.953125000000007 103.59375000000001 48.031250000000007 57.518750000000004 216.08333333333334 203.04687500000003 32.500000000000007 42.015625000000007 75.966666666666683 59.875000000000007 7.5000000000000009 7.5000000000000009 47.560416666666676 181.58333333333334 182.08333333333334 157.75000000000003 190.33333333333334 231.75000000000003 199.25000000000003 160.93750000000003 46.906250000000007 134.5588235294118
decision_type=2 2 2 2 2 2 2 2 2 2 2 2 2 2 2 2 2 2 2 2 2 2 2 2 2 2 2 2 2 2
left_child=1 2 4 5 7 6 29 9 -9 14 -10 -12 13 20 -1 16 -16 19 -19 28 -13 23 -23 25 -25 26 -22 -14 -17 -4
right_child=-2 -3 3 -5 -6 -7 -8 8 10 -11 11 12 27 -15 15 17 -18 18 -20 -21 21 22 -24 24 -26 -27 -28 -29 -30 -31
leaf_value=-0.084260427632502147 0.17467697342236838 -0.18422432780265807 0.045089235529303551 -0.23178987318339447 0.15716740255770478 0.084939558023498174 -0.10145823715085334 0.21567086062648078 0.090033878811768123 -0.1321825463945667 -0.086929382652044307 0.070763836496255617 0.02178659521043301 -0.084468400621643444 0.1056720950195323 0.031821565531815095 -0.017144054777565459 -0.078053580023921459 0.10966290483070958 -0.11079911659471692 -0.0014266965649480895 -0.044599543649841242 0.15323572544889019 0.027937488281919109 -0.14402884900569918 -0.070031330110253517 0.12142162878925984 0.11817117750644685 -0.04326677263403933 -0.030883139453362674
leaf_weight=21 30 20 20 24 23 21 22 22 21 24 25 22 20 26 23 30 21 26 31 32 654 27 22 31 25 37 26 20 24 20
leaf_count=21 30 20 20 24 23 21 22 22 21 24 25 22 20 26 23 30 21 26 31 32 654 27 22 31 25 37 26 20 24 20
internal_value=8.2412e-12 -0.00385317 -0.00116106 -0.0535251 0.0033831 -0.00197866 -0.0314187 0.000459928 0.00581503 -0.0221146 0.000985712 -0.0010143 0.001346 -0.00180953 -0.00941445 -0.00100929 0.0470553 -0.0157984 0.0240378 -0.0422015 0.000736833 -0.00113737 0.0442245 -0.00401283 -0.0488332 -0.000512213 0.00327045 0.0699789 -0.00155103 0.00710305
internal_weight=1390 1360 1340 107 1233 83 62 1210 978 232 956 935 910 870 208 187 44 143 57 86 844 822 49 773 56 717 680 40 54 40
internal_count=1390 1360 1340 107 1233 83 62 1210 978 232 956 935 910 870 208 187 44 143 57 86 844 822 49 773 56 717 680 40 54 40
is_linear=0
shrinkage=0.1


Tree=168
num_leaves=31
num_cat=0
split_feature=3 2 2 2 0 4 1 1 3 1 1 2 1 3 5 4 4 1 1 0 2 0 4 3 2 3 4 1 3 0
split_gain=82.9308 783.531 591.603 40.7913 156.803 34.6347 38.292 46.9443 20.5013 15.7932 52.833 11.709 63.1975 22.9703 25.0254 9.13233 45.944 30.974 18.4838 11.557 10.7333 8.82317 5.98594 16.5968 24.8331 17.7208 16.2615 42.4058 44.1273 12.6159
threshold=212.25000000000003 257.26562500000006 382.67187500000006 323.00000000000006 275.25000000000006 296.31250000000006 183.8666666666667 152.20312500000003 200.55000000000004 101.22916666666669 124.35625000000002 42.925781250000007 44.593750000000007 111.40808823529413 9.5000000000000018 225.39166666666668 206.50000000000003 172.83333333333334 114.67187500000001 225.12500000000003 52.984375000000007 95.218750000000014 134.5588235294118 110.92708333333336 89.804761904761918 123.21470588235296 166.75000000000003 163.35000000000002 106.04687500000001 126.18750000000001
decision_type=2 2 2 2 2 2 2 2 2 2 2 2 2 2 2 2 2 2 2 2 2 2 2 2 2 2 2 2 2 2
left_child=2 5 3 4 8 6 7 9 11 -2 -11 13 -13 14 -1 16 19 18 21 20 -14 -17 23 -22 -25 -26 27 28 -24 -28
right_child=1 -3 -4 -5 -6 -7 -8 -9 -10 10 -12 12 15 -15 -16 17 -18 -19 -20 -21 22 -23 26 24 25 -27 29 -29 -30 -31
leaf_value=-0.063538963002009466 -0.097663141069588844 0.65343762323260313 -0.51169292615807582 -0.11476970613002778 0.27410403830664504 0.11207624875009059 -0.12867863501111668 0.12938217710364949 -0.09310455694794656 0.12196823124374663 -0.075672765872686329 0.14139754485950107 -0.070705231829829837 -0.11382529107280648 0.081375935538248581 -0.0039712765942449156 -0.15440865704789758 0.13862215630710126 -0.056506204407881289 0.058837207926497354 0.00173585411632456 0.082703318043301499 0.021826475623063744 -0.14100549239665269 -0.074264119855231722 0.014208960551463191 -0.067035580898324662 -0.041598371584569256 0.22111162969842557 0.02546113457145362
leaf_weight=26 27 20 23 30 21 20 30 22 24 21 38 32 23 26 22 23 20 20 34 31 581 24 25 20 36 61 30 31 20 29
leaf_count=26 27 20 23 30 21 20 30 22 24 21 38 32 23 26 22 23 20 20 34 31 581 24 25 20 36 61 30 31 20 29
internal_value=9.14405e-11 0.063737 -0.00936072 0.00035639 0.00333636 -0.0109086 -0.0287325 -0.000969714 -0.00166023 -0.0343155 -0.00532597 0.000309842 0.00304458 -0.0381243 0.00288037 -0.00134758 -0.00452385 0.027176 -0.000341613 -0.00114426 -0.00331648 0.0402881 -0.00145581 -0.00518387 -0.0395459 -0.0186264 0.0178196 0.0483993 0.110398 -0.0215711
internal_weight=1390 178 1212 1189 1159 158 138 108 1138 86 59 1114 1040 74 48 1008 907 101 81 887 856 47 833 698 117 97 135 76 45 59
internal_count=1390 178 1212 1189 1159 158 138 108 1138 86 59 1114 1040 74 48 1008 907 101 81 887 856 47 833 698 117 97 135 76 45 59
is_linear=0
shrinkage=0.1


Tree=169
num_leaves=31
num_cat=0
split_feature=1 1 3 1 1 4 3 1 1 3 0 3 0 0 4 2 5 1 1 2 5 0 2 3 2 0 3 2 3 4
split_gain=86.6157 48.2023 26.8523 89.899 41.3826 40.5053 27.693 16.7942 51.224 20.3645 117.212 86.9295 65.7066 16.0656 16.6743 30.5408 11.3079 35.5381 29.6428 20.3547 11.1272 20.0986 9.07666 8.87646 10.9954 7.35574 8.62874 8.25737 11.9289 7.29683
threshold=382.67187500000006 341.78125000000006 254.15625000000003 199.25000000000003 296.31250000000006 204.73437500000003 336.68750000000006 42.925781250000007 47.093750000000007 173.87500000000003 230.25000000000003 159.56250000000003 170.25000000000003 45.980468750000007 44.775000000000006 40.265625000000007 14.500000000000002 166.75000000000003 138.46875000000003 69.684523809523824 21.500000000000004 225.12500000000003 122.54791666666667 148.58333333333334 54.890625000000007 188.75000000000003 138.46875000000003 185.25000000000003 107.51562500000001 87.267857142857153
decision_type=2 2 2 2 2 2 2 2 2 2 2 2 2 2 2 2 2 2 2 2 2 2 2 2 2 2 2 2 2 2
left_child=1 2 4 5 7 6 -4 13 -9 11 16 20 -13 14 -1 -16 17 18 19 -11 21 23 29 24 -10 26 27 -26 -29 -22
right_child=-2 -3 3 -5 -6 -7 -8 8 9 10 -12 12 -14 -15 15 -17 -18 -19 -20 -21 22 -23 -24 -25 25 -27 -28 28 -30 -31
leaf_value=-0.090160314313003004 0.16807373146216076 -0.15780723303556443 0.016061029422821272 -0.2154667901098728 0.13011019372940064 0.12093561257989634 -0.12094149455428123 0.14211787690336888 0.069686266899108881 0.035224394274480417 0.25327304837604364 -0.024377630650997163 -0.27764065049588682 -0.11618028689514509 0.10480938561349398 -0.063788992843844677 0.051957269827835266 -0.1149977571434445 0.12311698995530605 -0.081851895567443642 -0.061391257388251165 0.10128289645626432 -0.083470362751744687 -0.046351370111935672 0.0015082723325584085 0.062028730511665346 0.057057106065062382 0.0089818269126117241 -0.087763235374138909 0.0099964091797462781
leaf_weight=21 30 20 36 25 25 21 25 26 25 33 21 21 20 22 21 22 32 27 20 27 21 21 25 36 625 20 26 25 26 45
leaf_count=21 30 20 36 25 25 21 25 26 25 33 21 21 20 22 21 22 32 27 20 27 21 21 25 36 625 20 26 25 26 45
internal_value=6.4858e-10 -0.00370751 -0.00140751 -0.0494613 0.00276261 0.00115009 -0.0400875 0.000127103 0.00339147 0.00010052 0.0330698 -0.00553526 -0.147921 -0.0424616 -0.0171207 0.0185498 -0.000198296 -0.0157962 0.0176843 -0.0174599 0.000987421 0.00473866 -0.0321554 0.00214935 0.00448673 0.00222913 0.000525437 -0.00164886 -0.0403392 -0.0127178
internal_weight=1390 1360 1340 107 1233 82 61 1208 1122 1096 160 936 41 86 64 43 139 107 80 60 895 804 91 783 747 722 702 676 51 66
internal_count=1390 1360 1340 107 1233 82 61 1208 1122 1096 160 936 41 86 64 43 139 107 80 60 895 804 91 783 747 722 702 676 51 66
is_linear=0
shrinkage=0.1


Tree=170
num_leaves=31
num_cat=0
split_feature=3 0 0 1 1 1 0 1 2 1 0 0 4 4 4 4 0 0 4 2 0 6 6 0 4 1 5 0 2 0
split_gain=82.1634 203.753 160.891 21.0873 18.6596 23.2376 32.2893 12.0828 9.139 41.16 40.2644 41.6635 20.203 25.9599 10.4595 33.7673 32.5586 16.6953 12.8058 7.32328 5.56344 12.718 23.2938 11.0136 4.48115 25.768 16.9687 10.3321 23.3936 11.3827
threshold=323.00000000000006 199.25000000000003 363.46875000000006 314.00000000000006 275.25000000000006 238.30000000000004 227.00000000000003 212.25000000000003 49.033333333333339 47.093750000000007 66.129166666666677 110.92708333333336 91.996093750000014 45.562500000000007 231.75000000000003 208.25000000000003 146.19669117647064 188.75000000000003 336.68750000000006 101.22916666666669 143.59375000000003 5.5000000000000009 2.5000000000000004 135.15625000000003 76.838235294117666 59.28768382352942 8.5000000000000018 90.669146825396837 96.125000000000014 72.843750000000014
decision_type=2 2 2 2 2 2 2 2 2 2 2 2 2 2 2 2 2 2 2 2 2 2 2 2 2 2 2 2 2 2
left_child=2 -2 3 4 5 6 7 8 10 -10 12 -12 13 -1 15 17 19 20 -18 -16 23 22 -22 24 26 -26 27 28 29 -11
right_child=1 -3 -4 -5 -6 -7 -8 -9 9 14 11 -13 -14 -15 16 -17 18 -19 -20 -21 21 -23 -24 -25 25 -27 -28 -29 -30 -31
leaf_value=0.040175146221493679 -0.01721856595902908 0.36582321524620059 -0.21681278807776316 0.084784729110783552 -0.094937676546119509 0.080444890430995397 -0.11956111983112667 0.059730079815243232 0.13675010224634951 -0.0077578138444194507 -0.20645665568964824 -0.0072595499810718363 0.069633821258321404 -0.112069655812922 0.062264432545219156 0.11893680952489377 -0.15805554971098901 -0.083544807881116873 -0.04624805031787782 -0.0106608548713848 -0.012519969065219927 -0.043961956148797818 0.096775591010466608 -0.071627211985601624 -0.09138657232802927 0.00065095964184744347 0.073831140036539497 0.050038924980656922 -0.098289472699165353 0.049274055024778302
leaf_weight=24 41 21 35 29 21 35 23 33 22 171 21 21 36 21 21 24 20 24 21 40 39 22 39 22 33 389 36 37 25 44
leaf_count=24 41 21 35 29 21 35 23 33 22 171 21 21 36 21 21 24 20 24 21 40 39 22 39 22 33 389 36 37 25 44
internal_value=3.56366e-10 0.112521 -0.00525326 0.000473412 -0.00146095 0.000118307 -0.00220904 6.86839e-05 -0.00164037 0.00143905 -0.0274023 -0.106858 0.013797 -0.0308724 -0.0015171 0.0019044 -0.0318745 -0.00128377 -0.100788 0.0144446 0.00101992 0.0231881 0.0421278 -0.0019085 0.000178317 -0.00654629 0.00924472 0.000850815 -0.00673235 0.00391382
internal_weight=1390 62 1328 1293 1264 1243 1208 1185 1152 1029 123 42 81 45 1007 905 102 881 41 61 857 100 78 757 735 422 313 277 240 215
internal_count=1390 62 1328 1293 1264 1243 1208 1185 1152 1029 123 42 81 45 1007 905 102 881 41 61 857 100 78 757 735 422 313 277 240 215
is_linear=0
shrinkage=0.1


Tree=171
num_leaves=31
num_cat=0
split_feature=1 0 3 1 4 1 3 5 6 0 4 0 5 4 4 1 5 3 3 4 2 3 0 4 3 0 5 0 4 1
split_gain=84.5398 44.8146 41.4299 16.4001 14.9362 28.6589 81.619 36.9042 18.5161 35.9468 18.1025 17.9276 61.8207 17.4355 14.8549 13.4734 95.4593 13.4433 12.1515 22.7756 20.5909 19.8412 18.2776 10.1087 6.79972 5.03006 8.16904 7.96426 16.9926 13.142
threshold=382.67187500000006 273.20312500000006 165.75000000000003 250.34375000000003 336.68750000000006 199.25000000000003 157.75000000000003 14.500000000000002 5.5000000000000009 207.30729166666669 79.731250000000003 56.031250000000007 15.500000000000002 59.347058823529423 396.83333333333343 44.593750000000007 9.5000000000000018 44.775000000000006 197.83333333333334 153.75000000000003 50.039062500000007 183.6166666666667 171.30000000000004 121.10000000000001 38.000000000000007 137.54687500000003 15.500000000000002 104.78125000000001 89.804761904761918 107.29166666666667
decision_type=2 2 2 2 2 2 2 2 2 2 2 2 2 2 2 2 2 2 2 2 2 2 2 2 2 2 2 2 2 2
left_child=1 3 -3 4 5 8 7 -7 9 15 13 -12 -13 -10 -6 16 17 -1 20 -20 -17 22 24 -14 -22 27 -27 29 -29 -26
right_child=-2 2 -4 -5 14 6 -8 -9 10 -11 11 12 23 -15 -16 18 -18 -19 19 -21 21 -23 -24 -25 25 26 -28 28 -30 -31
leaf_value=0.013784409832695257 0.16604738851388298 -0.0084549614611793972 -0.16829785281612028 0.076104318323944306 0.098754815269133156 0.095156552614989121 -0.1956619026332066 -0.067305268450029973 -0.060104055711152883 0.13881161689758301 0.012757096561635362 -0.18094367595827754 -0.044672826376277952 0.049349169101197882 -0.010215765508738432 -0.096397337187891424 0.20249158966541292 -0.094334964555404757 0.13049655746668579 -0.0047422470694238493 0.051804500973472993 -0.098748492300510415 0.089942435272361926 0.050709764920175072 -0.002362861662995713 -0.080400942762692773 0.0014948890126984696 -0.059027555683331394 0.036897066782188154 -0.083064600612436035
leaf_weight=23 30 34 31 28 29 27 29 29 22 20 29 34 25 43 22 23 25 23 20 33 24 20 23 20 516 21 29 22 115 21
leaf_count=23 30 34 31 28 29 27 29 29 22 20 29 34 25 43 22 23 25 23 20 33 24 20 23 20 516 21 29 22 115 21
internal_value=-2.42931e-10 -0.00366281 -0.0846877 0.000404077 -0.00126886 -0.00349242 -0.059492 0.0110245 0.000716213 0.00615351 -0.0293932 -0.0544885 -0.0791735 0.0123035 0.0517479 0.00332498 0.045206 -0.0402753 -0.00010472 0.0462913 -0.00312559 -0.000413515 0.00213733 -0.00228056 -0.000562563 -0.00229849 -0.0329014 -2.82445e-05 0.0214931 -0.0055188
internal_weight=1390 1360 65 1295 1267 1216 85 56 1131 958 173 108 79 65 51 938 71 46 867 53 814 791 771 45 748 724 50 674 137 537
internal_count=1390 1360 65 1295 1267 1216 85 56 1131 958 173 108 79 65 51 938 71 46 867 53 814 791 771 45 748 724 50 674 137 537
is_linear=0
shrinkage=0.1


Tree=172
num_leaves=31
num_cat=0
split_feature=3 0 6 0 2 1 1 4 1 2 4 0 3 4 0 6 3 4 0 4 1 1 4 4 4 4 3 3 5 0
split_gain=80.3306 441.686 426.588 65.5769 30.9004 57.8314 33.3006 19.8877 13.9631 39.5338 104.771 27.0915 16.9271 8.65876 7.78025 14.8823 15.9167 7.48575 22.7806 8.95071 7.42437 5.07069 5.01671 5.42435 12.6078 9.85068 8.68023 14.9528 10.3411 9.23026
threshold=251.34375000000003 391.21875000000006 5.5000000000000009 194.12500000000003 336.68750000000006 275.25000000000006 238.30000000000004 122.98345588235296 42.925781250000007 50.039062500000007 158.59375000000003 216.08333333333334 97.377976190476204 84.375000000000014 185.25000000000003 2.5000000000000004 171.30000000000004 275.25000000000006 146.19669117647064 238.30000000000004 113.66666666666669 49.033333333333339 197.83333333333334 156.50000000000003 167.68750000000003 145.46875000000003 147.31250000000003 116.41666666666667 16.500000000000004 147.31250000000003
decision_type=2 2 2 2 2 2 2 2 2 2 2 2 2 2 2 2 2 2 2 2 2 2 2 2 2 2 2 2 2 2
left_child=1 4 -2 7 5 6 8 -4 12 10 -10 14 13 -1 17 -16 -17 19 20 21 -19 -11 23 25 -25 26 27 29 -29 -23
right_child=2 -3 3 -5 -6 -7 -8 -9 9 11 -12 -13 -14 -15 15 16 -18 18 -20 -21 -22 22 -24 24 -26 -27 -28 28 -30 -31
leaf_value=0.017487688176333904 0.42775385788193454 -0.46204140016010831 -0.044459359813481571 -0.18581171914935113 0.089195911664711802 -0.15606889973084134 0.10473953376834591 0.065425548320636157 0.25416040526969091 -0.046748644823674114 -0.061721718027478167 -0.098039113807267153 -0.11650543998588214 -0.057426662787933042 0.1003721838647669 0.059223761586915884 -0.065426715165376667 -0.035130606964230537 -0.11766510822556236 0.066241991147398954 0.05000223600793452 -3.3332515581652755e-05 -0.040992770631042924 0.090541541864248842 -0.0041345474545288691 -0.05919421329828245 0.03835521392235211 -0.085994214423493864 0.0019943218339573254 0.060874735277432659
leaf_weight=36 27 21 28 20 38 24 30 40 21 24 21 29 22 27 22 21 20 20 22 20 21 578 29 22 39 28 58 34 22 26
leaf_count=36 27 21 28 20 38 24 30 40 21 24 21 29 22 27 22 21 20 20 22 20 21 578 29 22 39 28 58 34 22 26
internal_value=-3.47648e-10 -0.00721983 0.0800459 -0.0266372 0.000396802 -0.00237817 0.000716274 0.0201788 -0.00196935 0.00111021 0.0962193 -0.00274929 -0.0409892 -0.0146185 -2.3689e-06 0.0340215 -0.00158135 -0.00227544 -0.0355746 0.000108479 0.00847402 -0.00142951 -0.000128482 0.00134 0.0300109 -0.00100441 0.00126483 -0.00199462 -0.0514273 0.00258854
internal_weight=1390 1275 115 88 1254 1216 1192 68 1162 1077 42 1035 85 63 1006 63 41 943 63 880 41 860 836 807 61 746 718 660 56 604
internal_count=1390 1275 115 88 1254 1216 1192 68 1162 1077 42 1035 85 63 1006 63 41 943 63 880 41 860 836 807 61 746 718 660 56 604
is_linear=0
shrinkage=0.1


Tree=173
num_leaves=31
num_cat=0
split_feature=1 2 4 5 5 0 0 2 3 3 2 2 1 6 2 1 0 4 3 2 3 4 6 1 2 2 4 0 0 1
split_gain=85.0389 37.7348 83.1807 126.93 37.6104 32.3504 16.1033 42.4855 29.4237 16.0799 10.504 29.9157 46.0533 26.6598 20.5335 12.3149 9.48088 11.5478 15.1885 19.2342 16.0607 5.04391 3.81263 6.89804 5.30308 13.8386 21.3115 13.885 11.3898 15.8386
threshold=382.67187500000006 242.41666666666666 175.21875000000003 15.500000000000002 20.500000000000004 263.68333333333339 212.25000000000003 148.58333333333334 353.25000000000006 296.31250000000006 35.645833333333336 44.593750000000007 44.593750000000007 2.5000000000000004 52.984375000000007 29.921875000000004 199.25000000000003 341.78125000000006 197.83333333333334 128.43750000000003 181.58333333333334 257.26562500000006 1.0000000180025095e-35 78.718750000000014 59.875000000000007 64.86875000000002 68.968750000000014 56.031250000000007 60.415873015873025 67.77500000000002
decision_type=2 2 2 2 2 2 2 2 2 2 2 2 2 2 2 2 2 2 2 2 2 2 2 2 2 2 2 2 2 2
left_child=1 5 3 -3 -5 6 8 -8 9 10 15 13 -13 -12 -14 -1 17 18 20 -20 21 22 23 -16 -24 26 -26 -27 -29 -30
right_child=-2 2 -4 4 -6 -7 7 -9 -10 -11 11 12 14 -15 16 -17 -18 -19 19 -21 -22 -23 24 -25 25 27 -28 28 29 -31
leaf_value=-0.0044541782211689725 0.16653677960236868 0.17912448145773099 -0.24574934929609299 -0.17864781988078152 -0.0052559107542037966 0.12107002247463575 0.040349476678030835 -0.15850427535108547 0.11050464313787718 -0.071259446861222389 0.0028614525284085955 0.12430647508551679 -0.081538255536748525 -0.14997522819042206 -0.052211841988639957 0.10384399712174422 0.063194933906197556 -0.055220860122023409 0.096047937278509951 -0.008961604640000698 -0.086234138567339302 0.035436469832291977 0.0330189790581547 0.0065348640356848887 0.017740945499390367 0.071150112737502366 -0.12488715928047896 -0.064364156468460956 0.081617753021419048 -0.0013568609704836148
leaf_weight=21 30 23 20 29 22 22 21 22 24 32 21 30 31 25 39 21 24 37 37 33 22 39 48 41 20 28 22 27 24 555
leaf_count=21 30 23 20 29 22 22 21 22 24 32 21 30 31 25 39 21 24 37 37 33 22 39 48 41 20 28 22 27 24 555
internal_value=-4.9192e-10 -0.00367361 -0.0648036 -0.0158994 -0.103851 0.000865274 -0.00126053 -0.0613897 0.000892299 -0.00134279 0.000611216 -0.00125779 0.00217781 -0.080202 -0.00138973 0.0496949 0.00110486 -0.000428231 0.00174003 0.0465434 -0.00188568 0.000315589 -0.00138804 -0.0221042 0.000901038 -0.00137953 -0.056969 0.00230306 -0.000877993 0.0020825
internal_weight=1390 1360 94 74 51 1266 1244 43 1201 1177 1145 1103 1057 46 1027 42 996 972 935 70 865 843 804 80 724 676 42 634 606 579
internal_count=1390 1360 94 74 51 1266 1244 43 1201 1177 1145 1103 1057 46 1027 42 996 972 935 70 865 843 804 80 724 676 42 634 606 579
is_linear=0
shrinkage=0.1


Tree=174
num_leaves=31
num_cat=0
split_feature=3 0 0 1 0 5 0 6 6 0 2 0 1 1 2 3 4 3 1 3 6 0 0 2 4 0 0 1 3 2
split_gain=72.7217 171.42 126.444 21.4251 26.1847 13.4999 25.112 107.188 17.6603 10.7859 8.96812 34.5665 39.9611 28.955 21.6784 19.6533 9.59999 13.3991 10.7516 6.73307 6.22742 28.956 16.7223 11.5563 17.5885 15.1477 10.8392 32.3236 24.3421 15.6814
threshold=323.00000000000006 199.25000000000003 363.46875000000006 296.31250000000006 253.25000000000003 21.500000000000004 213.75000000000003 3.5000000000000004 4.5000000000000009 204.25000000000003 49.033333333333339 66.129166666666677 54.890625000000007 47.093750000000007 45.300000000000004 71.162500000000009 341.78125000000006 216.08333333333334 132.62500000000003 85.937500000000014 1.5000000000000002 157.75000000000003 187.41666666666669 71.162500000000009 69.796875000000014 70.816666666666677 53.291666666666679 59.875000000000007 51.516666666666673 65.765625000000014
decision_type=2 2 2 2 2 2 2 2 2 2 2 2 2 2 2 2 2 2 2 2 2 2 2 2 2 2 2 2 2 2
left_child=2 -2 3 4 5 6 9 -8 19 10 11 14 -13 -12 15 -1 17 20 -19 -7 21 23 26 24 -15 -25 28 -28 -22 -29
right_child=1 -3 -4 -5 -6 8 7 -9 -10 -11 13 12 -14 16 -16 -17 -18 18 -20 -21 22 -23 -24 25 -26 -27 27 29 -30 -31
leaf_value=0.0025075349172479231 -0.013142470206792762 0.33819516769477298 -0.19249148249626161 0.07312714824309717 -0.096052584771452287 -0.053080934766106883 -0.052230488828250349 0.25087972762063149 -0.10756127873063089 -0.070827902995404743 0.11824127584695816 -0.19966477401554586 -0.0043581439690156421 0.1161982876913888 -0.075059222839772705 0.12305072833384788 -0.046399874068223518 0.11196052743820473 0.014436081590695092 0.0088586300630898521 -0.014404435803492863 0.13022967398166657 -0.084147942550480373 -0.076954401284456256 -0.0031260062195360666 0.0049962472831694424 -0.1114366221483107 0.073627108974116187 0.12597178586182142 -0.0034677621248714154
leaf_weight=38 41 21 35 39 29 26 28 20 25 21 22 20 22 21 20 21 39 20 26 54 30 20 25 27 30 137 27 28 21 457
leaf_count=38 41 21 35 39 29 26 28 20 25 21 22 20 22 21 20 21 39 20 26 54 30 20 25 27 30 137 27 28 21 457
internal_value=8.66938e-10 0.105859 -0.00494221 0.000134529 -0.00213558 8.77649e-05 0.00330204 0.0740654 -0.0341978 0.000133527 0.00155141 -0.0240579 -0.0973613 0.00488337 0.0149135 0.0454127 0.00213681 0.0043151 0.056838 -0.0112717 0.00137943 0.0151391 -0.00411976 0.00443303 0.0460075 -0.00849563 -0.000566115 -0.00494531 0.0433975 0.000983076
internal_weight=1390 62 1328 1293 1254 1225 1120 48 105 1072 1051 121 42 930 79 59 908 869 46 80 823 235 588 215 51 164 563 512 51 485
internal_count=1390 62 1328 1293 1254 1225 1120 48 105 1072 1051 121 42 930 79 59 908 869 46 80 823 235 588 215 51 164 563 512 51 485
is_linear=0
shrinkage=0.1


Tree=175
num_leaves=31
num_cat=0
split_feature=0 3 0 2 2 0 1 2 0 4 1 0 1 3 3 1 1 4 2 1 1 2 1 3 0 0 4 3 3 4
split_gain=81.9381 40.6067 169.606 23.0837 43.6409 56.0716 17.4508 46.0721 31.0461 14.6756 13.4609 12.7021 88.1271 18.5606 11.9251 10.3737 21.6478 10.6615 30.2232 14.2478 15.8086 15.1265 13.8905 46.9904 38.1141 19.2598 20.13 13.7764 18.4023 10.2059
threshold=382.67187500000006 225.12500000000003 225.12500000000003 336.68750000000006 283.40625000000006 250.34375000000003 122.88970588235296 153.75000000000003 156.50000000000003 368.00000000000006 230.25000000000003 60.415873015873025 51.953125000000007 97.377976190476204 81.015625000000014 216.08333333333334 199.25000000000003 64.484375000000014 74.250000000000014 173.87500000000003 159.56250000000003 183.16666666666669 138.46875000000003 123.21470588235296 155.23333333333338 114.18750000000001 172.83333333333334 81.687500000000014 53.093750000000007 117.09583333333335
decision_type=2 2 2 2 2 2 2 2 2 2 2 2 2 2 2 2 2 2 2 2 2 2 2 2 2 2 2 2 2 2
left_child=1 3 6 4 5 9 -3 8 -8 10 11 13 -13 14 -1 16 17 18 -14 20 22 -21 24 -24 25 -19 29 28 -20 -27
right_child=-2 2 -4 -5 -6 -7 7 -9 -10 -11 -12 12 15 -15 -16 -17 -18 19 27 21 -22 -23 23 -25 -26 26 -28 -29 -30 -31
leaf_value=-0.019886099122935437 0.16347235202789309 0.044187808316200977 -0.3241365458071232 0.083533120155334484 -0.13644170064641081 0.16865375161170959 -0.023111220040237128 0.046286159109424907 -0.18927421874620698 0.075527226860634983 -0.077653429560039358 0.21268131628632547 0.138826561147081 -0.10257889750599861 0.056534019413242202 0.071452882494777437 -0.076187669747584577 -0.010094164383961005 0.060418964778496467 0.11045947208661924 -0.072210215079997267 0.0027437531854957345 -0.030259836873700541 0.16634472522884608 -0.13371155443398849 0.047602152389909835 0.1252494942735542 0.078791648987680679 -0.050027794326888399 -0.042687300344308218
leaf_weight=182 30 40 20 34 23 20 23 37 22 25 23 20 21 25 23 20 37 438 22 22 35 32 31 20 23 31 22 20 48 21
leaf_count=182 30 40 20 34 23 20 23 37 22 25 23 20 21 25 23 20 37 438 22 22 35 32 31 20 23 31 22 20 48 21
internal_value=-9.3306e-11 -0.00360601 -0.0542128 0.00229397 -3.89149e-05 0.00266329 -0.00996304 -0.0363781 -0.104346 -0.000246267 -0.0019437 -0.000350542 0.00521474 -0.0212324 -0.0113121 0.000292634 -0.00143665 0.00208216 0.0308025 -0.00264074 -0.00692497 0.0466279 -0.00302568 0.04684 -0.00777923 -0.00212211 0.0450638 0.00559685 -0.015316 0.0111391
internal_weight=1390 1360 142 1218 1184 1161 122 82 45 1141 1116 1093 863 230 205 843 823 786 111 675 621 54 586 51 535 512 74 90 70 52
internal_count=1390 1360 142 1218 1184 1161 122 82 45 1141 1116 1093 863 230 205 843 823 786 111 675 621 54 586 51 535 512 74 90 70 52
is_linear=0
shrinkage=0.1


Tree=176
num_leaves=31
num_cat=0
split_feature=1 0 2 3 1 2 1 2 4 1 3 2 3 1 0 2 0 0 4 3 3 3 2 6 1 1 3 1 3 3
split_gain=69.064 39.1733 24.3421 32.9773 18.0181 15.6745 15.1729 12.8018 14.2885 12.6905 47.1341 30.3416 33.4696 18.472 47.1473 35.9199 34.1283 9.60709 60.1397 15.3563 7.96596 139.536 26.4282 61.4763 20.3524 48.9375 25.2369 15.2468 6.75783 10.0789
threshold=382.67187500000006 309.04687500000006 296.31250000000006 396.83333333333343 238.30000000000004 323.00000000000006 222.65000000000003 209.25000000000003 129.55000000000004 172.83333333333334 218.75000000000003 170.25000000000003 147.31250000000003 159.56250000000003 183.8666666666667 172.83333333333334 166.75000000000003 137.54687500000003 214.70833333333334 275.25000000000006 124.46666666666668 118.81250000000001 62.41875000000001 4.5000000000000009 47.093750000000007 38.000000000000007 48.406250000000007 29.921875000000004 104.78125000000001 110.92708333333336
decision_type=2 2 2 2 2 2 2 2 2 2 2 2 2 2 2 2 2 2 2 2 2 2 2 2 2 2 2 2 2 2
left_child=1 2 3 4 6 -3 7 9 -9 13 11 -11 -13 14 16 -15 17 19 -19 20 21 24 23 -22 25 27 -27 -1 -26 -30
right_child=-2 5 -4 -5 -6 -7 -8 8 -10 10 -12 12 -14 15 -16 -17 -18 18 -20 -21 22 -23 -24 -25 28 26 -28 -29 29 -31
leaf_value=-0.036942924112081527 0.15008155723412833 -0.038206710815429694 0.095445272290649322 -0.12969308387488129 0.07629968891541164 -0.16340463489294055 -0.074907691294460427 -0.1130431586078235 0.0022774169390851803 -0.095508860505145537 0.17294285438954832 -0.022346008243039252 0.14012598303102314 -0.16333623830229047 0.15306038557551804 0.023919436087210977 -0.13131817869842052 0.12582183037461206 -0.090654684248424711 -0.08842468363232911 -0.16776982295897702 0.2650857120193541 0.0072596082991887153 0.057106170430779458 -0.00036090472199817761 -0.037045736908912656 -0.18775469237565995 0.081278355248893305 0.064620252082213045 -0.0050791895244179704
leaf_weight=20 30 20 26 20 30 20 28 21 22 23 20 32 21 20 20 21 20 33 21 20 31 20 112 20 567 20 25 24 42 41
leaf_count=20 30 20 26 20 30 20 28 21 22 23 20 32 21 20 20 21 20 33 21 20 31 20 112 20 567 20 25 24 42 41
internal_value=1.90117e-11 -0.00331062 -0.000356227 -0.00228114 -0.000280954 -0.100806 -0.00212775 -0.0004519 -0.0540419 0.00151261 0.0363513 0.000406179 0.0420297 -0.00159279 0.00101253 -0.0674248 -0.00198054 0.000616605 0.0416365 -0.00173486 0.000145618 0.00445313 -0.0199121 -0.0795832 -0.00260053 -0.047449 -0.120773 0.0275414 0.00354026 0.0301904
internal_weight=1390 1360 1320 1294 1274 40 1244 1216 43 1173 96 76 53 1077 1036 41 1016 996 54 942 922 759 163 51 739 89 45 44 650 83
internal_count=1390 1360 1320 1294 1274 40 1244 1216 43 1173 96 76 53 1077 1036 41 1016 996 54 942 922 759 163 51 739 89 45 44 650 83
is_linear=0
shrinkage=0.1


Tree=177
num_leaves=31
num_cat=0
split_feature=3 0 6 0 2 0 0 4 3 2 0 1 3 4 2 6 6 3 0 0 3 0 6 1 0 2 3 4 2 2
split_gain=67.6654 401.778 355.041 55.7857 24.828 51.9185 25.9813 15.4968 14.6879 30.8498 9.89718 66.8922 14.2314 16.609 20.5231 13.5785 15.6915 12.8345 29.4491 23.1549 19.06 29.3019 17.9483 13.45 28.3687 9.65363 13.8746 6.74408 20.212 6.86532
threshold=251.34375000000003 391.21875000000006 5.5000000000000009 194.12500000000003 368.00000000000006 309.04687500000006 250.34375000000003 122.98345588235296 218.75000000000003 112.83333333333334 54.046875000000007 51.953125000000007 84.763764880952394 62.070684523809526 50.039062500000007 3.5000000000000004 1.5000000000000002 177.25000000000003 197.83333333333334 162.00000000000003 157.75000000000003 162.00000000000003 1.5000000000000002 231.75000000000003 203.18020833333335 216.08333333333334 148.58333333333334 53.187500000000007 71.785156250000014 61.734375000000007
decision_type=2 2 2 2 2 2 2 2 2 2 2 2 2 2 2 2 2 2 2 2 2 2 2 2 2 2 2 2 2 2
left_child=1 4 -2 7 5 6 8 -4 10 -10 12 -12 13 15 -15 16 -1 20 19 22 23 -22 -19 24 25 26 27 28 -13 -29
right_child=2 -3 3 -5 -6 -7 -8 -9 9 -11 11 17 -14 14 -16 -17 -18 18 -20 -21 21 -23 -24 -25 -26 -27 -28 29 -30 -31
leaf_value=-0.068374557825534241 0.39067739293807086 -0.44041383550280622 -0.037739515233053161 -0.17067253254354001 0.10593518858606166 -0.16104774057865145 0.090303661674261099 0.059259280557744209 -0.14870563741773365 0.024832023609252202 0.16322595733576095 0.11365694696083667 -0.086351461109838323 -0.013660394989194408 0.11626990930642933 -0.085185147709015641 0.038571842870656202 -0.0041539516174592655 0.14314923366531729 -0.059953388896199972 0.015054519536594549 -0.13963825771212576 0.12014403201284862 -0.078581823515040547 0.11445779021490704 0.063047763899616568 -0.080959819864735688 0.044354605757639394 -0.011117721567987592 -0.0054203745126455167
leaf_weight=23 27 21 28 20 22 20 32 40 20 21 26 20 28 31 20 33 34 26 20 31 24 25 21 21 22 23 22 29 37 623
leaf_count=23 27 21 28 20 22 20 32 40 20 21 26 20 28 31 20 33 34 26 20 31 24 25 21 21 22 23 22 29 37 623
internal_value=1.83762e-11 -0.00662628 0.0734653 -0.0238612 0.000638108 -0.0012422 0.00139486 0.0193186 -0.00101623 -0.0598205 0.00110052 0.00499143 -0.0212319 -0.0083004 0.0372927 -0.0341365 -0.00458197 0.000633276 0.0348924 0.00713419 -0.00333527 -0.0638704 0.0513834 0.000386461 0.00252349 -0.000742499 -0.00274958 -0.000322745 0.0326629 -0.00320646
internal_weight=1390 1275 115 88 1254 1232 1212 68 1180 41 1139 970 169 141 51 90 57 944 98 78 846 49 47 797 776 754 731 709 57 652
internal_count=1390 1275 115 88 1254 1232 1212 68 1180 41 1139 970 169 141 51 90 57 944 98 78 846 49 47 797 776 754 731 709 57 652
is_linear=0
shrinkage=0.1


Tree=178
num_leaves=31
num_cat=0
split_feature=0 3 0 3 2 2 0 4 0 4 0 1 1 1 0 0 1 3 3 1 1 4 4 0 6 4 2 0 2 4
split_gain=80.7077 36.996 150.496 24.6974 18.8267 43.0256 48.037 16.6106 27.1111 11.8138 11.2708 9.05028 14.56 16.7581 13.9531 8.52007 62.7793 12.6489 11.6076 15.5715 13.4913 12.5228 12.434 10.6864 23.8634 9.91351 23.1509 12.6143 9.4564 7.87292
threshold=382.67187500000006 225.12500000000003 222.65000000000003 368.00000000000006 336.68750000000006 283.40625000000006 250.34375000000003 178.84375000000003 147.31250000000003 368.00000000000006 227.00000000000003 218.75000000000003 205.37500000000003 190.33333333333334 188.75000000000003 60.415873015873025 51.953125000000007 97.377976190476204 32.500000000000007 42.015625000000007 47.093750000000007 64.484375000000014 75.966666666666683 56.031250000000007 3.5000000000000004 64.484375000000014 74.250000000000014 67.377604166666686 100.70504712301589 156.50000000000003
decision_type=2 2 2 2 2 2 2 2 2 2 2 2 2 2 2 2 2 2 2 2 2 2 2 2 2 2 2 2 2 2
left_child=1 4 3 7 5 6 9 8 -3 10 11 12 13 14 15 17 -17 18 -1 22 -21 23 -20 24 -22 26 -18 -28 -29 -27
right_child=-2 2 -4 -5 -6 -7 -8 -9 -10 -11 -12 -13 -14 -15 -16 16 25 -19 19 20 21 -23 -24 -25 -26 29 27 28 -30 -31
leaf_value=-0.07928937148480189 0.162240416208903 -0.047309175852772806 -0.2860511067120925 0.084013657706479228 0.075419563055038455 -0.13549191984145537 0.15626728117465974 -0.091071714510520305 0.089175804467363798 0.067921133637428285 -0.074154689837069743 0.058098983460177604 -0.082123900679024794 0.077838848641625158 -0.077325689295927688 0.17974687402136624 0.12233243169085611 -0.084196686267852788 0.10200810268035401 -0.090823054810365053 0.061434808900130214 0.043514601864214797 -0.0058024435630068191 -0.082050575440128656 -0.066851937522758448 -0.010714560699775352 -0.06431161221116781 0.058508533659653784 -0.015485850313017448 0.015684361664616332
leaf_weight=21 30 43 23 24 34 23 20 30 22 25 21 26 22 27 24 20 21 25 23 21 29 38 20 24 29 488 20 39 31 147
leaf_count=21 30 43 23 24 34 23 20 30 22 25 21 26 22 27 24 20 21 25 23 21 29 38 20 24 29 488 20 39 31 147
internal_value=8.51905e-11 -0.00357883 -0.0518833 -0.00662395 0.00205272 -5.40976e-05 0.00262899 -0.0295219 -0.00111426 -6.40517e-05 -0.00158702 -0.000195309 -0.00161313 7.85954e-05 -0.00197976 -0.0001642 0.00490386 -0.017043 -0.00885356 -0.000814687 -0.0168797 -0.00393963 0.0518637 -0.0259306 -0.00270856 0.000216375 0.0277885 0.00572821 0.0257396 -0.00460331
internal_weight=1390 1360 142 119 1218 1184 1161 95 65 1141 1116 1095 1069 1047 1020 996 766 230 205 184 141 120 43 82 58 746 111 90 70 635
internal_count=1390 1360 142 119 1218 1184 1161 95 65 1141 1116 1095 1069 1047 1020 996 766 230 205 184 141 120 43 82 58 746 111 90 70 635
is_linear=0
shrinkage=0.1


Tree=179
num_leaves=31
num_cat=0
split_feature=3 0 2 0 1 0 5 0 6 6 0 4 3 4 1 1 1 3 2 1 4 3 1 0 2 4 3 2 4 4
split_gain=65.5972 163.647 136.249 397.729 111.437 23.8757 10.2246 20.3959 82.8972 14.2423 10.0233 10.6863 9.82066 9.48662 28.1189 27.6243 61.5094 49.3479 16.5851 15.0445 13.0366 9.13297 5.84984 14.0507 10.7383 9.76065 5.22016 4.53188 3.14706 11.2682
threshold=323.00000000000006 199.25000000000003 323.00000000000006 382.67187500000006 283.40625000000006 253.25000000000003 21.500000000000004 213.75000000000003 2.5000000000000004 4.5000000000000009 204.25000000000003 353.25000000000006 121.87500000000001 195.09791666666669 70.140625000000014 42.925781250000007 47.093750000000007 97.377976190476204 50.039062500000007 138.46875000000003 290.98437500000006 40.547916666666673 175.21875000000003 163.35000000000002 203.18020833333335 129.55000000000004 85.937500000000014 107.51562500000001 134.5588235294118 167.68750000000003
decision_type=2 2 2 2 2 2 2 2 2 2 2 2 2 2 2 2 2 2 2 2 2 2 2 2 2 2 2 2 2 2
left_child=2 -2 4 12 5 6 7 10 -9 26 11 13 -4 15 -15 17 -17 21 -18 20 -16 -1 23 28 -24 -26 -8 -28 -20 -30
right_child=1 -3 3 -5 -6 -7 9 8 -10 -11 -12 -13 -14 14 19 16 18 -19 22 -21 -22 -23 24 -25 25 -27 27 -29 29 -31
leaf_value=-0.060804398854573574 -0.015732236097498641 0.3275474451837086 0.075430348089763108 -0.51627270996570596 0.2307757942449479 -0.10476769452745266 -0.045721951112724271 -0.080157228949524109 0.18697267584502697 -0.095379380702972416 -0.068094155263333095 -0.053468784240677081 -0.022482021898031238 0.13540052693514598 -0.055395957798911981 0.16689301197943482 -0.088885400239378215 -0.18336410278623755 0.0010860024180596437 0.070169575598377443 0.04087671054823494 0.021368874147485353 -0.082185113023627895 0.086560105479189339 -0.04248566507645276 0.050683110562915162 0.037786135967406966 -0.02015300874632818 0.049362565995246736 -0.028172338281453043
leaf_weight=21 41 21 21 20 21 22 26 21 26 25 21 34 20 21 39 23 20 22 615 26 22 38 22 21 23 22 27 27 53 29
leaf_count=21 41 21 21 20 21 22 26 21 26 25 21 34 20 21 39 23 20 22 615 26 22 38 22 21 23 22 27 27 53 29
internal_value=-3.82839e-10 0.10054 -0.00469388 -0.150673 0.00233432 -0.00151582 0.000340016 0.00313971 0.0676168 -0.0294968 0.000312829 0.00167967 0.0276682 0.00352337 0.0315432 0.000194283 0.00564673 -0.0555418 0.00103969 0.00647419 -0.0206747 -0.00787924 0.00333077 0.00596779 -0.0249286 0.00306351 -0.00890845 0.00881656 0.00353961 0.0219417
internal_weight=1390 62 1328 61 1267 1246 1224 1119 47 105 1072 1051 41 1017 108 909 828 81 805 87 61 59 785 718 67 45 80 54 697 82
internal_count=1390 62 1328 61 1267 1246 1224 1119 47 105 1072 1051 41 1017 108 909 828 81 805 87 61 59 785 718 67 45 80 54 697 82
is_linear=0
shrinkage=0.1


Tree=180
num_leaves=31
num_cat=0
split_feature=0 0 3 0 3 1 3 1 2 1 6 1 1 3 0 3 3 0 4 2 5 3 1 1 0 0 4 2 0 1
split_gain=90.4719 41.9926 21.5518 78.4586 27.5077 145.641 37.1086 29.0913 109.937 42.7095 26.9215 25.1109 23.9488 34.8886 20.7139 14.5028 11.1195 91.568 48.1896 45.9995 43.9616 27.4995 20.4544 42.5706 24.3732 14.079 32.4721 13.2374 12.1868 10.8173
threshold=382.67187500000006 341.78125000000006 227.00000000000003 222.65000000000003 156.50000000000003 231.75000000000003 150.70000000000002 167.68750000000003 157.75000000000003 138.46875000000003 4.5000000000000009 270.03125000000006 109.51562500000001 181.58333333333334 171.30000000000004 296.31250000000006 118.81250000000001 84.031250000000014 139.65625000000003 148.58333333333334 14.500000000000002 115.60000000000001 47.093750000000007 38.000000000000007 39.484375000000007 150.70000000000002 86.033333333333346 56.031250000000007 134.5588235294118 29.921875000000004
decision_type=2 2 2 2 2 2 2 2 2 2 2 2 2 2 2 2 2 2 2 2 2 2 2 2 2 2 2 2 2 2
left_child=1 2 4 10 6 7 11 9 -9 12 -4 16 13 -6 15 -12 21 -18 19 -19 -20 22 23 29 -25 27 -27 -24 -29 -1
right_child=-2 -3 3 -5 5 -7 -8 8 -10 -11 14 -13 -14 -15 -16 -17 17 18 20 -21 -22 -23 25 24 -26 26 -28 28 -30 -31
leaf_value=-0.029318845197558403 0.1717743060986201 -0.14762079119682311 -0.10741848810152575 -0.2222978872060776 0.11355339735746384 0.29252092123031614 -0.13564133913744064 -0.22615600632164967 0.059119370674182263 0.14653238292645526 0.034001819541056952 -0.088430744316428903 -0.077788499198280847 -0.02939968125061377 0.091384060752506435 -0.058402007605348319 0.22575722232460979 -0.1935188573385988 0.15740199422774215 0.0022690522617527416 -0.0089436381183406154 -0.11313519084995444 0.073374756492674359 -0.041356038269789328 -0.18858304050835697 -0.020343039868972623 0.14096210487186908 0.0017690557093659708 -0.075720840408688497 0.070259549057421586
leaf_weight=20 30 20 22 20 31 20 21 22 35 27 33 32 26 38 26 35 20 21 24 28 47 22 25 23 22 26 24 605 21 24
leaf_count=20 30 20 22 20 31 20 21 22 35 27 33 32 26 38 26 35 20 21 24 28 47 22 25 23 22 26 24 605 21 24
internal_value=-9.23617e-11 -0.00378914 -0.0016424 -0.0393764 0.00261991 0.036588 -0.0041061 0.0079921 -0.0509869 0.0355479 -0.0078382 -0.00129894 0.00400491 0.0348256 0.0154678 -0.013559 0.00162986 0.0276577 -0.00535888 -0.0816401 0.0472859 -0.0028577 0.000213314 -0.0449457 -0.113334 0.00594676 0.0570834 0.00201922 -0.000830446 0.0249966
internal_weight=1390 1360 1340 136 1204 199 1005 179 57 122 116 984 95 69 94 68 952 140 120 49 71 812 790 89 45 701 50 651 626 44
internal_count=1390 1360 1340 136 1204 199 1005 179 57 122 116 984 95 69 94 68 952 140 120 49 71 812 790 89 45 701 50 651 626 44
is_linear=0
shrinkage=0.1


Tree=181
num_leaves=31
num_cat=0
split_feature=1 2 4 5 5 2 1 0 0 3 4 3 4 1 2 3 3 0 6 2 3 0 0 2 5 1 1 0 2 5
split_gain=77.9694 42.1818 72.6273 93.4655 40.5111 27.0621 41.0216 34.9792 13.5909 20.4596 11.7185 62.7635 20.0274 22.6313 65.8501 43.2845 17.3775 13.9397 19.2935 18.9715 17.2955 13.8497 13.1982 12.4182 34.2643 44.8727 11.5846 9.72587 8.65317 37.2342
threshold=382.67187500000006 242.41666666666666 175.21875000000003 15.500000000000002 20.500000000000004 227.00000000000003 227.00000000000003 225.12500000000003 209.25000000000003 353.25000000000006 199.25000000000003 196.25000000000003 188.75000000000003 42.925781250000007 50.039062500000007 97.377976190476204 156.50000000000003 152.20312500000003 3.5000000000000004 187.41666666666669 152.20312500000003 90.669146825396837 120.70312500000001 65.077450980392172 8.5000000000000018 57.518750000000004 175.21875000000003 51.031250000000007 71.785156250000014 8.5000000000000018
decision_type=2 2 2 2 2 2 2 2 2 2 2 2 2 2 2 2 2 2 2 2 2 2 2 2 2 2 2 2 2 2
left_child=1 5 3 -3 -5 6 7 8 9 10 12 16 13 15 -15 -1 21 19 26 23 -20 -12 -23 24 27 -26 -19 -16 29 -25
right_child=-2 2 -4 4 -6 -7 -8 -9 -10 -11 11 -13 -14 14 17 -17 -18 18 20 -21 -22 22 -24 28 25 -27 -28 -29 -30 -31
leaf_value=-0.0055604909670849646 0.15946434239546459 0.14489948472170078 -0.23722727622836831 -0.17555231636968152 0.0044017346067862081 0.11385554685479118 -0.1391982179312479 0.12391801489436108 -0.082324655279517184 0.092192129231989384 -0.085166504979133612 -0.14670912535751568 0.097212147094647997 0.14853518324032908 -0.015893198042473893 -0.16953878592361105 0.067728897994932008 0.045611596818674695 0.019636971056461335 -0.097806905777681447 0.14812573336742141 0.044371211813076544 -0.048091898113489157 -0.021337944827973843 0.0065630303865129302 -0.18925766211748124 -0.054850592184811836 0.059416233061778324 6.167514410085963e-05 0.12918019682444909
leaf_weight=60 30 23 20 29 22 21 21 23 20 24 22 34 22 31 47 22 34 22 20 21 22 38 26 42 22 25 24 27 569 27
leaf_count=60 30 23 20 29 22 21 21 23 20 24 22 34 22 31 47 22 34 22 20 21 22 38 26 42 22 25 24 27 569 27
internal_value=3.56047e-10 -0.0035176 -0.0681493 -0.0224526 -0.0979251 0.00128128 -0.000617558 0.00176005 -0.00057936 0.00080498 -0.00109069 -0.0267745 0.00285279 0.000736674 0.00532387 -0.0495547 0.00720697 0.000209181 0.037938 -0.00404741 0.0869406 -0.0167203 0.00680807 -0.00145327 -0.0308248 -0.0975969 -0.00680346 0.0115846 0.00411719 0.0375605
internal_weight=1390 1360 94 74 51 1266 1245 1224 1201 1181 1157 154 1003 981 899 82 120 868 88 780 42 86 64 759 121 47 46 74 638 69
internal_count=1390 1360 94 74 51 1266 1245 1224 1201 1181 1157 154 1003 981 899 82 120 868 88 780 42 86 64 759 121 47 46 74 638 69
is_linear=0
shrinkage=0.1


Tree=182
num_leaves=31
num_cat=0
split_feature=3 0 2 1 0 2 3 4 5 5 4 1 1 1 0 4 2 2 0 0 4 2 1 0 3 1 1 6 5 0
split_gain=64.9629 784.775 509.657 39.5204 64.028 23.5289 19.3894 26.7503 24.6388 36.4342 10.5823 9.73436 15.5838 13.2235 22.6791 20.8926 9.41998 9.37149 112.947 29.0741 17.5182 35.3589 7.99699 8.86025 5.70458 25.1285 12.5423 9.62282 12.7334 8.89462
threshold=204.25000000000003 296.31250000000006 382.67187500000006 314.00000000000006 263.68333333333339 212.25000000000003 368.00000000000006 199.25000000000003 12.500000000000002 20.500000000000004 263.68333333333339 231.75000000000003 218.75000000000003 199.25000000000003 185.25000000000003 150.70000000000002 29.921875000000004 54.046875000000007 75.503968253968267 45.300000000000004 91.355406746031761 45.980468750000007 52.984375000000007 50.039062500000007 78.171875000000014 59.28768382352942 59.875000000000007 4.5000000000000009 2.5000000000000004 64.234375000000014
decision_type=2 2 2 2 2 2 2 2 2 2 2 2 2 2 2 2 2 2 2 2 2 2 2 2 2 2 2 2 2 2
left_child=2 5 3 4 11 6 7 8 -2 -10 -9 12 13 14 16 -15 -1 18 19 20 21 -18 -19 -24 26 -26 -25 -27 -29 -28
right_child=1 -3 -4 -5 -6 -7 -8 10 9 -11 -12 -13 -14 15 -16 -17 17 22 -20 -21 -22 -23 23 24 25 27 29 28 -30 -31
leaf_value=-0.067888762648217388 -0.055138076203210019 0.61616383005272268 -0.47500268894693126 0.1156223504707731 -0.1799390545487404 -0.11649669061104458 0.078933145773286625 -0.13848652064800263 0.11721264179795982 -0.045750218443572521 -0.035616315240040421 -0.055616841067870459 0.089582776874303827 0.017945131361484529 0.08557528704404832 -0.12486654991904896 0.053155104771256449 -0.054789531164403472 0.2034690002644701 -0.13257251473143697 0.075714842068112423 -0.11677564245959123 0.058175488770008089 0.079869836585029316 -0.11844624996185303 0.00047902907483928306 -0.028279246052946239 0.012666420869174459 -0.090344288918588853 0.013722738884389402
leaf_weight=20 35 22 23 29 20 21 24 20 34 23 20 30 20 20 32 21 25 28 28 20 23 24 25 23 20 448 68 21 28 195
leaf_count=20 35 22 23 29 20 21 24 20 34 23 20 30 20 20 32 21 25 28 28 20 23 24 25 23 20 448 68 21 28 195
internal_value=8.68375e-10 0.0528877 -0.00883682 0.000342815 -0.00259231 -0.017124 -0.00374692 -0.0187797 0.0109037 0.0514557 -0.0870514 0.000577427 0.00212548 0.000489234 0.00271039 -0.0552023 4.8069e-05 0.00144022 0.0276115 -0.0259103 0.00371811 -0.0300763 -0.00222866 -0.00045124 -0.00227648 -0.00854539 0.00905577 -0.00412282 -0.0461968 0.00286291
internal_weight=1390 199 1191 1168 1139 177 156 132 92 57 40 1119 1089 1069 1028 41 996 976 120 92 72 49 856 828 803 517 286 497 49 263
internal_count=1390 199 1191 1168 1139 177 156 132 92 57 40 1119 1089 1069 1028 41 996 976 120 92 72 49 856 828 803 517 286 497 49 263
is_linear=0
shrinkage=0.1


Tree=183
num_leaves=31
num_cat=0
split_feature=1 0 2 3 1 1 3 2 1 3 3 2 0 0 4 1 1 1 3 1 4 0 3 2 0 3 3 3 3 2
split_gain=69.0883 39.2652 21.2536 32.2626 15.4609 17.9152 10.9547 10.2829 10.8216 32.8199 24.0307 31.1541 15.0161 27.746 10.7463 9.00445 24.0707 64.3407 34.3124 15.5329 7.59822 17.4485 45.4999 9.07346 6.51204 5.60886 18.634 12.2016 5.57855 7.7449
threshold=382.67187500000006 309.04687500000006 296.31250000000006 396.83333333333343 238.30000000000004 222.65000000000003 159.56250000000003 209.25000000000003 172.83333333333334 218.75000000000003 159.56250000000003 196.25000000000003 162.00000000000003 182.08333333333334 129.55000000000004 32.367187500000007 41.203125000000007 45.300000000000004 70.140625000000014 49.033333333333339 275.25000000000006 138.46875000000003 178.84375000000003 53.291666666666679 122.54791666666667 129.63333333333335 120.21875000000001 146.19669117647064 104.78125000000001 143.59375000000003
decision_type=2 2 2 2 2 2 2 2 2 2 2 2 2 2 2 2 2 2 2 2 2 2 2 2 2 2 2 2 2 2
left_child=1 2 3 4 5 7 -3 8 12 10 11 -10 15 -14 -9 -1 18 -18 -17 -19 21 23 -23 -21 -22 26 28 -27 29 -25
right_child=-2 6 -4 -5 -6 -7 -8 14 9 -11 -12 -13 13 -15 -16 16 17 19 -20 20 24 22 -24 25 -26 27 -28 -29 -30 -31
leaf_value=0.052267932541230147 0.15010789910952249 -0.048588094711303709 0.089164434946500337 -0.12817564360797404 0.070764878342549006 -0.080968288012913295 -0.15325301535427571 -0.099260429186480384 0.14059294342129891 0.14784757114946842 -0.058623150889830222 -0.031658447072619486 -0.12487439767078118 0.012773381173610689 0.00074935337020592269 0.0082467293056348971 0.16493764476229747 -0.074260930131588673 -0.16910338371992112 -0.063262410461902618 -0.0068386188475415112 -0.037338700115680697 0.14988251718933937 0.0010900203277211572 -0.076662120155312805 0.091662600849355971 -0.089909328455510362 0.0060151086514815691 0.026056205908336291 -0.04887162349892385
leaf_weight=34 30 20 26 20 30 28 20 21 21 20 34 21 27 32 22 24 24 28 20 22 34 25 27 519 22 21 23 80 82 33
leaf_count=34 30 20 26 20 30 28 20 21 21 20 34 21 27 32 22 24 24 28 20 22 34 25 27 519 22 21 23 80 82 33
internal_value=-1.73074e-10 -0.0033112 -0.000353345 -0.002152 -0.000173609 -0.00188434 -0.100921 -6.3332e-05 0.00169733 0.0338686 0.00387417 0.0544672 -0.0011703 -0.050218 -0.0480926 0.00167234 -7.58805e-05 0.00330796 -0.072367 -0.000926882 0.00138545 0.00378529 0.0598723 4.61559e-05 -0.0342693 0.00188361 -0.00148912 0.023823 0.00171856 -0.00189682
internal_weight=1390 1360 1320 1294 1274 1244 40 1216 1173 96 76 42 1077 59 43 1018 984 940 44 916 888 832 52 780 56 758 657 101 634 552
internal_count=1390 1360 1320 1294 1274 1244 40 1216 1173 96 76 42 1077 59 43 1018 984 940 44 916 888 832 52 780 56 758 657 101 634 552
is_linear=0
shrinkage=0.1


Tree=184
num_leaves=31
num_cat=0
split_feature=1 2 4 5 5 0 0 2 1 3 2 3 4 5 2 3 2 1 3 0 0 3 1 0 1 6 5 0 0 3
split_gain=55.9615 33.3811 66.7561 70.3196 32.9605 25.9199 16.602 32.4311 18.4546 51.463 11.2714 16.8273 25.7863 21.1119 17.6884 15.1528 13.2628 57.0126 20.4087 7.55115 5.31503 3.5053 7.54087 11.684 8.54066 8.40894 20.1268 15.0414 15.2196 11.2596
threshold=382.67187500000006 242.41666666666666 175.21875000000003 15.500000000000002 20.500000000000004 257.26562500000006 212.25000000000003 148.58333333333334 190.33333333333334 152.20312500000003 27.483333333333338 207.30729166666669 177.25000000000003 12.500000000000002 129.18750000000003 197.83333333333334 42.925781250000007 44.593750000000007 70.140625000000014 156.50000000000003 175.21875000000003 38.000000000000007 53.291666666666679 51.031250000000007 59.28768382352942 4.5000000000000009 7.5000000000000009 56.937500000000007 60.415873015873025 60.062500000000007
decision_type=2 2 2 2 2 2 2 2 2 2 2 2 2 2 2 2 2 2 2 2 2 2 2 2 2 2 2 2 2 2
left_child=1 5 3 -3 -5 6 8 -8 10 -10 -1 15 13 -13 -15 16 18 -18 -12 -14 21 -19 -23 -24 -25 27 29 -26 -29 -27
right_child=-2 2 -4 4 -6 -7 7 -9 9 -11 11 12 19 14 -16 -17 17 20 -20 -21 -22 22 23 24 25 26 -28 28 -30 -31
leaf_value=0.072946294099092479 0.1350971015294393 0.12849398119294125 -0.22257529728114608 -0.15214896202087402 0.010170910507440567 0.10647826751937038 0.025415226320425671 -0.15033115173379583 -0.02407936075249234 0.15561080620058679 0.013625429623893329 -0.08803354664282366 -0.060335594117641445 0.10013555859525998 -0.015954496304704146 0.081654365790967395 0.13357228749664501 0.033800131641328335 -0.10606704225827908 -0.14723297089338303 -0.048712675397594773 -0.043462995016237814 0.071875494305277246 -0.051034758261897989 0.090228352546691898 0.055021270945668221 -0.10188969694651091 -0.081555323657535372 0.0051143731736778544 -0.023462425859008151
leaf_weight=20 30 23 20 29 22 23 21 21 37 28 28 22 20 21 35 23 32 28 29 20 24 42 22 34 20 25 26 21 576 68
leaf_count=20 30 23 20 29 22 23 21 21 37 28 28 22 20 21 35 23 32 28 29 20 24 42 22 34 20 25 26 21 576 68
internal_value=-1.76876e-10 -0.00298008 -0.0604756 -0.0166648 -0.0821286 0.00128893 -0.000657449 -0.062458 0.00150377 0.0533256 -0.00146139 -0.00279486 -0.0385057 -0.00502947 0.0275793 0.00142746 -0.000465074 0.00244116 -0.0472707 -0.103784 -0.00229495 -0.00100258 -0.00217102 1.87096e-05 -0.00203434 0.000229265 -0.0241096 0.00492348 0.00206569 -0.00236466
internal_weight=1390 1360 94 74 51 1266 1243 42 1201 65 1136 1116 118 78 56 998 975 918 57 40 886 862 834 792 770 736 119 617 597 93
internal_count=1390 1360 94 74 51 1266 1243 42 1201 65 1136 1116 118 78 56 998 975 918 57 40 886 862 834 792 770 736 119 617 597 93
is_linear=0
shrinkage=0.1


Tree=185
num_leaves=31
num_cat=0
split_feature=3 0 2 1 2 0 4 0 2 2 0 1 1 4 4 0 3 0 1 3 3 4 4 3 3 1 5 4 0 0
split_gain=57.615 543.961 412.028 38.9832 33.0336 46.8993 20.261 19.5761 14.9505 10.6682 74.8365 135.753 12.905 17.8969 16.6368 25.87 18.6288 10.8965 9.46154 30.2802 9.2761 8.16266 10.7134 24.3059 12.4193 56.7217 39.1576 30.617 19.8482 8.39158
threshold=241.12500000000003 391.21875000000006 212.25000000000003 187.41666666666669 368.00000000000006 309.04687500000006 203.66666666666669 270.03125000000006 29.921875000000004 61.734375000000007 81.43278769841271 68.416666666666686 52.984375000000007 36.031250000000007 125.06666666666668 36.140625000000007 51.516666666666673 227.00000000000003 61.734375000000007 55.929687500000007 332.84375000000006 368.00000000000006 231.75000000000003 152.20312500000003 156.50000000000003 148.58333333333334 14.500000000000002 97.855468750000014 187.41666666666669 172.83333333333334
decision_type=2 2 2 2 2 2 2 2 2 2 2 2 2 2 2 2 2 2 2 2 2 2 2 2 2 2 2 2 2 2
left_child=1 4 3 6 5 7 20 8 -1 10 12 -12 13 -10 15 -15 -17 18 19 -11 -2 22 24 -24 28 27 -27 -26 29 -20
right_child=2 -3 -4 -5 -6 -7 -8 -9 9 17 11 -13 -14 14 -16 16 -18 -19 21 -21 -22 -23 23 -25 25 26 -28 -29 -30 -31
leaf_value=-0.083074144766266858 0.016128118535165083 -0.52382796347141269 0.48082190424203874 -0.12902013458635495 0.12331611256707797 -0.15219306647777558 0.10577037639915943 0.10031681939959528 0.044423074911658963 0.049516973644495012 0.31459005911919208 -0.00071143839094373919 0.03838681742439376 0.0050375928170979028 0.024406937119506658 -0.055261425301432611 -0.18861064859877597 -0.05483004490011617 0.00071667137494179625 -0.10288487235084176 -0.066007456928491595 0.058659057259559638 0.00084164598243957264 -0.12997626282274724 0.046570287483998322 0.17517483374386122 -0.0021518914029002192 -0.11235237600027446 -0.080397511174281441 0.064995550896440241
leaf_weight=21 44 20 20 23 22 20 20 20 24 22 22 36 34 24 21 20 22 38 618 32 20 25 49 20 22 33 20 27 30 21
leaf_count=21 44 20 20 23 22 20 20 20 24 22 22 36 34 24 21 20 22 38 618 32 20 25 49 20 22 33 20 27 30 21
internal_value=-2.23852e-10 -0.00645595 0.0642037 -0.0136689 0.00186861 -0.000319628 0.0179154 0.00220949 0.00054806 0.00206191 0.022884 0.118886 -0.0155166 -0.0320276 -0.0531174 -0.0777843 -0.125111 -0.00235491 -0.000185095 -0.0407952 -0.00953925 0.0023501 0.000674242 -0.0370766 0.00405272 0.0365565 0.108259 -0.0409993 -0.000903013 0.00282912
internal_weight=1390 1263 127 107 1243 1221 84 1201 1181 1160 203 58 145 111 87 66 42 957 919 54 64 865 840 69 771 102 53 49 669 639
internal_count=1390 1263 127 107 1243 1221 84 1201 1181 1160 203 58 145 111 87 66 42 957 919 54 64 865 840 69 771 102 53 49 669 639
is_linear=0
shrinkage=0.1


Tree=186
num_leaves=31
num_cat=0
split_feature=0 3 1 2 2 0 4 2 3 1 0 0 1 2 4 0 4 1 3 0 5 2 0 0 2 0 4 1 4 4
split_gain=59.5221 34.7504 136.874 27.0221 39.2513 40.7124 22.8317 18.2929 13.0675 11.2167 20.2439 8.18741 31.5275 15.0312 9.48281 7.61897 5.89049 15.1782 16.0435 4.62473 3.47235 4.32718 8.04563 8.67334 7.76517 5.32973 12.0044 11.0236 10.6502 10.079
threshold=382.67187500000006 225.12500000000003 216.08333333333334 336.68750000000006 283.40625000000006 250.34375000000003 195.09791666666669 109.51562500000001 283.40625000000006 230.25000000000003 207.30729166666669 38.000000000000007 44.593750000000007 50.039062500000007 44.775000000000006 44.593750000000007 270.03125000000006 153.75000000000003 141.12500000000003 197.83333333333334 1.5000000000000002 212.25000000000003 170.25000000000003 150.17187500000003 180.80208333333337 114.18750000000001 170.25000000000003 122.88970588235296 114.18750000000001 134.5588235294118
decision_type=2 2 2 2 2 2 2 2 2 2 2 2 2 2 2 2 2 2 2 2 2 2 2 2 2 2 2 2 2 2
left_child=1 3 6 4 5 9 7 -3 -9 10 11 14 -13 -14 -1 -15 19 18 -18 20 -17 22 23 24 25 26 29 -27 -29 -22
right_child=-2 2 -4 -5 -6 -7 -8 8 -10 -11 -12 12 13 15 -16 16 17 -19 -20 -21 21 -23 -24 -25 -26 27 -28 28 -30 -31
leaf_value=-0.091133582450094675 0.13932872225840887 -0.11420533942139668 -0.28555616942189993 0.090281140453675218 -0.12950050506902777 0.14386410236358643 0.055210255517771367 0.045904863119125366 -0.04875539705323588 -0.069182993277259505 0.081047979501947282 0.091788201718717016 -0.067567266655318883 0.061165908724069601 -0.0069994822345875417 0.017844095145119355 -0.053985102255828678 -0.09790460873733868 0.060479587564865746 0.048587297387421131 -0.0052735620580734617 0.039424274551371735 -0.04916192878138375 0.047204996943473819 -0.062292583354494793 0.080703906261402628 -0.062029477485588617 0.03295716402786119 -0.055834321474487136 0.050299698247441231
leaf_weight=21 30 23 21 34 23 20 38 25 35 23 31 37 34 20 37 96 25 22 24 20 483 24 37 35 22 23 35 35 22 35
leaf_count=21 30 23 21 34 23 20 38 25 35 23 31 37 34 20 37 96 25 22 24 20 483 24 37 35 22 23 35 35 22 35
internal_value=1.44081e-10 -0.00307343 -0.0498889 0.00238454 -0.000139519 0.00242319 -0.00898802 -0.03838 -0.00931362 -5.60567e-05 0.00136605 -0.000906384 0.00115408 -0.00222643 -0.0374618 9.25579e-05 -0.00120965 -0.0289017 0.00207924 0.0010581 -6.4197e-05 -0.00235341 -0.00373259 -0.00129652 -0.0038882 -0.00185835 -0.00534841 0.0222667 -0.00131323 -0.00151861
internal_weight=1390 1360 142 1218 1184 1161 121 83 60 1141 1118 1087 1029 992 58 958 938 71 49 867 847 751 727 690 655 633 553 80 57 518
internal_count=1390 1360 142 1218 1184 1161 121 83 60 1141 1118 1087 1029 992 58 958 938 71 49 867 847 751 727 690 655 633 553 80 57 518
is_linear=0
shrinkage=0.1


Tree=187
num_leaves=31
num_cat=0
split_feature=3 0 0 2 0 2 1 4 4 5 2 2 0 1 0 1 0 4 4 1 5 6 3 2 3 5 4 4 0 5
split_gain=54.0851 466.505 370.523 23.1939 44.353 19.3992 19.3872 57.2517 16.106 17.6915 11.6897 9.61447 61.8518 111.17 30.1646 12.178 24.2737 25.2305 10.8828 7.88803 26.3695 8.43961 20.6017 11.8959 10.709 9.58871 7.37343 11.4417 22.8526 8.88144
threshold=241.12500000000003 391.21875000000006 257.26562500000006 368.00000000000006 309.04687500000006 56.031250000000007 238.30000000000004 108.95208333333336 118.56250000000001 15.500000000000002 29.921875000000004 61.734375000000007 81.43278769841271 68.416666666666686 216.08333333333334 47.093750000000007 36.140625000000007 109.43750000000001 65.456349206349216 61.734375000000007 8.5000000000000018 4.5000000000000009 91.246031746031761 216.08333333333334 53.683333333333337 5.5000000000000009 368.00000000000006 231.75000000000003 155.23333333333338 14.500000000000002
decision_type=2 2 2 2 2 2 2 2 2 2 2 2 2 2 2 2 2 2 2 2 2 2 2 2 2 2 2 2 2 2
left_child=1 3 5 4 6 -2 10 -8 -7 -10 -1 12 15 -14 19 16 -12 -18 -17 20 -13 23 24 26 -23 -26 27 29 -29 -21
right_child=2 -3 -4 -5 -6 8 7 -9 9 -11 11 14 13 -15 -16 18 17 -19 -20 21 -22 22 -24 -25 25 -27 -28 28 -30 -31
leaf_value=-0.074493610213643743 0.074526174295516251 -0.48537803471088409 0.4572837195545435 0.10321884588761764 -0.14807258963584899 0.027990030330316773 -0.028019245585490918 0.18878641653628578 -0.11829157882723317 -0.0068513145404202605 0.017334195245534947 0.027500841695943787 0.28489396558566527 -0.00043428093194961551 -0.10572462646024568 -0.016171324018993089 -0.16644986759532582 -0.013208531384311974 0.068250150663348344 0.017521195517208359 -0.11264461851119996 -0.060057677199011263 -0.086648208286081052 0.074412323853932316 -0.0051219875284004958 0.065040501945519025 0.05858258612764379 0.0034247114242095013 -0.12049263390627774 -0.0074994589207693935
leaf_weight=21 21 20 20 22 20 29 29 21 29 28 39 29 22 36 28 37 22 21 26 328 25 23 35 25 64 28 24 46 22 250
leaf_count=21 21 20 20 22 20 29 29 21 29 28 39 29 22 36 28 37 22 21 26 328 25 23 35 25 64 28 24 46 22 250
internal_value=-4.08308e-10 -0.00625506 0.0622058 0.00145408 -0.000379522 -0.0116405 0.00207998 0.0630391 -0.0326812 -0.063549 -0.000568116 0.00080572 0.020517 0.107794 -0.00351078 -0.0143936 -0.0397956 -0.0916111 0.0186693 -0.000327254 -0.0373813 0.0020407 -0.0194712 0.00668356 0.000973915 0.0162318 0.00415637 0.00213434 -0.0366662 0.00669911
internal_weight=1390 1263 127 1243 1221 107 1201 50 86 57 1151 1130 203 58 927 145 82 43 63 899 54 845 150 695 115 92 670 646 68 578
internal_count=1390 1263 127 1243 1221 107 1201 50 86 57 1151 1130 203 58 927 145 82 43 63 899 54 845 150 695 115 92 670 646 68 578
is_linear=0
shrinkage=0.1


Tree=188
num_leaves=31
num_cat=0
split_feature=0 0 3 1 1 4 1 0 0 3 4 3 3 2 2 0 1 4 3 3 5 1 1 0 3 1 2 2 0 2
split_gain=67.9879 34.2528 150.381 38.0397 11.5447 12.1035 19.6209 74.474 32.2116 28.4608 30.3827 22.7355 12.0807 8.4835 40.6466 38.8137 47.2239 17.2356 18.8602 10.1358 22.9035 6.33493 6.40741 4.85963 10.8595 6.69201 6.08479 5.76257 6.20806 22.3432
threshold=382.67187500000006 273.20312500000006 199.25000000000003 341.78125000000006 253.25000000000003 336.68750000000006 185.25000000000003 227.00000000000003 190.33333333333334 172.83333333333334 180.58333333333337 332.84375000000006 185.25000000000003 49.033333333333339 53.291666666666679 66.129166666666677 54.890625000000007 90.265625000000014 44.775000000000006 216.08333333333334 18.500000000000004 52.984375000000007 56.031250000000007 155.23333333333338 162.00000000000003 157.75000000000003 61.992559523809526 166.75000000000003 85.109375000000014 93.377083333333346
decision_type=2 2 2 2 2 2 2 2 2 2 2 2 2 2 2 2 2 2 2 2 2 2 2 2 2 2 2 2 2 2
left_child=1 4 3 -3 5 6 8 9 11 10 -8 13 -7 15 -15 17 -17 18 -1 21 -21 -16 -23 25 -25 26 -24 28 -28 -30
right_child=-2 2 -4 -5 -6 12 7 -9 -10 -11 -12 -13 -14 14 19 16 -18 -19 -20 20 -22 22 23 24 -26 -27 27 -29 29 -31
leaf_value=0.035252597280170606 0.14890771875778835 -0.054953889548778535 -0.3022765395045281 0.13007504463195801 0.06756661483459174 -0.0049485133339961379 -0.010712404161691667 -0.20762253779579296 0.10340971012910208 -0.082886476675048476 0.13512279521673917 -0.10226232118227266 0.09256025820418641 0.11823259969794891 -0.047256026645341231 -0.21337528941221537 -0.0010610763322223317 0.066589250556520527 -0.097526077367365363 0.10990350269354308 -0.01736490409821272 0.04415689951119324 -0.047829215023024334 0.010983239293098451 -0.085349205847490922 0.043782314006239179 -0.008924417941106929 -0.050216323461221617 0.11039705842378594 0.0036282068272881518
leaf_weight=23 30 25 20 20 25 24 50 22 30 32 20 22 27 30 31 20 22 37 20 26 31 30 29 25 22 32 327 23 21 294
leaf_count=23 30 25 20 20 25 24 50 22 30 32 20 22 27 30 31 20 22 37 20 26 31 30 29 25 22 32 327 23 21 294
internal_value=-2.31434e-10 -0.00328473 -0.0741212 0.0272812 0.000270769 -0.00105395 -0.00305077 -0.0407518 0.00121858 -0.00476011 0.0309548 -0.00166004 0.0466738 0.00046196 0.00374439 -0.0243177 -0.102163 0.0165511 -0.0265049 -0.000110432 0.0406874 -0.00289877 -0.00118635 -0.00294611 -0.0341085 -0.000928708 -0.00299031 -0.00103493 0.000727019 0.0107461
internal_weight=1390 1360 65 45 1295 1270 1219 124 1095 102 70 1065 51 1043 921 122 42 80 43 891 57 834 803 773 47 726 694 665 642 315
internal_count=1390 1360 65 45 1295 1270 1219 124 1095 102 70 1065 51 1043 921 122 42 80 43 891 57 834 803 773 47 726 694 665 642 315
is_linear=0
shrinkage=0.1


Tree=189
num_leaves=31
num_cat=0
split_feature=0 0 3 0 3 1 6 5 0 4 4 0 4 0 1 3 1 2 1 2 1 0 0 1 0 4 2 1 0 1
split_gain=55.0702 32.5047 17.6973 67.2586 28.0442 41.5103 21.9986 19.5321 24.3783 9.33827 116.867 48.199 25.5143 37.7267 32.2893 83.1136 35.2369 19.3992 43.8872 17.802 32.6761 15.5814 11.1769 27.0137 7.67213 7.65393 35.1835 25.1133 20.2802 13.244
threshold=382.67187500000006 341.78125000000006 227.00000000000003 222.65000000000003 205.37500000000003 156.50000000000003 4.5000000000000009 17.500000000000004 143.59375000000003 85.250000000000014 87.640625000000014 159.56250000000003 93.515625000000014 112.04687500000001 230.25000000000003 137.54687500000003 212.25000000000003 203.18020833333335 188.75000000000003 51.031250000000007 40.265625000000007 183.8666666666667 42.015625000000007 47.093750000000007 135.15625000000003 147.31250000000003 62.966666666666669 70.140625000000014 137.54687500000003 79.064583333333346
decision_type=2 2 2 2 2 2 2 2 2 2 2 2 2 2 2 2 2 2 2 2 2 2 2 2 2 2 2 2 2 2
left_child=1 2 4 6 9 -6 -4 8 -8 11 -11 19 13 -12 16 -16 17 18 21 20 -1 22 -14 -24 -9 26 -25 -27 -28 -29
right_child=-2 -3 3 -5 5 -7 7 24 -10 10 12 -13 14 -15 15 -17 -18 -19 -20 -21 -22 -23 23 25 -26 27 28 29 -30 -31
leaf_value=0.0086385716652048038 0.1340169432759285 -0.12950018167495728 -0.096076968921856451 -0.20462407067418101 -0.011717708205634898 0.18733868449926377 -0.024286809749901297 0.0045334291644394398 0.11718771424272965 0.22413517882426581 0.0034998058198163146 -0.12939965729019606 0.058930293718973792 0.16974849232605527 -0.20973178923130034 0.063768190667033195 0.12391970416700299 0.075815266849739216 -0.14783023804087531 0.004726696948290956 -0.15751094611361624 0.075133293867111206 -0.11429950915432226 -0.12190797608345748 -0.079328280314803129 0.10166106148121448 0.01050829137853586 -0.080680839568376544 -0.072573344047580451 0.0071629476941321504
leaf_weight=29 30 20 22 20 22 20 21 24 29 24 39 32 24 21 25 20 22 28 22 395 20 24 24 28 20 26 183 20 35 121
leaf_count=29 30 20 22 20 22 20 21 24 29 24 39 32 24 21 25 20 22 28 22 395 20 24 24 28 20 26 183 20 35 121
internal_value=-3.30058e-10 -0.00295626 -0.00106754 -0.0352612 0.00279486 0.0830711 -0.00606065 0.015007 0.0577684 -0.000106688 0.00736075 -0.0108686 -0.000498145 0.0616868 -0.00669598 -0.0881762 -0.000113199 -0.00521362 -0.00968859 -0.0023258 -0.0591776 -0.00342237 -0.00751203 -0.011161 -0.0335855 -0.00516752 -0.016384 0.011355 -0.0028305 -0.00529716
internal_weight=1390 1360 1340 136 1204 42 116 94 50 1162 686 476 662 60 602 45 557 535 507 444 49 485 461 437 44 413 246 167 218 141
internal_count=1390 1360 1340 136 1204 42 116 94 50 1162 686 476 662 60 602 45 557 535 507 444 49 485 461 437 44 413 246 167 218 141
is_linear=0
shrinkage=0.1


Tree=190
num_leaves=31
num_cat=0
split_feature=5 1 0 5 2 2 2 2 2 3 1 0 2 4 4 0 4 5 1 1 3 1 2 1 0 4 5 4 1 1
split_gain=53.7806 791.623 383.789 33.2401 44.6226 44.4917 31.2356 31.1833 19.9389 57.1134 50.5687 19.7568 14.9691 63.7594 219.308 47.3813 27.1067 16.4739 29.1938 29.4386 21.4574 33.6086 14.4921 13.5442 16.7425 14.7588 20.8239 18.2744 33.0872 21.098
threshold=15.500000000000002 296.31250000000006 368.00000000000006 16.500000000000004 199.25000000000003 296.31250000000006 209.25000000000003 238.30000000000004 194.12500000000003 133.59375000000003 199.25000000000003 309.04687500000006 51.031250000000007 85.250000000000014 113.16666666666669 91.996093750000014 46.906250000000007 14.500000000000002 175.21875000000003 159.56250000000003 227.00000000000003 137.54687500000003 175.21875000000003 122.88970588235296 119.28125000000001 97.855468750000014 8.5000000000000018 134.5588235294118 62.966666666666669 68.416666666666686
decision_type=2 2 2 2 2 2 2 2 2 2 2 2 2 2 2 2 2 2 2 2 2 2 2 2 2 2 2 2 2 2
left_child=1 7 3 4 -2 6 22 8 10 -10 12 -7 13 16 -15 -16 -1 18 19 20 21 23 -5 24 25 26 -14 28 -27 -29
right_child=2 -3 -4 5 -6 11 -8 -9 9 -11 -12 -13 17 14 15 -17 -18 -19 -20 -21 -22 -23 -24 -25 -26 27 -28 29 -30 -31
leaf_value=0.0067037188634276393 0.0059808824497919813 0.62089540021760126 -0.44550222726095295 -0.0079622345364615595 -0.18310986819366615 0.167638458134163 -0.099490430695669999 -0.12059580091209639 -0.039249304637312889 0.17910188396015894 -0.13817396966310649 0.030467027425765993 -0.00032297934990908422 0.37649764232337479 -0.097396622957854451 0.075449846046311525 -0.14142973712060622 -0.085748891338058145 0.096713715642690656 -0.11789719408208675 -0.085592154333634041 0.10709611107905706 0.057146157725499226 -0.075077949309100722 0.081601414442062384 -0.16749465797177476 0.081650450864724611 0.079549674564887859 0.00035079205408692363 -0.042370397811755542
leaf_weight=30 26 21 21 277 24 21 35 21 25 23 26 21 350 20 29 35 21 23 30 22 28 30 39 24 25 23 34 22 24 40
leaf_count=30 26 21 21 277 24 21 35 21 25 23 26 21 350 20 29 35 21 23 30 22 28 30 39 24 25 23 34 22 24 40
internal_value=-1.02247e-10 0.0139238 -0.0277876 -0.00798628 -0.0847827 0.00178425 -0.00985471 -0.00016059 0.00270043 0.0653773 -0.000898245 0.0990527 0.00350814 0.0339058 0.0874547 -0.00287121 -0.0542924 -0.0025714 0.000362779 -0.00428437 -0.000118568 0.00406545 7.32949e-05 -0.00163735 0.0017653 -0.00228318 0.00693508 -0.0347585 -0.0817863 0.000891563
internal_weight=1390 926 464 443 50 393 351 905 884 48 836 42 810 135 84 64 51 675 652 622 600 572 316 542 518 493 384 109 47 62
internal_count=1390 926 464 443 50 393 351 905 884 48 836 42 810 135 84 64 51 675 652 622 600 572 316 542 518 493 384 109 47 62
is_linear=0
shrinkage=0.1


Tree=191
num_leaves=31
num_cat=0
split_feature=1 3 1 3 1 0 4 2 2 6 5 2 1 4 3 2 4 0 0 5 4 4 1 4 3 1 5 5 4 2
split_gain=64.8224 33.344 149.536 20.2597 31.3911 58.1671 21.714 19.8953 20.2671 26.4306 28.7655 8.96074 15.2401 59.3114 10.6887 28.0979 16.7447 15.1062 9.90397 8.22764 5.30508 4.33093 15.4527 20.8065 25.3054 14.1562 9.87771 25.5316 8.77158 9.16408
threshold=396.83333333333343 218.75000000000003 227.00000000000003 204.25000000000003 309.04687500000006 253.25000000000003 111.65625000000001 188.75000000000003 145.46875000000003 2.5000000000000004 13.500000000000002 34.339843750000007 44.593750000000007 97.423809523809538 173.87500000000003 51.031250000000007 158.59375000000003 216.08333333333334 172.83333333333334 13.500000000000002 203.66666666666669 79.204166666666694 67.77500000000002 136.44583333333335 80.417968750000014 72.165178571428584 8.5000000000000018 10.500000000000002 73.279166666666683 65.765625000000014
decision_type=2 2 2 2 2 2 2 2 2 2 2 2 2 2 2 2 2 2 2 2 2 2 2 2 2 2 2 2 2 2
left_child=1 3 7 4 5 11 -6 8 9 -3 -11 -1 13 -13 15 -14 -16 18 21 -20 -18 26 23 24 -23 -24 28 -28 29 -17
right_child=-2 2 -4 -5 6 -7 -8 -9 -10 10 -12 12 14 -15 16 17 20 -19 19 -21 -22 22 25 -25 -26 -27 27 -29 -30 -31
leaf_value=-0.050754212238120315 0.17028915435075762 -0.10834253527548002 -0.30152671083807947 0.077857374932084777 0.015592680694091888 -0.17148358695209029 0.16118472844362261 -0.10098046306520701 0.082933504217200804 0.08442719727754594 -0.046751736785684311 0.13710496085030693 -0.12110131656751039 -0.056281544319514577 0.096573017989950521 0.030006516976365156 -0.035161484972290373 -0.067717079457008486 -0.0062385005056858067 0.066891268566250814 0.028673595686753591 -0.017539686188101769 0.080944558642804629 0.027841334864497188 -0.17661649622023107 -0.0053065350425325107 0.13364587169140579 -0.024226478380816326 0.044815698418861787 -0.015499091943311042
leaf_weight=33 22 23 20 35 21 20 20 20 27 32 35 35 20 29 28 56 23 33 25 40 30 20 20 20 20 392 20 21 39 211
leaf_count=33 22 23 20 35 21 20 20 20 27 32 35 35 20 29 28 56 23 33 25 40 30 20 20 20 20 392 20 21 39 211
internal_value=-5.84589e-12 -0.00273857 -0.0460985 0.00288282 0.000651435 -0.00245379 0.0866132 -0.00880966 0.00694603 -0.0158502 0.0159009 0.000578134 0.00214372 0.0494767 -0.000832024 -0.00384476 0.034019 -0.00128736 0.00119248 0.0387644 0.00097158 -0.00178942 -0.00802451 -0.0554383 -0.0970781 -0.00111959 0.00669173 0.0527844 0.000515911 -0.00595484
internal_weight=1390 1368 157 1211 1176 1135 41 137 117 90 67 1115 1082 64 1018 937 81 917 884 65 53 819 472 60 40 412 347 41 306 267
internal_count=1390 1368 157 1211 1176 1135 41 137 117 90 67 1115 1082 64 1018 937 81 917 884 65 53 819 472 60 40 412 347 41 306 267
is_linear=0
shrinkage=0.1


Tree=192
num_leaves=31
num_cat=0
split_feature=3 2 2 0 2 0 0 4 3 3 2 1 3 5 3 0 3 3 3 1 0 2 2 0 3 2 2 2 2 5
split_gain=62.0307 590.941 491.828 42.9259 42.34 158.538 39.4649 12.6957 10.086 13.3825 8.5528 40.1818 19.4248 16.5199 9.76267 26.5609 25.6702 21.8725 25.5425 16.0915 17.4282 9.01333 7.16134 6.79962 3.10855 8.85552 6.95696 9.85403 7.82497 29.9825
threshold=227.00000000000003 391.21875000000006 218.75000000000003 209.25000000000003 323.00000000000006 283.40625000000006 171.30000000000004 195.09791666666669 216.08333333333334 199.25000000000003 42.015625000000007 44.593750000000007 111.40808823529413 9.5000000000000018 166.75000000000003 204.25000000000003 157.75000000000003 152.20312500000003 146.19669117647064 231.75000000000003 185.25000000000003 81.260416666666671 122.54791666666667 122.06250000000001 38.000000000000007 57.518750000000004 61.734375000000007 64.86875000000002 82.640625000000014 8.5000000000000018
decision_type=2 2 2 2 2 2 2 2 2 2 2 2 2 2 2 2 2 2 2 2 2 2 2 2 2 2 2 2 2 2
left_child=1 4 3 6 5 8 7 23 9 10 12 -12 13 -1 16 21 17 18 19 20 24 -16 -23 -2 -13 -26 -27 -28 29 -29
right_child=2 -3 -4 -5 -6 -7 -8 -9 -10 -11 11 14 -14 -15 15 -17 -18 -19 -20 -21 -22 22 -24 -25 25 26 27 28 -30 -31
leaf_value=-0.050240134458988908 -0.091683834046125415 -0.52088541713627901 0.52232992231845854 -0.13856569401581179 -0.10799971404759323 0.27750211783817841 0.12183878843027812 0.047896001823246485 0.068957998710019258 -0.061860603157963073 0.10697346577394962 0.032209394180348946 -0.11070358130064878 0.071693938151001932 0.053146471018376565 0.13252181049436332 -0.11291265631360668 0.10233973520342261 -0.10516483473475091 -0.078025507009946385 0.08968530671501701 -0.068604936692863702 0.010344533808529378 -0.019312926875175659 -0.046937865245996455 0.048817656857186351 -0.059293217052306446 -0.0058827310436754491 -0.0050996180109255619 0.08679268900305033
leaf_weight=25 20 22 20 22 34 21 26 20 21 35 36 28 22 20 23 20 21 20 24 26 22 20 27 37 41 29 28 128 504 48
leaf_count=25 20 22 20 22 34 21 26 20 21 35 36 28 22 20 23 20 21 20 24 26 22 20 27 37 41 29 28 128 504 48
internal_value=-1.93136e-10 -0.00720934 0.0619009 -0.0117678 0.00203095 0.00517733 0.0153153 -0.0206537 0.000281077 -0.000976303 0.000940019 0.00316067 -0.0336956 0.00395279 -0.000543251 0.030889 -0.00362149 -0.00106568 -0.00342116 -0.000561852 0.00187058 0.00185104 -0.023251 -0.0447062 -0.000526347 -0.0017045 0.000811878 -0.00115446 0.00123949 0.0193924
internal_weight=1390 1245 145 125 1223 1189 103 77 1168 1147 1112 1045 67 45 1009 90 919 898 878 854 828 70 47 57 806 778 737 708 680 176
internal_count=1390 1245 145 125 1223 1189 103 77 1168 1147 1112 1045 67 45 1009 90 919 898 878 854 828 70 47 57 806 778 737 708 680 176
is_linear=0
shrinkage=0.1


Tree=193
num_leaves=31
num_cat=0
split_feature=1 3 2 4 4 5 5 3 1 0 4 3 0 1 2 1 2 2 3 2 3 2 1 2 1 2 1 2 0 2
split_gain=67.8783 33.7441 144.505 38.0063 26.0673 42.2987 16.4924 16.1936 33.8779 50.9776 15.1372 14.5387 11.7535 51.4675 12.4207 11.0896 9.35167 8.77868 6.36107 26.4834 24.8345 28.7035 19.7963 76.0955 27.5395 25.7204 9.66265 12.0614 8.86353 27.3293
threshold=396.83333333333343 218.75000000000003 212.25000000000003 227.73437500000003 195.09791666666669 12.500000000000002 20.500000000000004 204.25000000000003 309.04687500000006 253.25000000000003 111.65625000000001 347.46666666666675 39.484375000000007 44.593750000000007 45.980468750000007 48.031250000000007 36.140625000000007 48.031250000000007 115.60000000000001 62.41875000000001 122.31666666666668 216.08333333333334 156.50000000000003 156.50000000000003 137.54687500000003 196.25000000000003 116.41666666666667 92.458333333333357 150.70000000000002 225.12500000000003
decision_type=2 2 2 2 2 2 2 2 2 2 2 2 2 2 2 2 2 2 2 2 2 2 2 2 2 2 2 2 2 2
left_child=1 7 3 4 5 -3 11 8 9 12 -10 -7 14 -14 16 -15 -1 -17 28 -20 -21 22 24 -24 26 -25 27 -22 -19 -30
right_child=-2 2 -4 -5 -6 6 -8 -9 10 -11 -12 -13 13 15 -16 17 -18 18 19 20 21 -23 23 25 -26 -27 -28 -29 29 -31
leaf_value=-0.05616737627540716 0.17425683051855728 -0.12268366321273472 -0.28407672670754519 -0.11633198981782278 0.11546984771054916 0.12512791495284309 -0.037210234822261899 0.0698827103738274 0.030862156940358029 -0.16060744158923626 0.15242196440696718 0.0085493852198123936 0.12401276809327744 -0.074787918105721482 -0.10004054068223289 0.066002850532531743 0.040536645092070105 0.001127240050901806 -0.10767470399538677 -0.080797929554763781 0.085381007194519049 0.1120210531167686 -0.19556501442971438 0.061312590106282129 0.12745743913664706 -0.069699870873465325 -0.052512116014957436 -0.0073388194229374541 0.12825296362015334 -0.020686286355235749
leaf_weight=20 22 23 22 26 22 23 21 35 21 20 20 20 34 20 23 20 20 639 27 36 20 24 23 43 21 23 25 47 22 28
leaf_count=20 22 23 22 26 22 23 21 35 21 20 20 20 34 20 23 20 20 639 27 36 20 24 23 43 21 23 25 47 22 28
internal_value=3.04447e-10 -0.00280238 -0.0464216 -0.00769263 0.0182214 -0.00637022 0.0354299 0.00285264 0.000857694 -0.00236819 0.0901596 0.0709053 0.000470181 0.0029827 -0.0414849 -0.00105956 -0.00781537 0.000417959 -0.000923245 -0.0133757 -0.00365791 0.00862988 -0.00365422 -0.0389287 0.0241283 0.0156567 0.000542312 0.0203387 0.00429994 0.044847
internal_weight=1390 1368 157 135 109 87 64 1211 1176 1135 41 43 1115 1052 63 1018 40 998 978 289 262 226 202 89 113 66 92 67 689 50
internal_count=1390 1368 157 135 109 87 64 1211 1176 1135 41 43 1115 1052 63 1018 40 998 978 289 262 226 202 89 113 66 92 67 689 50
is_linear=0
shrinkage=0.1


Tree=194
num_leaves=31
num_cat=0
split_feature=3 2 2 2 0 0 0 3 3 4 2 1 3 5 3 0 3 3 3 1 0 1 1 4 2 1 1 4 3 2
split_gain=55.1788 507.527 426.307 39.6923 128.367 33.0385 30.9565 10.7051 12.818 9.82094 9.14988 35.3408 13.8252 13.8204 7.59963 23.851 20.0253 17.0048 20.6554 11.0971 14.2326 8.439 14.3979 6.10703 3.56092 14.2102 13.573 10.4596 10.2627 30.202
threshold=227.00000000000003 391.21875000000006 218.75000000000003 323.00000000000006 283.40625000000006 209.25000000000003 171.30000000000004 216.08333333333334 199.25000000000003 195.09791666666669 42.925781250000007 44.593750000000007 111.40808823529413 9.5000000000000018 166.75000000000003 204.25000000000003 157.75000000000003 152.20312500000003 146.19669117647064 231.75000000000003 183.8666666666667 96.614583333333357 145.46875000000003 118.56250000000001 83.039682539682545 77.015625000000014 78.718750000000014 167.68750000000003 66.062500000000014 70.418750000000017
decision_type=2 2 2 2 2 2 2 2 2 2 2 2 2 2 2 2 2 2 2 2 2 2 2 2 2 2 2 2 2 2
left_child=1 3 5 4 7 6 9 8 10 23 12 -12 13 -1 16 21 17 18 19 20 24 -16 -23 -2 25 27 -26 28 -13 -30
right_child=2 -3 -4 -5 -6 -7 -8 -9 -10 -11 11 14 -14 -15 15 -17 -18 -19 -20 -21 -22 22 -24 -25 26 -27 -28 -29 29 -31
leaf_value=-0.051189264612129109 -0.0084027637215331203 -0.4828432117673484 0.48704627364873887 -0.10477090621202745 0.24985574938002086 -0.12144465517591348 0.10790024551634605 0.071157739063104006 -0.060477243071155887 0.041990492045879367 0.10684843906201423 -0.008681580189290463 -0.093538232684135442 0.056502790342677724 0.054870610162615775 0.12415560290217401 -0.099132017968665997 0.090830830857157707 -0.09391565487409631 -0.064176285438812694 0.078055920343225213 -0.084804359752507441 0.024732105500463928 -0.073958400388558707 -0.082016148435121228 0.090001815035939223 -0.0017044317650378776 -0.065126508900097441 -0.011635468443273567 0.096728725068617696
leaf_weight=26 30 22 20 34 21 22 26 21 35 20 32 149 25 22 20 20 21 20 24 26 24 21 28 27 22 20 484 21 64 43
leaf_count=26 30 22 20 34 21 22 26 21 35 20 32 149 25 22 20 20 21 20 24 26 24 21 28 27 22 20 484 21 64 43
internal_value=3.99309e-10 -0.00679952 0.0583821 0.00176382 0.00481023 -0.0102042 0.0135559 0.000404445 -0.000890951 -0.0183006 0.000984517 0.00338893 -0.0332372 -0.00183041 0.000101239 0.0280015 -0.00260369 -0.000343825 -0.00242306 0.00015117 0.00217356 0.000130719 -0.0222121 -0.0394554 -9.44096e-05 0.00859761 -0.00519625 0.00272005 0.00828558 0.0319128
internal_weight=1390 1245 145 1223 1189 125 103 1168 1147 77 1112 1039 73 48 1007 89 918 897 877 853 827 69 49 57 803 297 506 277 256 107
internal_count=1390 1245 145 1223 1189 125 103 1168 1147 77 1112 1039 73 48 1007 89 918 897 877 853 827 69 49 57 803 297 506 277 256 107
is_linear=0
shrinkage=0.1


Tree=195
num_leaves=31
num_cat=0
split_feature=1 0 3 2 1 4 4 0 0 0 1 1 1 0 4 4 2 1 4 4 4 0 0 4 3 4 4 5 5 4
split_gain=69.4834 37.464 16.698 41.0629 16.4305 61.5279 64.1376 12.4738 9.53562 7.78888 7.11283 25.1154 20.1316 14.1444 7.06598 5.87842 20.9411 12.9795 7.55354 7.64209 9.70502 10.18 7.6282 6.40871 14.2418 6.95881 9.23705 7.12203 9.19443 22.1843
threshold=396.83333333333343 347.46666666666675 332.84375000000006 138.46875000000003 238.30000000000004 122.31666666666668 94.060661764705898 227.00000000000003 207.30729166666669 196.25000000000003 32.367187500000007 42.925781250000007 48.031250000000007 36.140625000000007 341.78125000000006 188.75000000000003 66.129166666666677 139.65625000000003 177.25000000000003 162.75000000000003 150.17187500000003 173.87500000000003 159.56250000000003 129.55000000000004 117.59375000000001 121.10000000000001 116.41666666666667 18.500000000000004 8.5000000000000018 79.204166666666694
decision_type=2 2 2 2 2 2 2 2 2 2 2 2 2 2 2 2 2 2 2 2 2 2 2 2 2 2 2 2 2 2
left_child=1 2 4 -4 7 6 -6 8 9 10 -1 13 -13 -12 15 18 -17 -18 19 20 21 22 23 25 -25 26 27 28 -14 -30
right_child=-2 -3 3 -5 5 -7 -8 -9 -10 -11 11 12 14 -15 -16 16 17 -19 -20 -21 -22 -23 -24 24 -26 -27 -28 -29 29 -31
leaf_value=0.045235512317980037 0.17630506022409961 -0.12667455333285035 0.05971976634114981 -0.11990134233874934 0.077871623627841474 0.15247489137109371 -0.16238624464720489 -0.074108865079672445 0.058993365146495683 -0.052295436915652506 -0.014360576040214963 0.079157919414115679 0.0019892592905204239 -0.11493904220646825 -0.042516086226035109 0.099711163397188551 -0.0242209545735802 0.066558787297634855 -0.059193949943239045 0.052503242257430596 -0.052333008792872227 0.062294943888600053 -0.06228278902359307 0.012986772091915975 -0.099256172524765138 0.051567365495221951 -0.066253837943077085 -0.017061267566953042 0.12206257641639398 0.0082361919082590013
leaf_weight=34 22 24 20 35 25 32 20 23 27 29 27 33 405 29 38 27 63 21 22 27 36 26 20 26 20 28 20 141 23 67
leaf_count=34 22 24 20 35 25 32 20 23 27 29 27 33 405 29 38 27 63 21 22 27 36 26 20 26 20 28 20 141 23 67
internal_value=1.50754e-12 -0.00283532 -0.0006239 -0.0545846 0.00167853 0.0464709 -0.0289097 -0.00116719 0.000243794 -0.0011213 0.000188542 -0.00120509 0.00229777 -0.0664459 -0.000213498 0.00144031 0.0230992 -0.00152602 -0.00135196 0.000164755 -0.00157556 0.000779163 -0.00135338 0.000315914 -0.0358145 0.00274574 0.000661888 0.00276616 0.00841397 0.0373252
internal_weight=1390 1368 1344 55 1289 77 45 1212 1189 1162 1133 1099 1043 56 1010 972 111 84 861 839 812 776 750 730 46 684 656 636 495 90
internal_count=1390 1368 1344 55 1289 77 45 1212 1189 1162 1133 1099 1043 56 1010 972 111 84 861 839 812 776 750 730 46 684 656 636 495 90
is_linear=0
shrinkage=0.1


Tree=196
num_leaves=31
num_cat=0
split_feature=1 0 6 2 1 3 1 0 2 2 4 3 1 5 2 1 3 3 2 1 2 4 1 3 3 0 2 0 1 5
split_gain=59.3851 45.4157 15.1378 52.5427 30.1102 69.2164 37.8855 58.5711 20.395 27.5393 32.6624 12.5354 9.72965 89.2724 9.18802 16.982 9.06212 8.21117 14.8175 7.25223 13.1604 23.3226 11.3375 4.4352 15.7856 4.98342 13.64 7.52546 4.17398 14.1735
threshold=382.67187500000006 336.68750000000006 5.5000000000000009 209.25000000000003 263.68333333333339 116.41666666666667 230.25000000000003 225.12500000000003 42.925781250000007 153.75000000000003 124.35625000000002 314.00000000000006 44.593750000000007 9.5000000000000018 134.5588235294118 91.574156746031761 44.775000000000006 38.000000000000007 52.984375000000007 180.80208333333337 180.80208333333337 150.17187500000003 166.75000000000003 218.75000000000003 197.83333333333334 146.19669117647064 113.66666666666669 132.62500000000003 56.031250000000007 7.5000000000000009
decision_type=2 2 2 2 2 2 2 2 2 2 2 2 2 2 2 2 2 2 2 2 2 2 2 2 2 2 2 2 2 2
left_child=1 2 4 8 6 -6 7 12 -4 10 14 -11 13 16 15 -10 -1 -14 -19 22 -21 -22 23 24 25 27 -27 28 29 -20
right_child=-2 -3 3 -5 5 -7 -8 -9 9 11 -12 -13 17 -15 -16 -17 -18 18 19 20 21 -23 -24 -25 -26 26 -28 -29 -30 -31
leaf_value=-0.0023527822416761646 0.13916820923487347 -0.13941232431679965 0.090810345609982815 -0.12993056163764918 -0.035278860411860728 0.22176231600344185 -0.12341686375439168 0.1651009196373211 -0.027669290573366229 0.0046188828423619271 -0.11609984355929651 0.11083517756313087 0.054125306159257897 0.18803027886152268 -0.059529850325779989 0.087209750864316121 -0.09112271052663741 -0.064286424869146097 -0.035071004871279003 0.097713978970423346 0.079774402370579395 -0.048215173663837568 -0.060648978350903188 -0.045929873125119647 0.083088807829401715 -0.095592768490314492 0.021197653114795684 0.059552001692354688 -0.004745335006975107 0.078913071029819551
leaf_weight=23 30 24 21 39 22 20 24 22 31 25 38 20 25 25 20 22 23 39 20 20 24 35 34 22 22 20 20 20 636 24
leaf_count=23 30 24 21 39 22 20 24 22 31 25 38 20 25 25 20 22 23 39 20 20 24 35 34 22 22 20 20 20 636 24
internal_value=1.8768e-10 -0.00306989 -0.000620621 -0.0248594 0.00405399 0.0871217 0.00081759 0.00364646 -0.00170809 -0.0141625 -0.0409146 0.0518261 0.000204599 0.0359271 -0.00177713 0.0200163 -0.0467377 -0.00243462 -0.00394531 -0.00132178 0.0276118 0.00384838 -0.0041161 -0.00166442 -0.000386415 -0.00286811 -0.0371976 -0.000906428 -0.00268462 0.0271021
internal_weight=1390 1360 1336 216 1120 42 1078 1054 177 156 111 45 1032 71 73 53 46 961 936 897 79 59 818 784 762 740 40 700 680 44
internal_count=1390 1360 1336 216 1120 42 1078 1054 177 156 111 45 1032 71 73 53 46 961 936 897 79 59 818 784 762 740 40 700 680 44
is_linear=0
shrinkage=0.1


Tree=197
num_leaves=31
num_cat=0
split_feature=1 0 3 2 1 4 2 5 1 2 6 0 4 2 3 3 4 0 0 2 0 0 0 5 5 0 3 0 3 3
split_gain=48.1019 36.7867 13.0559 52.7662 25.1975 89.6251 15.2701 26.3977 13.7261 36.672 92.5722 11.1772 14.4876 22.1529 10.1907 33.6785 18.0561 11.3526 18.6307 4.92279 5.99401 9.91046 6.04978 5.01414 3.60287 7.91644 6.13836 5.81044 4.13764 25.833
threshold=382.67187500000006 336.68750000000006 254.15625000000003 187.41666666666669 263.68333333333339 104.78125000000001 96.614583333333357 15.500000000000002 42.925781250000007 51.031250000000007 3.5000000000000004 45.980468750000007 44.775000000000006 41.203125000000007 212.25000000000003 199.25000000000003 157.41666666666671 216.08333333333334 203.18020833333335 216.08333333333334 170.25000000000003 152.20312500000003 139.65625000000003 14.500000000000002 2.5000000000000004 93.377083333333346 77.741666666666674 79.531250000000014 70.77500000000002 67.77500000000002
decision_type=2 2 2 2 2 2 2 2 2 2 2 2 2 2 2 2 2 2 2 2 2 2 2 2 2 2 2 2 2 2
left_child=1 2 4 6 8 -6 -4 -8 11 10 -10 12 -1 -14 15 17 -16 18 19 20 21 22 24 -22 25 26 -11 -28 29 -26
right_child=-2 -3 3 -5 5 -7 7 -9 9 14 -12 -13 13 -15 16 -17 -18 -19 -20 -21 23 -23 -24 -25 28 -27 27 -29 -30 -31
leaf_value=-0.085878610327130275 0.12525138932590682 -0.12547109052538871 0.072566858589649202 -0.15196398100150485 -0.062246939410334046 0.22007580074397001 -0.10910333838491214 0.036105946793911922 -0.027033787220716476 -0.031912419601882756 0.25262230992317203 -0.10042186062783004 0.085579043965448034 -0.058012500902016963 -0.017713229792813461 -0.11815760537981988 0.10495208258119722 -0.054202863574028017 0.086720070481300357 0.042986371487379077 -0.0078748575515217249 0.050556510228764368 -0.048040865428213564 -0.073026795729639979 -0.0036855792717967865 0.054315318575956756 0.063423550240695487 -0.0031668467839297502 -0.0097510754675358136 0.11269055612030483
leaf_weight=21 30 24 25 28 23 22 21 31 29 38 20 22 22 21 24 25 24 38 25 25 27 37 28 21 208 36 20 38 416 21
leaf_count=21 30 24 25 28 23 22 21 31 29 38 20 22 22 21 24 25 24 38 25 25 27 37 28 21 208 36 20 38 416 21
internal_value=2.29841e-10 -0.0027629 -0.000558559 -0.0344067 0.00232857 0.0757775 0.00834137 -0.0225363 -0.000458278 0.00254976 0.0871116 -0.0389332 -0.0177965 0.0154529 -0.0013927 -0.00354682 0.0436194 -0.000617097 0.00154914 -0.000777939 -0.00200727 -4.78494e-05 -0.00237376 -0.0363788 -0.000728103 0.0143243 -0.000672303 0.0197954 -0.0038086 0.00698647
internal_weight=1390 1360 1336 105 1231 45 77 52 1186 1100 49 86 64 43 1051 1003 48 978 940 915 890 842 805 48 777 132 96 58 645 229
internal_count=1390 1360 1336 105 1231 45 77 52 1186 1100 49 86 64 43 1051 1003 48 978 940 915 890 842 805 48 777 132 96 58 645 229
is_linear=0
shrinkage=0.1


Tree=198
num_leaves=31
num_cat=0
split_feature=3 0 0 2 0 1 4 4 3 0 1 3 1 2 0 2 3 2 4 1 2 0 4 2 2 6 4 0 2 1
split_gain=51.3394 462.89 293.583 38.3628 47.13 23.3249 28.5957 17.449 15.5024 10.4744 38.9729 14.0474 10.3351 9.98757 11.7427 8.84353 23.6091 10.0771 8.25372 6.03581 5.12474 9.23821 7.58251 13.9859 13.9217 8.0258 19.1194 17.7945 10.2918 18.9376
threshold=241.12500000000003 391.21875000000006 257.26562500000006 368.00000000000006 309.04687500000006 238.30000000000004 97.423809523809538 217.50000000000003 332.84375000000006 39.484375000000007 44.593750000000007 44.775000000000006 48.031250000000007 47.093750000000007 216.08333333333334 58.67460317460317 139.65625000000003 61.734375000000007 150.17187500000003 129.18750000000003 65.077450980392172 54.890625000000007 46.906250000000007 73.062500000000014 69.684523809523824 4.5000000000000009 87.267857142857153 90.265625000000014 83.406250000000014 77.550781250000014
decision_type=2 2 2 2 2 2 2 2 2 2 2 2 2 2 2 2 2 2 2 2 2 2 2 2 2 2 2 2 2 2
left_child=1 3 7 4 5 9 -7 8 19 11 -11 -1 -12 -14 15 16 -15 -17 -10 -2 -19 -22 -23 24 -24 28 27 -27 29 -25
right_child=2 -3 -4 -5 -6 6 -8 -9 18 10 12 -13 13 14 -16 17 -18 20 -20 -21 21 22 23 25 -26 26 -28 -29 -30 -31
leaf_value=0.014386866572830413 0.054327719836007982 -0.48335713498294358 0.41228076264262203 0.1324628010392189 -0.15301975727081299 -0.01331170701786228 0.13842464299113663 0.079097141362726692 -0.024821373894810678 0.10654822307474472 -0.07343003585934639 -0.080477888801613384 0.062904178816825154 0.010733544265196937 -0.065080394159103258 0.058897545884052917 -0.12008036408912054 -0.03547482136995174 -0.11567133523523808 -0.017753232102124736 0.068756750226020819 0.056598824876077147 0.00089437168531326786 0.013093315854382058 -0.08645419099846402 -0.057230066343703694 -0.10125233493745328 0.035122188877452304 0.0018360618215290992 0.12436913574114442
leaf_weight=27 21 20 20 22 20 23 27 20 20 34 20 37 24 37 29 30 22 39 20 26 20 23 36 65 37 34 24 54 539 20
leaf_count=27 21 20 20 22 20 23 27 20 20 34 20 37 24 37 29 30 22 39 20 26 20 23 36 65 37 34 24 54 539 20
internal_value=2.37697e-10 -0.00609422 0.0606063 0.00158499 -0.00077317 0.00176216 0.0686259 -0.00512723 -0.0244892 -0.00114243 0.0011723 -0.0404568 -0.00223015 -0.00085164 -0.00236813 -0.00051236 -0.0380445 0.00189198 -0.0702464 0.0144532 -2.73987e-05 0.00159519 -1.92659e-05 -0.00162893 -0.0433782 0.00251196 -0.0221364 -0.000559364 0.00693603 0.0392759
internal_weight=1390 1263 127 1243 1221 1201 50 107 87 1151 1087 64 1053 1033 1009 980 59 921 40 47 891 852 832 809 73 736 112 88 624 85
internal_count=1390 1263 127 1243 1221 1201 50 107 87 1151 1087 64 1053 1033 1009 980 59 921 40 47 891 852 832 809 73 736 112 88 624 85
is_linear=0
shrinkage=0.1


Tree=199
num_leaves=31
num_cat=0
split_feature=1 1 3 2 1 3 5 2 0 0 0 1 1 0 4 2 1 2 3 3 3 3 4 3 0 1 0 3 0 3
split_gain=49.838 30.3482 22.054 71.7498 35.38 13.0838 17.2804 12.6977 67.9879 40.8096 11.4282 12.2612 33.445 12.2646 12.9 18.1298 10.5112 7.92504 6.06982 5.83347 6.00211 27.8849 12.2031 4.90898 15.0236 12.2178 16.9355 12.2765 7.43072 7.91553
threshold=382.67187500000006 341.78125000000006 254.15625000000003 187.41666666666669 290.98437500000006 382.67187500000006 15.500000000000002 225.12500000000003 225.12500000000003 230.25000000000003 204.25000000000003 42.925781250000007 48.031250000000007 45.980468750000007 44.775000000000006 41.203125000000007 227.00000000000003 52.984375000000007 216.08333333333334 196.25000000000003 152.20312500000003 162.00000000000003 183.6166666666667 120.21875000000001 150.70000000000002 177.25000000000003 124.35625000000002 129.63333333333335 128.43750000000003 95.920833333333363
decision_type=2 2 2 2 2 2 2 2 2 2 2 2 2 2 2 2 2 2 2 2 2 2 2 2 2 2 2 2 2 2
left_child=1 2 4 5 7 6 -4 8 10 16 11 13 -13 14 -1 -16 -9 -14 19 20 23 -22 -23 24 28 26 27 -25 29 -19
right_child=-2 -3 3 -5 -6 -7 -8 9 -10 -11 -12 12 17 -15 15 -17 -18 18 -20 -21 21 22 -24 25 -26 -27 -28 -29 -30 -31
leaf_value=-0.078251952819880996 0.12749165584643682 -0.12508644416928291 -0.075155486598876983 -0.17883374840021135 0.11193877494540708 0.075140126455225997 0.034077004866364106 -0.035624462556601927 0.15371381046956983 -0.16148103497922423 -0.071140137444371768 0.10378382907365449 -0.046160350926220423 -0.1005597640506246 0.080806051668795675 -0.0490939505753063 0.064542288649827237 -0.0045562752629407345 0.043777216620969055 -0.042515120390922798 0.12680172732188588 -0.050890103105695986 0.037839614461746912 -0.083154409458594661 0.083399863913655281 -0.089269238515269189 0.058274331791647552 0.007514447579160333 -0.046133178724523854 0.021630947045933189
leaf_weight=21 30 20 28 29 29 20 30 22 29 20 23 32 36 22 22 21 20 470 33 31 21 31 31 28 22 21 29 32 34 153
leaf_count=21 30 20 28 29 29 20 30 22 29 20 23 32 36 22 22 21 20 470 33 31 21 31 31 28 22 21 29 32 34 153
internal_value=-3.0796e-10 -0.00281232 -0.000987329 -0.0445366 0.00279189 0.00539435 -0.0186559 0.000162935 0.00255577 -0.0439115 -0.00138276 8.91832e-05 0.00319328 -0.0361494 -0.0140083 0.0173665 0.012074 -0.000118341 0.00165251 0.000113065 0.00162852 0.0272081 -0.00652524 -0.00106236 0.00211245 -0.0206596 -0.00447085 -0.0347977 -0.000609502 0.00187494
internal_weight=1390 1360 1340 107 1233 78 58 1204 1142 62 1113 1090 1004 86 64 43 42 972 936 903 872 83 62 789 679 110 89 60 657 623
internal_count=1390 1360 1340 107 1233 78 58 1204 1142 62 1113 1090 1004 86 64 43 42 972 936 903 872 83 62 789 679 110 89 60 657 623
is_linear=0
shrinkage=0.1


end of trees

feature_importances:
lag_1=1479
lag_2=1060
lag_24=1034
lag_3=988
lag_48=718
hour_of_day=448
day_of_week=273

parameters:
[boosting: gbdt]
[objective: regression]
[metric: l2]
[tree_learner: serial]
[device_type: cpu]
[data_sample_strategy: bagging]
[data: ]
[valid: ]
[num_iterations: 200]
[learning_rate: 0.1]
[num_leaves: 31]
[num_threads: 0]
[seed: 0]
[deterministic: 0]
[force_col_wise: 0]
[force_row_wise: 0]
[histogram_pool_size: -1]
[max_depth: -1]
[min_data_in_leaf: 20]
[min_sum_hessian_in_leaf: 0.001]
[bagging_fraction: 1]
[pos_bagging_fraction: 1]
[neg_bagging_fraction: 1]
[bagging_freq: 0]
[bagging_seed: 3]
[bagging_by_query: 0]
[feature_fraction: 1]
[feature_fraction_bynode: 1]
[feature_fraction_seed: 2]
[extra_trees: 0]
[extra_seed: 6]
[early_stopping_round: 0]
[early_stopping_min_delta: 0]
[first_metric_only: 0]
[max_delta_step: 0]
[lambda_l1: 0]
[lambda_l2: 0]
[linear_lambda: 0]
[min_gain_to_split: 0]
[drop_rate: 0.1]
[max_drop: 50]
[skip_drop: 0.5]
[xgboost_dart_mode: 0]
[uniform_drop: 0]
[drop_seed: 4]
[top_rate: 0.2]
[other_rate: 0.1]
[min_data_per_group: 100]
[max_cat_threshold: 32]
[cat_l2: 10]
[cat_smooth: 10]
[max_cat_to_onehot: 4]
[top_k: 20]
[monotone_constraints: ]
[monotone_constraints_method: basic]
[monotone_penalty: 0]
[feature_contri: ]
[forcedsplits_filename: ]
[refit_decay_rate: 0.9]
[cegb_tradeoff: 1]
[cegb_penalty_split: 0]
[cegb_penalty_feature_lazy: ]
[cegb_penalty_feature_coupled: ]
[path_smooth: 0]
[interaction_constraints: ]
[verbosity: 1]
[saved_feature_importance_type: 0]
[use_quantized_grad: 0]
[num_grad_quant_bins: 4]
[quant_train_renew_leaf: 0]
[stochastic_rounding: 1]
[linear_tree: 0]
[max_bin: 255]
[max_bin_by_feature: ]
[min_data_in_bin: 3]
[bin_construct_sample_cnt: 200000]
[data_random_seed: 1]
[is_enable_sparse: 1]
[enable_bundle: 1]
[use_missing: 1]
[zero_as_missing: 0]
[feature_pre_filter: 1]
[pre_partition: 0]
[two_round: 0]
[header: 0]
[label_column: ]
[weight_column: ]
[group_column: ]
[ignore_column: ]
[categorical_feature: ]
[forcedbins_filename: ]
[precise_float_parser: 0]
[parser_config_file: ]
[objective_seed: 5]
[num_class: 1]
[is_unbalance: 0]
[scale_pos_weight: 1]
[sigmoid: 1]
[boost_from_average: 1]
[reg_sqrt: 0]
[alpha: 0.9]
[fair_c: 1]
[poisson_max_delta_step: 0.7]
[tweedie_variance_power: 1.5]
[lambdarank_truncation_level: 30]
[lambdarank_norm: 1]
[label_gain: ]
[lambdarank_position_bias_regularization: 0]
[eval_at: ]
[multi_error_top_k: 1]
[auc_mu_weights: ]
[num_machines: 1]
[local_listen_port: 12400]
[time_out: 120]
[machine_list_filename: ]
[machines: ]
[gpu_platform_id: -1]
[gpu_device_id: -1]
[gpu_use_dp: 0]
[num_gpu: 1]

end of parameters

pandas_categorical:[]
